gnrl_p_,id,edt_g__,zoning
PARKS & PUBLIC OPEN SPACE,0,PARKS & PUBLIC OPEN SPACE,0
PARKS & PUBLIC OPEN SPACE,1,PARKS & PUBLIC OPEN SPACE,0
PARKS & PUBLIC OPEN SPACE,2,PARKS & PUBLIC OPEN SPACE,0
BUSINESS PARK,3,BUSINESS PARK,0
BUSINESS PARK,4,BUSINESS PARK,0
BUSINESS PARK,5,BUSINESS PARK,0
PARKS & PUBLIC OPEN SPACE,6,PARKS & PUBLIC OPEN SPACE,0
PARKS & PUBLIC OPEN SPACE,7,PARKS & PUBLIC OPEN SPACE,0
BUSINESS PARK,8,BUSINESS PARK,0
LOW-DENSITY RESIDENTIAL,9,LOW-DENSITY RESIDENTIAL,1
MEDIUM-DENSITY RESIDENTIAL,10,MEDIUM-DENSITY RESIDENTIAL,2
LOW-DENSITY RESIDENTIAL,11,LOW-DENSITY RESIDENTIAL,1
LOW-DENSITY RESIDENTIAL,12,LOW-DENSITY RESIDENTIAL,1
BUSINESS PARK,13,BUSINESS PARK,0
MEDIUM-DENSITY RESIDENTIAL,14,MEDIUM-DENSITY RESIDENTIAL,2
MEDIUM-DENSITY RESIDENTIAL,15,MEDIUM-DENSITY RESIDENTIAL,2
MEDIUM-DENSITY RESIDENTIAL,16,MEDIUM-DENSITY RESIDENTIAL,2
LOW-DENSITY RESIDENTIAL,17,LOW-DENSITY RESIDENTIAL,1
MEDIUM-DENSITY RESIDENTIAL,18,MEDIUM-DENSITY RESIDENTIAL,2
LOW-DENSITY RESIDENTIAL,19,LOW-DENSITY RESIDENTIAL,1
LOW-DENSITY RESIDENTIAL,20,LOW-DENSITY RESIDENTIAL,1
LOW-DENSITY RESIDENTIAL,21,LOW-DENSITY RESIDENTIAL,1
LOW-DENSITY RESIDENTIAL,22,LOW-DENSITY RESIDENTIAL,1
LOW-DENSITY RESIDENTIAL,23,LOW-DENSITY RESIDENTIAL,1
PUBLIC/INSTITUTIONAL/SCHOOL,24,PUBLIC/INSTITUTIONAL/SCHOOL,0
LOW-DENSITY RESIDENTIAL,25,LOW-DENSITY RESIDENTIAL,1
LOW-DENSITY RESIDENTIAL,26,LOW-DENSITY RESIDENTIAL,1
LOW-DENSITY RESIDENTIAL,27,LOW-DENSITY RESIDENTIAL,1
LOW-DENSITY RESIDENTIAL,28,LOW-DENSITY RESIDENTIAL,1
PARKS & PUBLIC OPEN SPACE,29,PARKS & PUBLIC OPEN SPACE,0
MEDIUM-DENSITY RESIDENTIAL,30,MEDIUM-DENSITY RESIDENTIAL,2
PARKS & PUBLIC OPEN SPACE,31,PARKS & PUBLIC OPEN SPACE,0
PUBLIC/INSTITUTIONAL/SCHOOL,32,PUBLIC/INSTITUTIONAL/SCHOOL,0
MEDIUM-DENSITY RESIDENTIAL,33,MEDIUM-DENSITY RESIDENTIAL,2
PARKS & PUBLIC OPEN SPACE,34,PARKS & PUBLIC OPEN SPACE,0
COMMUNITY COMMERCIAL,35,COMMUNITY COMMERCIAL,0
PARKS & PUBLIC OPEN SPACE,36,PARKS & PUBLIC OPEN SPACE,0
LOW-DENSITY RESIDENTIAL,37,LOW-DENSITY RESIDENTIAL,1
LOW-DENSITY RESIDENTIAL,38,LOW-DENSITY RESIDENTIAL,1
PARKS & PUBLIC OPEN SPACE,39,PARKS & PUBLIC OPEN SPACE,0
LOW-DENSITY RESIDENTIAL,40,LOW-DENSITY RESIDENTIAL,1
LOW-DENSITY RESIDENTIAL,41,LOW-DENSITY RESIDENTIAL,1
LOW-DENSITY RESIDENTIAL,42,LOW-DENSITY RESIDENTIAL,1
LOW-DENSITY RESIDENTIAL,43,LOW-DENSITY RESIDENTIAL,1
LOW-DENSITY RESIDENTIAL,44,LOW-DENSITY RESIDENTIAL,1
LOW-DENSITY RESIDENTIAL,45,LOW-DENSITY RESIDENTIAL,1
OPEN SPACE/HABITAT,46,OPEN SPACE/HABITAT,0
MEDIUM-DENSITY RESIDENTIAL,47,MEDIUM-DENSITY RESIDENTIAL,2
MEDIUM-DENSITY RESIDENTIAL,48,MEDIUM-DENSITY RESIDENTIAL,2
LOW-DENSITY RESIDENTIAL,49,LOW-DENSITY RESIDENTIAL,1
MEDIUM-DENSITY RESIDENTIAL,50,MEDIUM-DENSITY RESIDENTIAL,2
LOW-DENSITY RESIDENTIAL,51,LOW-DENSITY RESIDENTIAL,1
PARKS & PUBLIC OPEN SPACE,52,PARKS & PUBLIC OPEN SPACE,0
MEDIUM-DENSITY RESIDENTIAL,53,MEDIUM-DENSITY RESIDENTIAL,2
LOW-DENSITY RESIDENTIAL,54,LOW-DENSITY RESIDENTIAL,1
COMMERCIAL RECREATION,55,COMMERCIAL RECREATION,0
LOW-DENSITY RESIDENTIAL,56,LOW-DENSITY RESIDENTIAL,1
GENERAL INDUSTRY,57,GENERAL INDUSTRY,0
OPEN SPACE/HABITAT,58,OPEN SPACE/HABITAT,0
LOW-DENSITY RESIDENTIAL,59,LOW-DENSITY RESIDENTIAL,1
PARKS & PUBLIC OPEN SPACE,60,PARKS & PUBLIC OPEN SPACE,0
LOW-DENSITY RESIDENTIAL,61,LOW-DENSITY RESIDENTIAL,1
LOW-DENSITY RESIDENTIAL,62,LOW-DENSITY RESIDENTIAL,1
MEDIUM-DENSITY RESIDENTIAL,63,MEDIUM-DENSITY RESIDENTIAL,2
LOW-DENSITY RESIDENTIAL,64,LOW-DENSITY RESIDENTIAL,1
LOW-DENSITY RESIDENTIAL,65,LOW-DENSITY RESIDENTIAL,1
LOW-DENSITY RESIDENTIAL,66,LOW-DENSITY RESIDENTIAL,1
LOW-DENSITY RESIDENTIAL,67,LOW-DENSITY RESIDENTIAL,1
LOW-DENSITY RESIDENTIAL,68,LOW-DENSITY RESIDENTIAL,1
LOW-DENSITY RESIDENTIAL,69,LOW-DENSITY RESIDENTIAL,1
LOW-DENSITY RESIDENTIAL,70,LOW-DENSITY RESIDENTIAL,1
LOW-DENSITY RESIDENTIAL,71,LOW-DENSITY RESIDENTIAL,1
LOW-DENSITY RESIDENTIAL,72,LOW-DENSITY RESIDENTIAL,1
COMMUNITY COMMERCIAL,73,COMMUNITY COMMERCIAL,0
NEIGHBORHOOD BUSINESS,74,NEIGHBORHOOD BUSINESS,0
MEDIUM-DENSITY RESIDENTIAL,75,MEDIUM-DENSITY RESIDENTIAL,2
LOW-DENSITY RESIDENTIAL,76,LOW-DENSITY RESIDENTIAL,1
MEDIUM-DENSITY RESIDENTIAL,77,MEDIUM-DENSITY RESIDENTIAL,2
MEDIUM-DENSITY RESIDENTIAL,78,MEDIUM-DENSITY RESIDENTIAL,2
LOW-DENSITY RESIDENTIAL,79,LOW-DENSITY RESIDENTIAL,1
MEDIUM-DENSITY RESIDENTIAL,80,MEDIUM-DENSITY RESIDENTIAL,2
LOW-DENSITY RESIDENTIAL,81,LOW-DENSITY RESIDENTIAL,1
OFFICE,82,OFFICE,0
COMMUNITY COMMERCIAL,83,COMMUNITY COMMERCIAL,0
LOW-DENSITY RESIDENTIAL,84,LOW-DENSITY RESIDENTIAL,1
OPEN SPACE/HABITAT,85,OPEN SPACE/HABITAT,0
LOW-DENSITY RESIDENTIAL,86,LOW-DENSITY RESIDENTIAL,1
LOW-DENSITY RESIDENTIAL,87,LOW-DENSITY RESIDENTIAL,1
LOW-DENSITY RESIDENTIAL,88,LOW-DENSITY RESIDENTIAL,1
LOW-DENSITY RESIDENTIAL,89,LOW-DENSITY RESIDENTIAL,1
LOW-DENSITY RESIDENTIAL,90,LOW-DENSITY RESIDENTIAL,1
LOW-DENSITY RESIDENTIAL,91,LOW-DENSITY RESIDENTIAL,1
LOW-DENSITY RESIDENTIAL,92,LOW-DENSITY RESIDENTIAL,1
PUBLIC/INSTITUTIONAL/SCHOOL,93,PUBLIC/INSTITUTIONAL/SCHOOL,0
LOW-DENSITY RESIDENTIAL,94,LOW-DENSITY RESIDENTIAL,1
LOW-DENSITY RESIDENTIAL,95,LOW-DENSITY RESIDENTIAL,1
LOW-DENSITY RESIDENTIAL,96,LOW-DENSITY RESIDENTIAL,1
MEDIUM-DENSITY RESIDENTIAL,97,MEDIUM-DENSITY RESIDENTIAL,2
MEDIUM-DENSITY RESIDENTIAL,98,MEDIUM-DENSITY RESIDENTIAL,2
PARKS & PUBLIC OPEN SPACE,99,PARKS & PUBLIC OPEN SPACE,0
LOW-DENSITY RESIDENTIAL,100,LOW-DENSITY RESIDENTIAL,1
MEDIUM-DENSITY RESIDENTIAL,101,MEDIUM-DENSITY RESIDENTIAL,2
MEDIUM-DENSITY RESIDENTIAL,102,MEDIUM-DENSITY RESIDENTIAL,2
LOW-DENSITY RESIDENTIAL,103,LOW-DENSITY RESIDENTIAL,1
LOW-DENSITY RESIDENTIAL,104,LOW-DENSITY RESIDENTIAL,1
LOW-DENSITY RESIDENTIAL,105,LOW-DENSITY RESIDENTIAL,1
LOW-DENSITY RESIDENTIAL,106,LOW-DENSITY RESIDENTIAL,1
LOW-DENSITY RESIDENTIAL,107,LOW-DENSITY RESIDENTIAL,1
LOW-DENSITY RESIDENTIAL,108,LOW-DENSITY RESIDENTIAL,1
LOW-DENSITY RESIDENTIAL,109,LOW-DENSITY RESIDENTIAL,1
LOW-DENSITY RESIDENTIAL,110,LOW-DENSITY RESIDENTIAL,1
LOW-DENSITY RESIDENTIAL,111,LOW-DENSITY RESIDENTIAL,1
LOW-DENSITY RESIDENTIAL,112,LOW-DENSITY RESIDENTIAL,1
LOW-DENSITY RESIDENTIAL,113,LOW-DENSITY RESIDENTIAL,1
LOW-DENSITY RESIDENTIAL,114,LOW-DENSITY RESIDENTIAL,1
LOW-DENSITY RESIDENTIAL,115,LOW-DENSITY RESIDENTIAL,1
LOW-DENSITY RESIDENTIAL,116,LOW-DENSITY RESIDENTIAL,1
LOW-DENSITY RESIDENTIAL,117,LOW-DENSITY RESIDENTIAL,1
LOW-DENSITY RESIDENTIAL,118,LOW-DENSITY RESIDENTIAL,1
LOW-DENSITY RESIDENTIAL,119,LOW-DENSITY RESIDENTIAL,1
LOW-DENSITY RESIDENTIAL,120,LOW-DENSITY RESIDENTIAL,1
LOW-DENSITY RESIDENTIAL,121,LOW-DENSITY RESIDENTIAL,1
LOW-DENSITY RESIDENTIAL,122,LOW-DENSITY RESIDENTIAL,1
LOW-DENSITY RESIDENTIAL,123,LOW-DENSITY RESIDENTIAL,1
LOW-DENSITY RESIDENTIAL,124,LOW-DENSITY RESIDENTIAL,1
LOW-DENSITY RESIDENTIAL,125,LOW-DENSITY RESIDENTIAL,1
LOW-DENSITY RESIDENTIAL,126,LOW-DENSITY RESIDENTIAL,1
LOW-DENSITY RESIDENTIAL,127,LOW-DENSITY RESIDENTIAL,1
LOW-DENSITY RESIDENTIAL,128,LOW-DENSITY RESIDENTIAL,1
MEDIUM-DENSITY RESIDENTIAL,129,MEDIUM-DENSITY RESIDENTIAL,2
PUBLIC/INSTITUTIONAL/SCHOOL,130,PUBLIC/INSTITUTIONAL/SCHOOL,0
MEDIUM-DENSITY RESIDENTIAL,131,MEDIUM-DENSITY RESIDENTIAL,2
LOW-DENSITY RESIDENTIAL,132,LOW-DENSITY RESIDENTIAL,1
MEDIUM-DENSITY RESIDENTIAL,133,MEDIUM-DENSITY RESIDENTIAL,2
MEDIUM-DENSITY RESIDENTIAL,134,MEDIUM-DENSITY RESIDENTIAL,2
MEDIUM-DENSITY RESIDENTIAL,135,MEDIUM-DENSITY RESIDENTIAL,2
MEDIUM-DENSITY RESIDENTIAL,136,MEDIUM-DENSITY RESIDENTIAL,2
LOW-DENSITY RESIDENTIAL,137,LOW-DENSITY RESIDENTIAL,1
LOW-DENSITY RESIDENTIAL,138,LOW-DENSITY RESIDENTIAL,1
LOW-DENSITY RESIDENTIAL,139,LOW-DENSITY RESIDENTIAL,1
MEDIUM-DENSITY RESIDENTIAL,140,MEDIUM-DENSITY RESIDENTIAL,2
COMMUNITY COMMERCIAL,141,COMMUNITY COMMERCIAL,0
LOW-DENSITY RESIDENTIAL,142,LOW-DENSITY RESIDENTIAL,1
LOW-DENSITY RESIDENTIAL,143,LOW-DENSITY RESIDENTIAL,1
LOW-DENSITY RESIDENTIAL,144,LOW-DENSITY RESIDENTIAL,1
LOW-DENSITY RESIDENTIAL,145,LOW-DENSITY RESIDENTIAL,1
LOW-DENSITY RESIDENTIAL,146,LOW-DENSITY RESIDENTIAL,1
LOW-DENSITY RESIDENTIAL,147,LOW-DENSITY RESIDENTIAL,1
LOW-DENSITY RESIDENTIAL,148,LOW-DENSITY RESIDENTIAL,1
LOW-DENSITY RESIDENTIAL,149,LOW-DENSITY RESIDENTIAL,1
LOW-DENSITY RESIDENTIAL,150,LOW-DENSITY RESIDENTIAL,1
LOW-DENSITY RESIDENTIAL,151,LOW-DENSITY RESIDENTIAL,1
LOW-DENSITY RESIDENTIAL,152,LOW-DENSITY RESIDENTIAL,1
LOW-DENSITY RESIDENTIAL,153,LOW-DENSITY RESIDENTIAL,1
MEDIUM-DENSITY RESIDENTIAL,154,MEDIUM-DENSITY RESIDENTIAL,2
MEDIUM-DENSITY RESIDENTIAL,155,MEDIUM-DENSITY RESIDENTIAL,2
MEDIUM-DENSITY RESIDENTIAL,156,MEDIUM-DENSITY RESIDENTIAL,2
OFFICE,157,OFFICE,0
LOW-DENSITY RESIDENTIAL,158,LOW-DENSITY RESIDENTIAL,1
LOW-DENSITY RESIDENTIAL,159,LOW-DENSITY RESIDENTIAL,1
LOW-DENSITY RESIDENTIAL,160,LOW-DENSITY RESIDENTIAL,1
PARKS & PUBLIC OPEN SPACE,161,PARKS & PUBLIC OPEN SPACE,0
LOW-DENSITY RESIDENTIAL,162,LOW-DENSITY RESIDENTIAL,1
LOW-DENSITY RESIDENTIAL,163,LOW-DENSITY RESIDENTIAL,1
PARKS & PUBLIC OPEN SPACE,164,PARKS & PUBLIC OPEN SPACE,0
MEDIUM-DENSITY RESIDENTIAL,165,MEDIUM-DENSITY RESIDENTIAL,2
LOW-DENSITY RESIDENTIAL,166,LOW-DENSITY RESIDENTIAL,1
LOW-DENSITY RESIDENTIAL,167,LOW-DENSITY RESIDENTIAL,1
LOW-DENSITY RESIDENTIAL,168,LOW-DENSITY RESIDENTIAL,1
LOW-DENSITY RESIDENTIAL,169,LOW-DENSITY RESIDENTIAL,1
LOW-DENSITY RESIDENTIAL,170,LOW-DENSITY RESIDENTIAL,1
LOW-DENSITY RESIDENTIAL,171,LOW-DENSITY RESIDENTIAL,1
MEDIUM-DENSITY RESIDENTIAL,172,MEDIUM-DENSITY RESIDENTIAL,2
MEDIUM-DENSITY RESIDENTIAL,173,MEDIUM-DENSITY RESIDENTIAL,2
MEDIUM-DENSITY RESIDENTIAL,174,MEDIUM-DENSITY RESIDENTIAL,2
LOW-DENSITY RESIDENTIAL,175,LOW-DENSITY RESIDENTIAL,1
MEDIUM-DENSITY RESIDENTIAL,176,MEDIUM-DENSITY RESIDENTIAL,2
PARKS & PUBLIC OPEN SPACE,177,PARKS & PUBLIC OPEN SPACE,0
PARKS & PUBLIC OPEN SPACE,178,PARKS & PUBLIC OPEN SPACE,0
LOW-DENSITY RESIDENTIAL,179,LOW-DENSITY RESIDENTIAL,1
MEDIUM-DENSITY RESIDENTIAL,180,MEDIUM-DENSITY RESIDENTIAL,2
PUBLIC/INSTITUTIONAL/SCHOOL,181,PUBLIC/INSTITUTIONAL/SCHOOL,0
MEDIUM-DENSITY RESIDENTIAL,182,MEDIUM-DENSITY RESIDENTIAL,2
PARKS & PUBLIC OPEN SPACE,183,PARKS & PUBLIC OPEN SPACE,0
COMMERCIAL RECREATION,184,COMMERCIAL RECREATION,0
MEDIUM-DENSITY RESIDENTIAL,185,MEDIUM-DENSITY RESIDENTIAL,2
PARKS & PUBLIC OPEN SPACE,186,PARKS & PUBLIC OPEN SPACE,0
LOW-DENSITY RESIDENTIAL,187,LOW-DENSITY RESIDENTIAL,1
LOW-DENSITY RESIDENTIAL,188,LOW-DENSITY RESIDENTIAL,1
PARKS & PUBLIC OPEN SPACE,189,PARKS & PUBLIC OPEN SPACE,0
LOW-DENSITY RESIDENTIAL,190,LOW-DENSITY RESIDENTIAL,1
LOW-DENSITY RESIDENTIAL,191,LOW-DENSITY RESIDENTIAL,1
PARKS & PUBLIC OPEN SPACE,192,PARKS & PUBLIC OPEN SPACE,0
LOW-DENSITY RESIDENTIAL,193,LOW-DENSITY RESIDENTIAL,1
LOW-DENSITY RESIDENTIAL,194,LOW-DENSITY RESIDENTIAL,1
LOW-DENSITY RESIDENTIAL,195,LOW-DENSITY RESIDENTIAL,1
LOW-DENSITY RESIDENTIAL,196,LOW-DENSITY RESIDENTIAL,1
LOW-DENSITY RESIDENTIAL,197,LOW-DENSITY RESIDENTIAL,1
PUBLIC/INSTITUTIONAL/SCHOOL,198,PUBLIC/INSTITUTIONAL/SCHOOL,0
PARKS & PUBLIC OPEN SPACE,199,PARKS & PUBLIC OPEN SPACE,0
LOW-DENSITY RESIDENTIAL,200,LOW-DENSITY RESIDENTIAL,1
LOW-DENSITY RESIDENTIAL,201,LOW-DENSITY RESIDENTIAL,1
LOW-DENSITY RESIDENTIAL,202,LOW-DENSITY RESIDENTIAL,1
LOW-DENSITY RESIDENTIAL,203,LOW-DENSITY RESIDENTIAL,1
LOW-DENSITY RESIDENTIAL,204,LOW-DENSITY RESIDENTIAL,1
LOW-DENSITY RESIDENTIAL,205,LOW-DENSITY RESIDENTIAL,1
LOW-DENSITY RESIDENTIAL,206,LOW-DENSITY RESIDENTIAL,1
LOW-DENSITY RESIDENTIAL,207,LOW-DENSITY RESIDENTIAL,1
LOW-DENSITY RESIDENTIAL,208,LOW-DENSITY RESIDENTIAL,1
LOW-DENSITY RESIDENTIAL,209,LOW-DENSITY RESIDENTIAL,1
LOW-DENSITY RESIDENTIAL,210,LOW-DENSITY RESIDENTIAL,1
LOW-DENSITY RESIDENTIAL,211,LOW-DENSITY RESIDENTIAL,1
LOW-DENSITY RESIDENTIAL,212,LOW-DENSITY RESIDENTIAL,1
LOW-DENSITY RESIDENTIAL,213,LOW-DENSITY RESIDENTIAL,1
LOW-DENSITY RESIDENTIAL,214,LOW-DENSITY RESIDENTIAL,1
LOW-DENSITY RESIDENTIAL,215,LOW-DENSITY RESIDENTIAL,1
LOW-DENSITY RESIDENTIAL,216,LOW-DENSITY RESIDENTIAL,1
NEIGHBORHOOD BUSINESS,217,NEIGHBORHOOD BUSINESS,0
LOW-DENSITY RESIDENTIAL,218,LOW-DENSITY RESIDENTIAL,1
PUBLIC/INSTITUTIONAL/SCHOOL,219,PUBLIC/INSTITUTIONAL/SCHOOL,0
LOW-DENSITY RESIDENTIAL,220,LOW-DENSITY RESIDENTIAL,1
MEDIUM-DENSITY RESIDENTIAL,221,MEDIUM-DENSITY RESIDENTIAL,2
LOW-DENSITY RESIDENTIAL,222,LOW-DENSITY RESIDENTIAL,1
LOW-DENSITY RESIDENTIAL,223,LOW-DENSITY RESIDENTIAL,1
LOW-DENSITY RESIDENTIAL,224,LOW-DENSITY RESIDENTIAL,1
LOW-DENSITY RESIDENTIAL,225,LOW-DENSITY RESIDENTIAL,1
LOW-DENSITY RESIDENTIAL,226,LOW-DENSITY RESIDENTIAL,1
LOW-DENSITY RESIDENTIAL,227,LOW-DENSITY RESIDENTIAL,1
LOW-DENSITY RESIDENTIAL,228,LOW-DENSITY RESIDENTIAL,1
MEDIUM-DENSITY RESIDENTIAL,229,MEDIUM-DENSITY RESIDENTIAL,2
LOW-DENSITY RESIDENTIAL,230,LOW-DENSITY RESIDENTIAL,1
LOW-DENSITY RESIDENTIAL,231,LOW-DENSITY RESIDENTIAL,1
LOW-DENSITY RESIDENTIAL,232,LOW-DENSITY RESIDENTIAL,1
LOW-DENSITY RESIDENTIAL,233,LOW-DENSITY RESIDENTIAL,1
LOW-DENSITY RESIDENTIAL,234,LOW-DENSITY RESIDENTIAL,1
LOW-DENSITY RESIDENTIAL,235,LOW-DENSITY RESIDENTIAL,1
LOW-DENSITY RESIDENTIAL,236,LOW-DENSITY RESIDENTIAL,1
LOW-DENSITY RESIDENTIAL,237,LOW-DENSITY RESIDENTIAL,1
LOW-DENSITY RESIDENTIAL,238,LOW-DENSITY RESIDENTIAL,1
LOW-DENSITY RESIDENTIAL,239,LOW-DENSITY RESIDENTIAL,1
LOW-DENSITY RESIDENTIAL,240,LOW-DENSITY RESIDENTIAL,1
LOW-DENSITY RESIDENTIAL,241,LOW-DENSITY RESIDENTIAL,1
LOW-DENSITY RESIDENTIAL,242,LOW-DENSITY RESIDENTIAL,1
LOW-DENSITY RESIDENTIAL,243,LOW-DENSITY RESIDENTIAL,1
LOW-DENSITY RESIDENTIAL,244,LOW-DENSITY RESIDENTIAL,1
NEIGHBORHOOD BUSINESS,245,NEIGHBORHOOD BUSINESS,0
MEDIUM-DENSITY RESIDENTIAL,246,MEDIUM-DENSITY RESIDENTIAL,2
LOW-DENSITY RESIDENTIAL,247,LOW-DENSITY RESIDENTIAL,1
LOW-DENSITY RESIDENTIAL,248,LOW-DENSITY RESIDENTIAL,1
LOW-DENSITY RESIDENTIAL,249,LOW-DENSITY RESIDENTIAL,1
LOW-DENSITY RESIDENTIAL,250,LOW-DENSITY RESIDENTIAL,1
NEIGHBORHOOD BUSINESS,251,NEIGHBORHOOD BUSINESS,0
NEIGHBORHOOD BUSINESS,252,NEIGHBORHOOD BUSINESS,0
NEIGHBORHOOD BUSINESS,253,NEIGHBORHOOD BUSINESS,0
NEIGHBORHOOD BUSINESS,254,NEIGHBORHOOD BUSINESS,0
MEDIUM-DENSITY RESIDENTIAL,255,MEDIUM-DENSITY RESIDENTIAL,2
NEIGHBORHOOD BUSINESS,256,NEIGHBORHOOD BUSINESS,0
LOW-DENSITY RESIDENTIAL,257,LOW-DENSITY RESIDENTIAL,1
MEDIUM-DENSITY RESIDENTIAL,258,MEDIUM-DENSITY RESIDENTIAL,2
MEDIUM-DENSITY RESIDENTIAL,259,MEDIUM-DENSITY RESIDENTIAL,2
LOW-DENSITY RESIDENTIAL,260,LOW-DENSITY RESIDENTIAL,1
LOW-DENSITY RESIDENTIAL,261,LOW-DENSITY RESIDENTIAL,1
LOW-DENSITY RESIDENTIAL,262,LOW-DENSITY RESIDENTIAL,1
LOW-DENSITY RESIDENTIAL,263,LOW-DENSITY RESIDENTIAL,1
LOW-DENSITY RESIDENTIAL,264,LOW-DENSITY RESIDENTIAL,1
PARKS & PUBLIC OPEN SPACE,265,PARKS & PUBLIC OPEN SPACE,0
LOW-DENSITY RESIDENTIAL,266,LOW-DENSITY RESIDENTIAL,1
MEDIUM-DENSITY RESIDENTIAL,267,MEDIUM-DENSITY RESIDENTIAL,2
LOW-DENSITY RESIDENTIAL,268,LOW-DENSITY RESIDENTIAL,1
LOW-DENSITY RESIDENTIAL,269,LOW-DENSITY RESIDENTIAL,1
LOW-DENSITY RESIDENTIAL,270,LOW-DENSITY RESIDENTIAL,1
NEIGHBORHOOD BUSINESS,271,NEIGHBORHOOD BUSINESS,0
MEDIUM-DENSITY RESIDENTIAL,272,MEDIUM-DENSITY RESIDENTIAL,2
LOW-DENSITY RESIDENTIAL,273,LOW-DENSITY RESIDENTIAL,1
MEDIUM-DENSITY RESIDENTIAL,274,MEDIUM-DENSITY RESIDENTIAL,2
LOW-DENSITY RESIDENTIAL,275,LOW-DENSITY RESIDENTIAL,1
LOW-DENSITY RESIDENTIAL,276,LOW-DENSITY RESIDENTIAL,1
MEDIUM-DENSITY RESIDENTIAL,277,MEDIUM-DENSITY RESIDENTIAL,2
LOW-DENSITY RESIDENTIAL,278,LOW-DENSITY RESIDENTIAL,1
NEIGHBORHOOD BUSINESS,279,NEIGHBORHOOD BUSINESS,0
MEDIUM-DENSITY RESIDENTIAL,280,MEDIUM-DENSITY RESIDENTIAL,2
LOW-DENSITY RESIDENTIAL,281,LOW-DENSITY RESIDENTIAL,1
MEDIUM-DENSITY RESIDENTIAL,282,MEDIUM-DENSITY RESIDENTIAL,2
PARKS & PUBLIC OPEN SPACE,283,PARKS & PUBLIC OPEN SPACE,0
MIXED USE,284,MIXED USE,0
OPEN SPACE/HABITAT,285,OPEN SPACE/HABITAT,0
PARKS & PUBLIC OPEN SPACE,286,PARKS & PUBLIC OPEN SPACE,0
PUBLIC/INSTITUTIONAL/SCHOOL,287,PUBLIC/INSTITUTIONAL/SCHOOL,0
COMMERCIAL RECREATION,288,COMMERCIAL RECREATION,0
COMMERCIAL RECREATION,289,COMMERCIAL RECREATION,0
MIXED USE-3,290,MIXED USE-3,0
MEDIUM-DENSITY RESIDENTIAL,291,MEDIUM-DENSITY RESIDENTIAL,2
MEDIUM-DENSITY RESIDENTIAL,292,MEDIUM-DENSITY RESIDENTIAL,2
MEDIUM-DENSITY RESIDENTIAL,293,MEDIUM-DENSITY RESIDENTIAL,2
LOW-DENSITY RESIDENTIAL,294,LOW-DENSITY RESIDENTIAL,1
MEDIUM-DENSITY RESIDENTIAL,295,MEDIUM-DENSITY RESIDENTIAL,2
MEDIUM-DENSITY RESIDENTIAL,296,MEDIUM-DENSITY RESIDENTIAL,2
PUBLIC/INSTITUTIONAL/SCHOOL,297,PUBLIC/INSTITUTIONAL/SCHOOL,0
LOW-DENSITY RESIDENTIAL,298,LOW-DENSITY RESIDENTIAL,1
LOW-DENSITY RESIDENTIAL,299,LOW-DENSITY RESIDENTIAL,1
LOW-DENSITY RESIDENTIAL,300,LOW-DENSITY RESIDENTIAL,1
LOW-DENSITY RESIDENTIAL,301,LOW-DENSITY RESIDENTIAL,1
LOW-DENSITY RESIDENTIAL,302,LOW-DENSITY RESIDENTIAL,1
LOW-DENSITY RESIDENTIAL,303,LOW-DENSITY RESIDENTIAL,1
LOW-DENSITY RESIDENTIAL,304,LOW-DENSITY RESIDENTIAL,1
LOW-DENSITY RESIDENTIAL,305,LOW-DENSITY RESIDENTIAL,1
LOW-DENSITY RESIDENTIAL,306,LOW-DENSITY RESIDENTIAL,1
OFFICE,307,OFFICE,0
PARKS & PUBLIC OPEN SPACE,308,PARKS & PUBLIC OPEN SPACE,0
PARKS & PUBLIC OPEN SPACE,309,PARKS & PUBLIC OPEN SPACE,0
PARKS & PUBLIC OPEN SPACE,310,PARKS & PUBLIC OPEN SPACE,0
MEDIUM-DENSITY RESIDENTIAL,311,MEDIUM-DENSITY RESIDENTIAL,2
MEDIUM-DENSITY RESIDENTIAL,312,MEDIUM-DENSITY RESIDENTIAL,2
PUBLIC/INSTITUTIONAL/SCHOOL,313,PUBLIC/INSTITUTIONAL/SCHOOL,0
FEDERAL FACILITIES,314,FEDERAL FACILITIES,0
PARKS & PUBLIC OPEN SPACE,315,PARKS & PUBLIC OPEN SPACE,0
NEIGHBORHOOD BUSINESS,316,NEIGHBORHOOD BUSINESS,0
MEDIUM-DENSITY RESIDENTIAL,317,MEDIUM-DENSITY RESIDENTIAL,2
LOW-DENSITY RESIDENTIAL,318,LOW-DENSITY RESIDENTIAL,1
LOW-DENSITY RESIDENTIAL,319,LOW-DENSITY RESIDENTIAL,1
LOW-DENSITY RESIDENTIAL,320,LOW-DENSITY RESIDENTIAL,1
LOW-DENSITY RESIDENTIAL,321,LOW-DENSITY RESIDENTIAL,1
LOW-DENSITY RESIDENTIAL,322,LOW-DENSITY RESIDENTIAL,1
LOW-DENSITY RESIDENTIAL,323,LOW-DENSITY RESIDENTIAL,1
LOW-DENSITY RESIDENTIAL,324,LOW-DENSITY RESIDENTIAL,1
LOW-DENSITY RESIDENTIAL,325,LOW-DENSITY RESIDENTIAL,1
LOW-DENSITY RESIDENTIAL,326,LOW-DENSITY RESIDENTIAL,1
LOW-DENSITY RESIDENTIAL,327,LOW-DENSITY RESIDENTIAL,1
LOW-DENSITY RESIDENTIAL,328,LOW-DENSITY RESIDENTIAL,1
LOW-DENSITY RESIDENTIAL,329,LOW-DENSITY RESIDENTIAL,1
MEDIUM-DENSITY RESIDENTIAL,330,MEDIUM-DENSITY RESIDENTIAL,2
MEDIUM-DENSITY RESIDENTIAL,331,MEDIUM-DENSITY RESIDENTIAL,2
MEDIUM-DENSITY RESIDENTIAL,332,MEDIUM-DENSITY RESIDENTIAL,2
MEDIUM-DENSITY RESIDENTIAL,333,MEDIUM-DENSITY RESIDENTIAL,2
LOW-DENSITY RESIDENTIAL,334,LOW-DENSITY RESIDENTIAL,1
LOW-DENSITY RESIDENTIAL,335,LOW-DENSITY RESIDENTIAL,1
MEDIUM-DENSITY RESIDENTIAL,336,MEDIUM-DENSITY RESIDENTIAL,2
MEDIUM-DENSITY RESIDENTIAL,337,MEDIUM-DENSITY RESIDENTIAL,2
LOW-DENSITY RESIDENTIAL,338,LOW-DENSITY RESIDENTIAL,1
MEDIUM-DENSITY RESIDENTIAL,339,MEDIUM-DENSITY RESIDENTIAL,2
MEDIUM-DENSITY RESIDENTIAL,340,MEDIUM-DENSITY RESIDENTIAL,2
MEDIUM-DENSITY RESIDENTIAL,341,MEDIUM-DENSITY RESIDENTIAL,2
LOW-DENSITY RESIDENTIAL,342,LOW-DENSITY RESIDENTIAL,1
MEDIUM-DENSITY RESIDENTIAL,343,MEDIUM-DENSITY RESIDENTIAL,2
PARKS & PUBLIC OPEN SPACE,344,PARKS & PUBLIC OPEN SPACE,0
PUBLIC/INSTITUTIONAL/SCHOOL,345,PUBLIC/INSTITUTIONAL/SCHOOL,0
MEDIUM-DENSITY RESIDENTIAL,346,MEDIUM-DENSITY RESIDENTIAL,2
LOW-DENSITY RESIDENTIAL,347,LOW-DENSITY RESIDENTIAL,1
PARKS & PUBLIC OPEN SPACE,348,PARKS & PUBLIC OPEN SPACE,0
MEDIUM-DENSITY RESIDENTIAL,349,MEDIUM-DENSITY RESIDENTIAL,2
MEDIUM-DENSITY RESIDENTIAL,350,MEDIUM-DENSITY RESIDENTIAL,2
COMMUNITY COMMERCIAL,351,COMMUNITY COMMERCIAL,0
COMMUNITY COMMERCIAL,352,COMMUNITY COMMERCIAL,0
MEDIUM-DENSITY RESIDENTIAL,353,MEDIUM-DENSITY RESIDENTIAL,2
COMMUNITY COMMERCIAL,354,COMMUNITY COMMERCIAL,0
MEDIUM-DENSITY RESIDENTIAL,355,MEDIUM-DENSITY RESIDENTIAL,2
LOW-DENSITY RESIDENTIAL,356,LOW-DENSITY RESIDENTIAL,1
LOW-DENSITY RESIDENTIAL,357,LOW-DENSITY RESIDENTIAL,1
MEDIUM-DENSITY RESIDENTIAL,358,MEDIUM-DENSITY RESIDENTIAL,2
LOW-DENSITY RESIDENTIAL,359,LOW-DENSITY RESIDENTIAL,1
LOW-DENSITY RESIDENTIAL,360,LOW-DENSITY RESIDENTIAL,1
LOW-DENSITY RESIDENTIAL,361,LOW-DENSITY RESIDENTIAL,1
LOW-DENSITY RESIDENTIAL,362,LOW-DENSITY RESIDENTIAL,1
MEDIUM-DENSITY RESIDENTIAL,363,MEDIUM-DENSITY RESIDENTIAL,2
MEDIUM-DENSITY RESIDENTIAL,364,MEDIUM-DENSITY RESIDENTIAL,2
MEDIUM-DENSITY RESIDENTIAL,365,MEDIUM-DENSITY RESIDENTIAL,2
MEDIUM-DENSITY RESIDENTIAL,366,MEDIUM-DENSITY RESIDENTIAL,2
MEDIUM-DENSITY RESIDENTIAL,367,MEDIUM-DENSITY RESIDENTIAL,2
MEDIUM-DENSITY RESIDENTIAL,368,MEDIUM-DENSITY RESIDENTIAL,2
NEIGHBORHOOD BUSINESS,369,NEIGHBORHOOD BUSINESS,0
MEDIUM-DENSITY RESIDENTIAL,370,MEDIUM-DENSITY RESIDENTIAL,2
NEIGHBORHOOD BUSINESS,371,NEIGHBORHOOD BUSINESS,0
NEIGHBORHOOD BUSINESS,372,NEIGHBORHOOD BUSINESS,0
NEIGHBORHOOD BUSINESS,373,NEIGHBORHOOD BUSINESS,0
NEIGHBORHOOD BUSINESS,374,NEIGHBORHOOD BUSINESS,0
NEIGHBORHOOD BUSINESS,375,NEIGHBORHOOD BUSINESS,0
MEDIUM-DENSITY RESIDENTIAL,376,MEDIUM-DENSITY RESIDENTIAL,2
MEDIUM-DENSITY RESIDENTIAL,377,MEDIUM-DENSITY RESIDENTIAL,2
MEDIUM-DENSITY RESIDENTIAL,378,MEDIUM-DENSITY RESIDENTIAL,2
MEDIUM-DENSITY RESIDENTIAL,379,MEDIUM-DENSITY RESIDENTIAL,2
MEDIUM-DENSITY RESIDENTIAL,380,MEDIUM-DENSITY RESIDENTIAL,2
MEDIUM-DENSITY RESIDENTIAL,381,MEDIUM-DENSITY RESIDENTIAL,2
MEDIUM-DENSITY RESIDENTIAL,382,MEDIUM-DENSITY RESIDENTIAL,2
MEDIUM-DENSITY RESIDENTIAL,383,MEDIUM-DENSITY RESIDENTIAL,2
MEDIUM-DENSITY RESIDENTIAL,384,MEDIUM-DENSITY RESIDENTIAL,2
COMMUNITY COMMERCIAL,385,COMMUNITY COMMERCIAL,0
COMMUNITY COMMERCIAL,386,COMMUNITY COMMERCIAL,0
MEDIUM-DENSITY RESIDENTIAL,387,MEDIUM-DENSITY RESIDENTIAL,2
COMMUNITY COMMERCIAL,388,COMMUNITY COMMERCIAL,0
COMMUNITY COMMERCIAL,389,COMMUNITY COMMERCIAL,0
COMMUNITY COMMERCIAL,390,COMMUNITY COMMERCIAL,0
COMMUNITY COMMERCIAL,391,COMMUNITY COMMERCIAL,0
COMMUNITY COMMERCIAL,392,COMMUNITY COMMERCIAL,0
MEDIUM-DENSITY RESIDENTIAL,393,MEDIUM-DENSITY RESIDENTIAL,2
COMMUNITY COMMERCIAL,394,COMMUNITY COMMERCIAL,0
MEDIUM-DENSITY RESIDENTIAL,395,MEDIUM-DENSITY RESIDENTIAL,2
MEDIUM-DENSITY RESIDENTIAL,396,MEDIUM-DENSITY RESIDENTIAL,2
MEDIUM-DENSITY RESIDENTIAL,397,MEDIUM-DENSITY RESIDENTIAL,2
MEDIUM-DENSITY RESIDENTIAL,398,MEDIUM-DENSITY RESIDENTIAL,2
MEDIUM-DENSITY RESIDENTIAL,399,MEDIUM-DENSITY RESIDENTIAL,2
MEDIUM-DENSITY RESIDENTIAL,400,MEDIUM-DENSITY RESIDENTIAL,2
MEDIUM-DENSITY RESIDENTIAL,401,MEDIUM-DENSITY RESIDENTIAL,2
MEDIUM-DENSITY RESIDENTIAL,402,MEDIUM-DENSITY RESIDENTIAL,2
MEDIUM-DENSITY RESIDENTIAL,403,MEDIUM-DENSITY RESIDENTIAL,2
MEDIUM-DENSITY RESIDENTIAL,404,MEDIUM-DENSITY RESIDENTIAL,2
PUBLIC/INSTITUTIONAL/SCHOOL,405,PUBLIC/INSTITUTIONAL/SCHOOL,0
MEDIUM-DENSITY RESIDENTIAL,406,MEDIUM-DENSITY RESIDENTIAL,2
NEIGHBORHOOD BUSINESS,407,NEIGHBORHOOD BUSINESS,0
NEIGHBORHOOD BUSINESS,408,NEIGHBORHOOD BUSINESS,0
NEIGHBORHOOD BUSINESS,409,NEIGHBORHOOD BUSINESS,0
NEIGHBORHOOD BUSINESS,410,NEIGHBORHOOD BUSINESS,0
MEDIUM-DENSITY RESIDENTIAL,411,MEDIUM-DENSITY RESIDENTIAL,2
MEDIUM-DENSITY RESIDENTIAL,412,MEDIUM-DENSITY RESIDENTIAL,2
NEIGHBORHOOD BUSINESS,413,NEIGHBORHOOD BUSINESS,0
NEIGHBORHOOD BUSINESS,414,NEIGHBORHOOD BUSINESS,0
MEDIUM-DENSITY RESIDENTIAL,415,MEDIUM-DENSITY RESIDENTIAL,2
MEDIUM-DENSITY RESIDENTIAL,416,MEDIUM-DENSITY RESIDENTIAL,2
MEDIUM-DENSITY RESIDENTIAL,417,MEDIUM-DENSITY RESIDENTIAL,2
PARKS & PUBLIC OPEN SPACE,418,PARKS & PUBLIC OPEN SPACE,0
PUBLIC/INSTITUTIONAL/SCHOOL,419,PUBLIC/INSTITUTIONAL/SCHOOL,0
NEIGHBORHOOD BUSINESS,420,NEIGHBORHOOD BUSINESS,0
PARKS & PUBLIC OPEN SPACE,421,PARKS & PUBLIC OPEN SPACE,0
MEDIUM-DENSITY RESIDENTIAL,422,MEDIUM-DENSITY RESIDENTIAL,2
PUBLIC/INSTITUTIONAL/SCHOOL,423,PUBLIC/INSTITUTIONAL/SCHOOL,0
MEDIUM-DENSITY RESIDENTIAL,424,MEDIUM-DENSITY RESIDENTIAL,2
MEDIUM-DENSITY RESIDENTIAL,425,MEDIUM-DENSITY RESIDENTIAL,2
LOW-DENSITY RESIDENTIAL,426,LOW-DENSITY RESIDENTIAL,1
PUBLIC/INSTITUTIONAL/SCHOOL,427,PUBLIC/INSTITUTIONAL/SCHOOL,0
PARKS & PUBLIC OPEN SPACE,428,PARKS & PUBLIC OPEN SPACE,0
GENERAL INDUSTRY,429,GENERAL INDUSTRY,0
BUSINESS PARK,430,BUSINESS PARK,0
LOW-DENSITY RESIDENTIAL,431,LOW-DENSITY RESIDENTIAL,1
BUSINESS PARK,432,BUSINESS PARK,0
PARKS & PUBLIC OPEN SPACE,433,PARKS & PUBLIC OPEN SPACE,0
PARKS & PUBLIC OPEN SPACE,434,PARKS & PUBLIC OPEN SPACE,0
PUBLIC/INSTITUTIONAL/SCHOOL,435,PUBLIC/INSTITUTIONAL/SCHOOL,0
MEDIUM-DENSITY RESIDENTIAL,436,MEDIUM-DENSITY RESIDENTIAL,2
BUSINESS PARK,437,BUSINESS PARK,0
PARKS & PUBLIC OPEN SPACE,438,PARKS & PUBLIC OPEN SPACE,0
MIXED USE-7,439,MIXED USE-7,0
MEDIUM-DENSITY RESIDENTIAL,440,MEDIUM-DENSITY RESIDENTIAL,2
GENERAL INDUSTRY,441,GENERAL INDUSTRY,0
MEDIUM-DENSITY RESIDENTIAL,442,MEDIUM-DENSITY RESIDENTIAL,2
MEDIUM-DENSITY RESIDENTIAL,443,MEDIUM-DENSITY RESIDENTIAL,2
MEDIUM-DENSITY RESIDENTIAL,444,MEDIUM-DENSITY RESIDENTIAL,2
MEDIUM-DENSITY RESIDENTIAL,445,MEDIUM-DENSITY RESIDENTIAL,2
PUBLIC/INSTITUTIONAL/SCHOOL,446,PUBLIC/INSTITUTIONAL/SCHOOL,0
MEDIUM-DENSITY RESIDENTIAL,447,MEDIUM-DENSITY RESIDENTIAL,2
PUBLIC/INSTITUTIONAL/SCHOOL,448,PUBLIC/INSTITUTIONAL/SCHOOL,0
PARKS & PUBLIC OPEN SPACE,449,PARKS & PUBLIC OPEN SPACE,0
MEDIUM-DENSITY RESIDENTIAL,450,MEDIUM-DENSITY RESIDENTIAL,2
MEDIUM-DENSITY RESIDENTIAL,451,MEDIUM-DENSITY RESIDENTIAL,2
NEIGHBORHOOD BUSINESS,452,NEIGHBORHOOD BUSINESS,0
MEDIUM-DENSITY RESIDENTIAL,453,MEDIUM-DENSITY RESIDENTIAL,2
MEDIUM-DENSITY RESIDENTIAL,454,MEDIUM-DENSITY RESIDENTIAL,2
MEDIUM-DENSITY RESIDENTIAL,455,MEDIUM-DENSITY RESIDENTIAL,2
MEDIUM-DENSITY RESIDENTIAL,456,MEDIUM-DENSITY RESIDENTIAL,2
MEDIUM-DENSITY RESIDENTIAL,457,MEDIUM-DENSITY RESIDENTIAL,2
LOW-DENSITY RESIDENTIAL,458,LOW-DENSITY RESIDENTIAL,1
LOW-DENSITY RESIDENTIAL,459,LOW-DENSITY RESIDENTIAL,1
LOW-DENSITY RESIDENTIAL,460,LOW-DENSITY RESIDENTIAL,1
LOW-DENSITY RESIDENTIAL,461,LOW-DENSITY RESIDENTIAL,1
LOW-DENSITY RESIDENTIAL,462,LOW-DENSITY RESIDENTIAL,1
MEDIUM-DENSITY RESIDENTIAL,463,MEDIUM-DENSITY RESIDENTIAL,2
MEDIUM-DENSITY RESIDENTIAL,464,MEDIUM-DENSITY RESIDENTIAL,2
COMMUNITY COMMERCIAL,465,COMMUNITY COMMERCIAL,0
MEDIUM-DENSITY RESIDENTIAL,466,MEDIUM-DENSITY RESIDENTIAL,2
MEDIUM-DENSITY RESIDENTIAL,467,MEDIUM-DENSITY RESIDENTIAL,2
COMMUNITY COMMERCIAL,468,COMMUNITY COMMERCIAL,0
MEDIUM-DENSITY RESIDENTIAL,469,MEDIUM-DENSITY RESIDENTIAL,2
COMMUNITY COMMERCIAL,470,COMMUNITY COMMERCIAL,0
COMMUNITY COMMERCIAL,471,COMMUNITY COMMERCIAL,0
MEDIUM-DENSITY RESIDENTIAL,472,MEDIUM-DENSITY RESIDENTIAL,2
MEDIUM-DENSITY RESIDENTIAL,473,MEDIUM-DENSITY RESIDENTIAL,2
MEDIUM-DENSITY RESIDENTIAL,474,MEDIUM-DENSITY RESIDENTIAL,2
MEDIUM-DENSITY RESIDENTIAL,475,MEDIUM-DENSITY RESIDENTIAL,2
NEIGHBORHOOD BUSINESS,476,NEIGHBORHOOD BUSINESS,0
COMMUNITY COMMERCIAL,477,COMMUNITY COMMERCIAL,0
PARKS & PUBLIC OPEN SPACE,478,PARKS & PUBLIC OPEN SPACE,0
MEDIUM-DENSITY RESIDENTIAL,479,MEDIUM-DENSITY RESIDENTIAL,2
MEDIUM-DENSITY RESIDENTIAL,480,MEDIUM-DENSITY RESIDENTIAL,2
MEDIUM-DENSITY RESIDENTIAL,481,MEDIUM-DENSITY RESIDENTIAL,2
MEDIUM-DENSITY RESIDENTIAL,482,MEDIUM-DENSITY RESIDENTIAL,2
MEDIUM-DENSITY RESIDENTIAL,483,MEDIUM-DENSITY RESIDENTIAL,2
MEDIUM-DENSITY RESIDENTIAL,484,MEDIUM-DENSITY RESIDENTIAL,2
MEDIUM-DENSITY RESIDENTIAL,485,MEDIUM-DENSITY RESIDENTIAL,2
PARKS & PUBLIC OPEN SPACE,486,PARKS & PUBLIC OPEN SPACE,0
COMMUNITY COMMERCIAL,487,COMMUNITY COMMERCIAL,0
PARKS & PUBLIC OPEN SPACE,488,PARKS & PUBLIC OPEN SPACE,0
MEDIUM-DENSITY RESIDENTIAL,489,MEDIUM-DENSITY RESIDENTIAL,2
MIXED USE-1,490,MIXED USE-1,2
MEDIUM-DENSITY RESIDENTIAL,491,MEDIUM-DENSITY RESIDENTIAL,2
BUSINESS PARK,492,BUSINESS PARK,0
BUSINESS PARK,493,BUSINESS PARK,0
PUBLIC/INSTITUTIONAL/SCHOOL,494,PUBLIC/INSTITUTIONAL/SCHOOL,0
BUSINESS PARK,495,BUSINESS PARK,0
GENERAL INDUSTRY,496,GENERAL INDUSTRY,0
OFFICE,497,OFFICE,0
PARKS & PUBLIC OPEN SPACE,498,PARKS & PUBLIC OPEN SPACE,0
BUSINESS PARK,499,BUSINESS PARK,0
PARKS & PUBLIC OPEN SPACE,500,PARKS & PUBLIC OPEN SPACE,0
PARKS & PUBLIC OPEN SPACE,501,PARKS & PUBLIC OPEN SPACE,0
PARKS & PUBLIC OPEN SPACE,502,PARKS & PUBLIC OPEN SPACE,0
PARKS & PUBLIC OPEN SPACE,503,PARKS & PUBLIC OPEN SPACE,0
PARKS & PUBLIC OPEN SPACE,504,PARKS & PUBLIC OPEN SPACE,0
PARKS & PUBLIC OPEN SPACE,505,PARKS & PUBLIC OPEN SPACE,0
PARKS & PUBLIC OPEN SPACE,506,PARKS & PUBLIC OPEN SPACE,0
PARKS & PUBLIC OPEN SPACE,507,PARKS & PUBLIC OPEN SPACE,0
BUSINESS PARK,508,BUSINESS PARK,0
MIXED USE-2,509,MIXED USE-2,0
MIXED USE-2,510,MIXED USE-2,0
PARKS & PUBLIC OPEN SPACE,511,PARKS & PUBLIC OPEN SPACE,0
MIXED USE-2,512,MIXED USE-2,0
BUSINESS PARK,513,BUSINESS PARK,0
PARKS & PUBLIC OPEN SPACE,514,PARKS & PUBLIC OPEN SPACE,0
PARKS & PUBLIC OPEN SPACE,515,PARKS & PUBLIC OPEN SPACE,0
MIXED USE-4,516,MIXED USE-4,0
LOW-DENSITY RESIDENTIAL,517,LOW-DENSITY RESIDENTIAL,1
LOW-DENSITY RESIDENTIAL,518,LOW-DENSITY RESIDENTIAL,1
PUBLIC/INSTITUTIONAL/SCHOOL,519,PUBLIC/INSTITUTIONAL/SCHOOL,0
PARKS & PUBLIC OPEN SPACE,520,PARKS & PUBLIC OPEN SPACE,0
LOW-DENSITY RESIDENTIAL,521,LOW-DENSITY RESIDENTIAL,1
LOW-DENSITY RESIDENTIAL,522,LOW-DENSITY RESIDENTIAL,1
LOW-DENSITY RESIDENTIAL,523,LOW-DENSITY RESIDENTIAL,1
LOW-DENSITY RESIDENTIAL,524,LOW-DENSITY RESIDENTIAL,1
LOW-DENSITY RESIDENTIAL,525,LOW-DENSITY RESIDENTIAL,1
LOW-DENSITY RESIDENTIAL,526,LOW-DENSITY RESIDENTIAL,1
LOW-DENSITY RESIDENTIAL,527,LOW-DENSITY RESIDENTIAL,1
MEDIUM-DENSITY RESIDENTIAL,528,MEDIUM-DENSITY RESIDENTIAL,2
LOW-DENSITY RESIDENTIAL,529,LOW-DENSITY RESIDENTIAL,1
LOW-DENSITY RESIDENTIAL,530,LOW-DENSITY RESIDENTIAL,1
LOW-DENSITY RESIDENTIAL,531,LOW-DENSITY RESIDENTIAL,1
OFFICE,532,OFFICE,0
MEDIUM-DENSITY RESIDENTIAL,533,MEDIUM-DENSITY RESIDENTIAL,2
PUBLIC/INSTITUTIONAL/SCHOOL,534,PUBLIC/INSTITUTIONAL/SCHOOL,0
MEDIUM-DENSITY RESIDENTIAL,535,MEDIUM-DENSITY RESIDENTIAL,2
MEDIUM-DENSITY RESIDENTIAL,536,MEDIUM-DENSITY RESIDENTIAL,2
MEDIUM-DENSITY RESIDENTIAL,537,MEDIUM-DENSITY RESIDENTIAL,2
LOW-DENSITY RESIDENTIAL,538,LOW-DENSITY RESIDENTIAL,1
LOW-DENSITY RESIDENTIAL,539,LOW-DENSITY RESIDENTIAL,1
LOW-DENSITY RESIDENTIAL,540,LOW-DENSITY RESIDENTIAL,1
LOW-DENSITY RESIDENTIAL,541,LOW-DENSITY RESIDENTIAL,1
LOW-DENSITY RESIDENTIAL,542,LOW-DENSITY RESIDENTIAL,1
LOW-DENSITY RESIDENTIAL,543,LOW-DENSITY RESIDENTIAL,1
LOW-DENSITY RESIDENTIAL,544,LOW-DENSITY RESIDENTIAL,1
LOW-DENSITY RESIDENTIAL,545,LOW-DENSITY RESIDENTIAL,1
LOW-DENSITY RESIDENTIAL,546,LOW-DENSITY RESIDENTIAL,1
LOW-DENSITY RESIDENTIAL,547,LOW-DENSITY RESIDENTIAL,1
LOW-DENSITY RESIDENTIAL,548,LOW-DENSITY RESIDENTIAL,1
LOW-DENSITY RESIDENTIAL,549,LOW-DENSITY RESIDENTIAL,1
MEDIUM-DENSITY RESIDENTIAL,550,MEDIUM-DENSITY RESIDENTIAL,2
MEDIUM-DENSITY RESIDENTIAL,551,MEDIUM-DENSITY RESIDENTIAL,2
MEDIUM-DENSITY RESIDENTIAL,552,MEDIUM-DENSITY RESIDENTIAL,2
MEDIUM-DENSITY RESIDENTIAL,553,MEDIUM-DENSITY RESIDENTIAL,2
MEDIUM-DENSITY RESIDENTIAL,554,MEDIUM-DENSITY RESIDENTIAL,2
MEDIUM-DENSITY RESIDENTIAL,555,MEDIUM-DENSITY RESIDENTIAL,2
LOW-DENSITY RESIDENTIAL,556,LOW-DENSITY RESIDENTIAL,1
MEDIUM-DENSITY RESIDENTIAL,557,MEDIUM-DENSITY RESIDENTIAL,2
MEDIUM-DENSITY RESIDENTIAL,558,MEDIUM-DENSITY RESIDENTIAL,2
MEDIUM-DENSITY RESIDENTIAL,559,MEDIUM-DENSITY RESIDENTIAL,2
MEDIUM-DENSITY RESIDENTIAL,560,MEDIUM-DENSITY RESIDENTIAL,2
LOW-DENSITY RESIDENTIAL,561,LOW-DENSITY RESIDENTIAL,1
MEDIUM-DENSITY RESIDENTIAL,562,MEDIUM-DENSITY RESIDENTIAL,2
NEIGHBORHOOD BUSINESS,563,NEIGHBORHOOD BUSINESS,0
NEIGHBORHOOD BUSINESS,564,NEIGHBORHOOD BUSINESS,0
NEIGHBORHOOD BUSINESS,565,NEIGHBORHOOD BUSINESS,0
MEDIUM-DENSITY RESIDENTIAL,566,MEDIUM-DENSITY RESIDENTIAL,2
NEIGHBORHOOD BUSINESS,567,NEIGHBORHOOD BUSINESS,0
MEDIUM-DENSITY RESIDENTIAL,568,MEDIUM-DENSITY RESIDENTIAL,2
MEDIUM-DENSITY RESIDENTIAL,569,MEDIUM-DENSITY RESIDENTIAL,2
MEDIUM-DENSITY RESIDENTIAL,570,MEDIUM-DENSITY RESIDENTIAL,2
MEDIUM-DENSITY RESIDENTIAL,571,MEDIUM-DENSITY RESIDENTIAL,2
MEDIUM-DENSITY RESIDENTIAL,572,MEDIUM-DENSITY RESIDENTIAL,2
MEDIUM-DENSITY RESIDENTIAL,573,MEDIUM-DENSITY RESIDENTIAL,2
MEDIUM-DENSITY RESIDENTIAL,574,MEDIUM-DENSITY RESIDENTIAL,2
MEDIUM-DENSITY RESIDENTIAL,575,MEDIUM-DENSITY RESIDENTIAL,2
MEDIUM-DENSITY RESIDENTIAL,576,MEDIUM-DENSITY RESIDENTIAL,2
MEDIUM-DENSITY RESIDENTIAL,577,MEDIUM-DENSITY RESIDENTIAL,2
COMMUNITY COMMERCIAL,578,COMMUNITY COMMERCIAL,0
COMMUNITY COMMERCIAL,579,COMMUNITY COMMERCIAL,0
COMMUNITY COMMERCIAL,580,COMMUNITY COMMERCIAL,0
MEDIUM-DENSITY RESIDENTIAL,581,MEDIUM-DENSITY RESIDENTIAL,2
MEDIUM-DENSITY RESIDENTIAL,582,MEDIUM-DENSITY RESIDENTIAL,2
MEDIUM-DENSITY RESIDENTIAL,583,MEDIUM-DENSITY RESIDENTIAL,2
MEDIUM-DENSITY RESIDENTIAL,584,MEDIUM-DENSITY RESIDENTIAL,2
MEDIUM-DENSITY RESIDENTIAL,585,MEDIUM-DENSITY RESIDENTIAL,2
MEDIUM-DENSITY RESIDENTIAL,586,MEDIUM-DENSITY RESIDENTIAL,2
MEDIUM-DENSITY RESIDENTIAL,587,MEDIUM-DENSITY RESIDENTIAL,2
PARKS & PUBLIC OPEN SPACE,588,PARKS & PUBLIC OPEN SPACE,0
MEDIUM-DENSITY RESIDENTIAL,589,MEDIUM-DENSITY RESIDENTIAL,2
COMMUNITY COMMERCIAL,590,COMMUNITY COMMERCIAL,0
MEDIUM-DENSITY RESIDENTIAL,591,MEDIUM-DENSITY RESIDENTIAL,2
MEDIUM-DENSITY RESIDENTIAL,592,MEDIUM-DENSITY RESIDENTIAL,2
COMMUNITY COMMERCIAL,593,COMMUNITY COMMERCIAL,0
MEDIUM-DENSITY RESIDENTIAL,594,MEDIUM-DENSITY RESIDENTIAL,2
MEDIUM-DENSITY RESIDENTIAL,595,MEDIUM-DENSITY RESIDENTIAL,2
COMMUNITY COMMERCIAL,596,COMMUNITY COMMERCIAL,0
MEDIUM-DENSITY RESIDENTIAL,597,MEDIUM-DENSITY RESIDENTIAL,2
MEDIUM-DENSITY RESIDENTIAL,598,MEDIUM-DENSITY RESIDENTIAL,2
MEDIUM-DENSITY RESIDENTIAL,599,MEDIUM-DENSITY RESIDENTIAL,2
MEDIUM-DENSITY RESIDENTIAL,600,MEDIUM-DENSITY RESIDENTIAL,2
MEDIUM-DENSITY RESIDENTIAL,601,MEDIUM-DENSITY RESIDENTIAL,2
MEDIUM-DENSITY RESIDENTIAL,602,MEDIUM-DENSITY RESIDENTIAL,2
MEDIUM-DENSITY RESIDENTIAL,603,MEDIUM-DENSITY RESIDENTIAL,2
MEDIUM-DENSITY RESIDENTIAL,604,MEDIUM-DENSITY RESIDENTIAL,2
COMMUNITY COMMERCIAL,605,COMMUNITY COMMERCIAL,0
COMMUNITY COMMERCIAL,606,COMMUNITY COMMERCIAL,0
COMMUNITY COMMERCIAL,607,COMMUNITY COMMERCIAL,0
COMMUNITY COMMERCIAL,608,COMMUNITY COMMERCIAL,0
COMMUNITY COMMERCIAL,609,COMMUNITY COMMERCIAL,0
COMMUNITY COMMERCIAL,610,COMMUNITY COMMERCIAL,0
COMMUNITY COMMERCIAL,611,COMMUNITY COMMERCIAL,0
COMMUNITY COMMERCIAL,612,COMMUNITY COMMERCIAL,0
MEDIUM-DENSITY RESIDENTIAL,613,MEDIUM-DENSITY RESIDENTIAL,2
COMMUNITY COMMERCIAL,614,COMMUNITY COMMERCIAL,0
PUBLIC/INSTITUTIONAL/SCHOOL,615,PUBLIC/INSTITUTIONAL/SCHOOL,0
PUBLIC/INSTITUTIONAL/SCHOOL,616,PUBLIC/INSTITUTIONAL/SCHOOL,0
OFFICE,617,OFFICE,0
OFFICE,618,OFFICE,0
PUBLIC/INSTITUTIONAL/SCHOOL,619,PUBLIC/INSTITUTIONAL/SCHOOL,0
MEDIUM-DENSITY RESIDENTIAL,620,MEDIUM-DENSITY RESIDENTIAL,2
MEDIUM-DENSITY RESIDENTIAL,621,MEDIUM-DENSITY RESIDENTIAL,2
MEDIUM-DENSITY RESIDENTIAL,622,MEDIUM-DENSITY RESIDENTIAL,2
MEDIUM-DENSITY RESIDENTIAL,623,MEDIUM-DENSITY RESIDENTIAL,2
COMMUNITY COMMERCIAL,624,COMMUNITY COMMERCIAL,0
MEDIUM-DENSITY RESIDENTIAL,625,MEDIUM-DENSITY RESIDENTIAL,2
COMMUNITY COMMERCIAL,626,COMMUNITY COMMERCIAL,0
LOW-DENSITY RESIDENTIAL,627,LOW-DENSITY RESIDENTIAL,1
LOW-DENSITY RESIDENTIAL,628,LOW-DENSITY RESIDENTIAL,1
LOW-DENSITY RESIDENTIAL,629,LOW-DENSITY RESIDENTIAL,1
MEDIUM-DENSITY RESIDENTIAL,630,MEDIUM-DENSITY RESIDENTIAL,2
LOW-DENSITY RESIDENTIAL,631,LOW-DENSITY RESIDENTIAL,1
MEDIUM-DENSITY RESIDENTIAL,632,MEDIUM-DENSITY RESIDENTIAL,2
MEDIUM-DENSITY RESIDENTIAL,633,MEDIUM-DENSITY RESIDENTIAL,2
MEDIUM-DENSITY RESIDENTIAL,634,MEDIUM-DENSITY RESIDENTIAL,2
LOW-DENSITY RESIDENTIAL,635,LOW-DENSITY RESIDENTIAL,1
LOW-DENSITY RESIDENTIAL,636,LOW-DENSITY RESIDENTIAL,1
PARKS & PUBLIC OPEN SPACE,637,PARKS & PUBLIC OPEN SPACE,0
LOW-DENSITY RESIDENTIAL,638,LOW-DENSITY RESIDENTIAL,1
MEDIUM-DENSITY RESIDENTIAL,639,MEDIUM-DENSITY RESIDENTIAL,2
NEIGHBORHOOD BUSINESS,640,NEIGHBORHOOD BUSINESS,0
PUBLIC/INSTITUTIONAL/SCHOOL,641,PUBLIC/INSTITUTIONAL/SCHOOL,0
MEDIUM-DENSITY RESIDENTIAL,642,MEDIUM-DENSITY RESIDENTIAL,2
MEDIUM-DENSITY RESIDENTIAL,643,MEDIUM-DENSITY RESIDENTIAL,2
MEDIUM-DENSITY RESIDENTIAL,644,MEDIUM-DENSITY RESIDENTIAL,2
MEDIUM-DENSITY RESIDENTIAL,645,MEDIUM-DENSITY RESIDENTIAL,2
NEIGHBORHOOD BUSINESS,646,NEIGHBORHOOD BUSINESS,0
MEDIUM-DENSITY RESIDENTIAL,647,MEDIUM-DENSITY RESIDENTIAL,2
MEDIUM-DENSITY RESIDENTIAL,648,MEDIUM-DENSITY RESIDENTIAL,2
MEDIUM-DENSITY RESIDENTIAL,649,MEDIUM-DENSITY RESIDENTIAL,2
MEDIUM-DENSITY RESIDENTIAL,650,MEDIUM-DENSITY RESIDENTIAL,2
MEDIUM-DENSITY RESIDENTIAL,651,MEDIUM-DENSITY RESIDENTIAL,2
MEDIUM-DENSITY RESIDENTIAL,652,MEDIUM-DENSITY RESIDENTIAL,2
MEDIUM-DENSITY RESIDENTIAL,653,MEDIUM-DENSITY RESIDENTIAL,2
MEDIUM-DENSITY RESIDENTIAL,654,MEDIUM-DENSITY RESIDENTIAL,2
MEDIUM-DENSITY RESIDENTIAL,655,MEDIUM-DENSITY RESIDENTIAL,2
MEDIUM-DENSITY RESIDENTIAL,656,MEDIUM-DENSITY RESIDENTIAL,2
MEDIUM-DENSITY RESIDENTIAL,657,MEDIUM-DENSITY RESIDENTIAL,2
MEDIUM-DENSITY RESIDENTIAL,658,MEDIUM-DENSITY RESIDENTIAL,2
MEDIUM-DENSITY RESIDENTIAL,659,MEDIUM-DENSITY RESIDENTIAL,2
MEDIUM-DENSITY RESIDENTIAL,660,MEDIUM-DENSITY RESIDENTIAL,2
MEDIUM-DENSITY RESIDENTIAL,661,MEDIUM-DENSITY RESIDENTIAL,2
MEDIUM-DENSITY RESIDENTIAL,662,MEDIUM-DENSITY RESIDENTIAL,2
MEDIUM-DENSITY RESIDENTIAL,663,MEDIUM-DENSITY RESIDENTIAL,2
MEDIUM-DENSITY RESIDENTIAL,664,MEDIUM-DENSITY RESIDENTIAL,2
MEDIUM-DENSITY RESIDENTIAL,665,MEDIUM-DENSITY RESIDENTIAL,2
MEDIUM-DENSITY RESIDENTIAL,666,MEDIUM-DENSITY RESIDENTIAL,2
PUBLIC/INSTITUTIONAL/SCHOOL,667,PUBLIC/INSTITUTIONAL/SCHOOL,0
MEDIUM-DENSITY RESIDENTIAL,668,MEDIUM-DENSITY RESIDENTIAL,2
NEIGHBORHOOD BUSINESS,669,NEIGHBORHOOD BUSINESS,0
NEIGHBORHOOD BUSINESS,670,NEIGHBORHOOD BUSINESS,0
NEIGHBORHOOD BUSINESS,671,NEIGHBORHOOD BUSINESS,0
NEIGHBORHOOD BUSINESS,672,NEIGHBORHOOD BUSINESS,0
MEDIUM-DENSITY RESIDENTIAL,673,MEDIUM-DENSITY RESIDENTIAL,2
NEIGHBORHOOD BUSINESS,674,NEIGHBORHOOD BUSINESS,0
MEDIUM-DENSITY RESIDENTIAL,675,MEDIUM-DENSITY RESIDENTIAL,2
MEDIUM-DENSITY RESIDENTIAL,676,MEDIUM-DENSITY RESIDENTIAL,2
NEIGHBORHOOD BUSINESS,677,NEIGHBORHOOD BUSINESS,0
MEDIUM-DENSITY RESIDENTIAL,678,MEDIUM-DENSITY RESIDENTIAL,2
MEDIUM-DENSITY RESIDENTIAL,679,MEDIUM-DENSITY RESIDENTIAL,2
MEDIUM-DENSITY RESIDENTIAL,680,MEDIUM-DENSITY RESIDENTIAL,2
MEDIUM-DENSITY RESIDENTIAL,681,MEDIUM-DENSITY RESIDENTIAL,2
MEDIUM-DENSITY RESIDENTIAL,682,MEDIUM-DENSITY RESIDENTIAL,2
MEDIUM-DENSITY RESIDENTIAL,683,MEDIUM-DENSITY RESIDENTIAL,2
MEDIUM-DENSITY RESIDENTIAL,684,MEDIUM-DENSITY RESIDENTIAL,2
MEDIUM-DENSITY RESIDENTIAL,685,MEDIUM-DENSITY RESIDENTIAL,2
MEDIUM-DENSITY RESIDENTIAL,686,MEDIUM-DENSITY RESIDENTIAL,2
MEDIUM-DENSITY RESIDENTIAL,687,MEDIUM-DENSITY RESIDENTIAL,2
MEDIUM-DENSITY RESIDENTIAL,688,MEDIUM-DENSITY RESIDENTIAL,2
MEDIUM-DENSITY RESIDENTIAL,689,MEDIUM-DENSITY RESIDENTIAL,2
MEDIUM-DENSITY RESIDENTIAL,690,MEDIUM-DENSITY RESIDENTIAL,2
NEIGHBORHOOD BUSINESS,691,NEIGHBORHOOD BUSINESS,0
NEIGHBORHOOD BUSINESS,692,NEIGHBORHOOD BUSINESS,0
MEDIUM-DENSITY RESIDENTIAL,693,MEDIUM-DENSITY RESIDENTIAL,2
MEDIUM-DENSITY RESIDENTIAL,694,MEDIUM-DENSITY RESIDENTIAL,2
MEDIUM-DENSITY RESIDENTIAL,695,MEDIUM-DENSITY RESIDENTIAL,2
NEIGHBORHOOD BUSINESS,696,NEIGHBORHOOD BUSINESS,0
NEIGHBORHOOD BUSINESS,697,NEIGHBORHOOD BUSINESS,0
MEDIUM-DENSITY RESIDENTIAL,698,MEDIUM-DENSITY RESIDENTIAL,2
MEDIUM-DENSITY RESIDENTIAL,699,MEDIUM-DENSITY RESIDENTIAL,2
MEDIUM-DENSITY RESIDENTIAL,700,MEDIUM-DENSITY RESIDENTIAL,2
MEDIUM-DENSITY RESIDENTIAL,701,MEDIUM-DENSITY RESIDENTIAL,2
MEDIUM-DENSITY RESIDENTIAL,702,MEDIUM-DENSITY RESIDENTIAL,2
MEDIUM-DENSITY RESIDENTIAL,703,MEDIUM-DENSITY RESIDENTIAL,2
MEDIUM-DENSITY RESIDENTIAL,704,MEDIUM-DENSITY RESIDENTIAL,2
MEDIUM-DENSITY RESIDENTIAL,705,MEDIUM-DENSITY RESIDENTIAL,2
MEDIUM-DENSITY RESIDENTIAL,706,MEDIUM-DENSITY RESIDENTIAL,2
MEDIUM-DENSITY RESIDENTIAL,707,MEDIUM-DENSITY RESIDENTIAL,2
MEDIUM-DENSITY RESIDENTIAL,708,MEDIUM-DENSITY RESIDENTIAL,2
PUBLIC/INSTITUTIONAL/SCHOOL,709,PUBLIC/INSTITUTIONAL/SCHOOL,0
MEDIUM-DENSITY RESIDENTIAL,710,MEDIUM-DENSITY RESIDENTIAL,2
NEIGHBORHOOD BUSINESS,711,NEIGHBORHOOD BUSINESS,0
NEIGHBORHOOD BUSINESS,712,NEIGHBORHOOD BUSINESS,0
NEIGHBORHOOD BUSINESS,713,NEIGHBORHOOD BUSINESS,0
MEDIUM-DENSITY RESIDENTIAL,714,MEDIUM-DENSITY RESIDENTIAL,2
MEDIUM-DENSITY RESIDENTIAL,715,MEDIUM-DENSITY RESIDENTIAL,2
MEDIUM-DENSITY RESIDENTIAL,716,MEDIUM-DENSITY RESIDENTIAL,2
NEIGHBORHOOD BUSINESS,717,NEIGHBORHOOD BUSINESS,0
MEDIUM-DENSITY RESIDENTIAL,718,MEDIUM-DENSITY RESIDENTIAL,2
MEDIUM-DENSITY RESIDENTIAL,719,MEDIUM-DENSITY RESIDENTIAL,2
MEDIUM-DENSITY RESIDENTIAL,720,MEDIUM-DENSITY RESIDENTIAL,2
MEDIUM-DENSITY RESIDENTIAL,721,MEDIUM-DENSITY RESIDENTIAL,2
MEDIUM-DENSITY RESIDENTIAL,722,MEDIUM-DENSITY RESIDENTIAL,2
MEDIUM-DENSITY RESIDENTIAL,723,MEDIUM-DENSITY RESIDENTIAL,2
MEDIUM-DENSITY RESIDENTIAL,724,MEDIUM-DENSITY RESIDENTIAL,2
MEDIUM-DENSITY RESIDENTIAL,725,MEDIUM-DENSITY RESIDENTIAL,2
MEDIUM-DENSITY RESIDENTIAL,726,MEDIUM-DENSITY RESIDENTIAL,2
MIXED USE-5,727,MIXED USE-5,0
PARKS & PUBLIC OPEN SPACE,728,PARKS & PUBLIC OPEN SPACE,0
MIXED USE-5,729,MIXED USE-5,0
MIXED USE,730,MIXED USE_MF,2
MEDIUM-DENSITY RESIDENTIAL,731,MEDIUM-DENSITY RESIDENTIAL,2
MEDIUM-DENSITY RESIDENTIAL,732,MEDIUM-DENSITY RESIDENTIAL,2
MEDIUM-DENSITY RESIDENTIAL,733,MEDIUM-DENSITY RESIDENTIAL,2
MEDIUM-DENSITY RESIDENTIAL,734,MEDIUM-DENSITY RESIDENTIAL,2
MEDIUM-DENSITY RESIDENTIAL,735,MEDIUM-DENSITY RESIDENTIAL,2
MEDIUM-DENSITY RESIDENTIAL,736,MEDIUM-DENSITY RESIDENTIAL,2
MEDIUM-DENSITY RESIDENTIAL,737,MEDIUM-DENSITY RESIDENTIAL,2
MEDIUM-DENSITY RESIDENTIAL,738,MEDIUM-DENSITY RESIDENTIAL,2
MEDIUM-DENSITY RESIDENTIAL,739,MEDIUM-DENSITY RESIDENTIAL,2
MEDIUM-DENSITY RESIDENTIAL,740,MEDIUM-DENSITY RESIDENTIAL,2
MEDIUM-DENSITY RESIDENTIAL,741,MEDIUM-DENSITY RESIDENTIAL,2
MEDIUM-DENSITY RESIDENTIAL,742,MEDIUM-DENSITY RESIDENTIAL,2
MEDIUM-DENSITY RESIDENTIAL,743,MEDIUM-DENSITY RESIDENTIAL,2
MEDIUM-DENSITY RESIDENTIAL,744,MEDIUM-DENSITY RESIDENTIAL,2
MIXED USE-4,745,MIXED USE-4,0
MIXED USE-4,746,MIXED USE-4,0
MEDIUM-DENSITY RESIDENTIAL,747,MEDIUM-DENSITY RESIDENTIAL,2
MEDIUM-DENSITY RESIDENTIAL,748,MEDIUM-DENSITY RESIDENTIAL,2
MIXED USE-4,749,MIXED USE-4,0
MIXED USE-4,750,MIXED USE-4,0
MIXED USE-4,751,MIXED USE-4,0
MIXED USE-4,752,MIXED USE-4,0
FEDERAL FACILITIES,753,FEDERAL FACILITIES,0
MIXED USE-5,754,MIXED USE-5_MF,2
MIXED USE-5,755,MIXED USE-5,0
PARKS & PUBLIC OPEN SPACE,756,PARKS & PUBLIC OPEN SPACE,0
PUBLIC/INSTITUTIONAL/SCHOOL,757,PUBLIC/INSTITUTIONAL/SCHOOL,0
PUBLIC/INSTITUTIONAL/SCHOOL,758,PUBLIC/INSTITUTIONAL/SCHOOL,0
GENERAL INDUSTRY,759,GENERAL INDUSTRY,0
MIXED USE-4,760,MIXED USE-4,0
LOW-DENSITY RESIDENTIAL,761,LOW-DENSITY RESIDENTIAL,1
LOW-DENSITY RESIDENTIAL,762,LOW-DENSITY RESIDENTIAL,1
LOW-DENSITY RESIDENTIAL,763,LOW-DENSITY RESIDENTIAL,1
MEDIUM-DENSITY RESIDENTIAL,764,MEDIUM-DENSITY RESIDENTIAL,2
LOW-DENSITY RESIDENTIAL,765,LOW-DENSITY RESIDENTIAL,1
LOW-DENSITY RESIDENTIAL,766,LOW-DENSITY RESIDENTIAL,1
LOW-DENSITY RESIDENTIAL,767,LOW-DENSITY RESIDENTIAL,1
LOW-DENSITY RESIDENTIAL,768,LOW-DENSITY RESIDENTIAL,1
MEDIUM-DENSITY RESIDENTIAL,769,MEDIUM-DENSITY RESIDENTIAL,2
LOW-DENSITY RESIDENTIAL,770,LOW-DENSITY RESIDENTIAL,1
COMMUNITY COMMERCIAL,771,COMMUNITY COMMERCIAL,0
MEDIUM-DENSITY RESIDENTIAL,772,MEDIUM-DENSITY RESIDENTIAL,2
MEDIUM-DENSITY RESIDENTIAL,773,MEDIUM-DENSITY RESIDENTIAL,2
MEDIUM-DENSITY RESIDENTIAL,774,MEDIUM-DENSITY RESIDENTIAL,2
MEDIUM-DENSITY RESIDENTIAL,775,MEDIUM-DENSITY RESIDENTIAL,2
MEDIUM-DENSITY RESIDENTIAL,776,MEDIUM-DENSITY RESIDENTIAL,2
LOW-DENSITY RESIDENTIAL,777,LOW-DENSITY RESIDENTIAL,1
LOW-DENSITY RESIDENTIAL,778,LOW-DENSITY RESIDENTIAL,1
LOW-DENSITY RESIDENTIAL,779,LOW-DENSITY RESIDENTIAL,1
LOW-DENSITY RESIDENTIAL,780,LOW-DENSITY RESIDENTIAL,1
LOW-DENSITY RESIDENTIAL,781,LOW-DENSITY RESIDENTIAL,1
LOW-DENSITY RESIDENTIAL,782,LOW-DENSITY RESIDENTIAL,1
LOW-DENSITY RESIDENTIAL,783,LOW-DENSITY RESIDENTIAL,1
LOW-DENSITY RESIDENTIAL,784,LOW-DENSITY RESIDENTIAL,1
LOW-DENSITY RESIDENTIAL,785,LOW-DENSITY RESIDENTIAL,1
LOW-DENSITY RESIDENTIAL,786,LOW-DENSITY RESIDENTIAL,1
LOW-DENSITY RESIDENTIAL,787,LOW-DENSITY RESIDENTIAL,1
LOW-DENSITY RESIDENTIAL,788,LOW-DENSITY RESIDENTIAL,1
LOW-DENSITY RESIDENTIAL,789,LOW-DENSITY RESIDENTIAL,1
LOW-DENSITY RESIDENTIAL,790,LOW-DENSITY RESIDENTIAL,1
LOW-DENSITY RESIDENTIAL,791,LOW-DENSITY RESIDENTIAL,1
LOW-DENSITY RESIDENTIAL,792,LOW-DENSITY RESIDENTIAL,1
LOW-DENSITY RESIDENTIAL,793,LOW-DENSITY RESIDENTIAL,1
LOW-DENSITY RESIDENTIAL,794,LOW-DENSITY RESIDENTIAL,1
LOW-DENSITY RESIDENTIAL,795,LOW-DENSITY RESIDENTIAL,1
PUBLIC/INSTITUTIONAL/SCHOOL,796,PUBLIC/INSTITUTIONAL/SCHOOL,0
COMMUNITY COMMERCIAL,797,COMMUNITY COMMERCIAL,0
MEDIUM-DENSITY RESIDENTIAL,798,MEDIUM-DENSITY RESIDENTIAL,2
MEDIUM-DENSITY RESIDENTIAL,799,MEDIUM-DENSITY RESIDENTIAL,2
MEDIUM-DENSITY RESIDENTIAL,800,MEDIUM-DENSITY RESIDENTIAL,2
MEDIUM-DENSITY RESIDENTIAL,801,MEDIUM-DENSITY RESIDENTIAL,2
MEDIUM-DENSITY RESIDENTIAL,802,MEDIUM-DENSITY RESIDENTIAL,2
MEDIUM-DENSITY RESIDENTIAL,803,MEDIUM-DENSITY RESIDENTIAL,2
MEDIUM-DENSITY RESIDENTIAL,804,MEDIUM-DENSITY RESIDENTIAL,2
MEDIUM-DENSITY RESIDENTIAL,805,MEDIUM-DENSITY RESIDENTIAL,2
MEDIUM-DENSITY RESIDENTIAL,806,MEDIUM-DENSITY RESIDENTIAL,2
COMMUNITY COMMERCIAL,807,COMMUNITY COMMERCIAL,0
MEDIUM-DENSITY RESIDENTIAL,808,MEDIUM-DENSITY RESIDENTIAL,2
MEDIUM-DENSITY RESIDENTIAL,809,MEDIUM-DENSITY RESIDENTIAL,2
MEDIUM-DENSITY RESIDENTIAL,810,MEDIUM-DENSITY RESIDENTIAL,2
MEDIUM-DENSITY RESIDENTIAL,811,MEDIUM-DENSITY RESIDENTIAL,2
MEDIUM-DENSITY RESIDENTIAL,812,MEDIUM-DENSITY RESIDENTIAL,2
LOW-DENSITY RESIDENTIAL,813,LOW-DENSITY RESIDENTIAL,1
MEDIUM-DENSITY RESIDENTIAL,814,MEDIUM-DENSITY RESIDENTIAL,2
COMMUNITY COMMERCIAL,815,COMMUNITY COMMERCIAL,0
MEDIUM-DENSITY RESIDENTIAL,816,MEDIUM-DENSITY RESIDENTIAL,2
MEDIUM-DENSITY RESIDENTIAL,817,MEDIUM-DENSITY RESIDENTIAL,2
MEDIUM-DENSITY RESIDENTIAL,818,MEDIUM-DENSITY RESIDENTIAL,2
MEDIUM-DENSITY RESIDENTIAL,819,MEDIUM-DENSITY RESIDENTIAL,2
MEDIUM-DENSITY RESIDENTIAL,820,MEDIUM-DENSITY RESIDENTIAL,2
MEDIUM-DENSITY RESIDENTIAL,821,MEDIUM-DENSITY RESIDENTIAL,2
MEDIUM-DENSITY RESIDENTIAL,822,MEDIUM-DENSITY RESIDENTIAL,2
LOW-DENSITY RESIDENTIAL,823,LOW-DENSITY RESIDENTIAL,1
LOW-DENSITY RESIDENTIAL,824,LOW-DENSITY RESIDENTIAL,1
LOW-DENSITY RESIDENTIAL,825,LOW-DENSITY RESIDENTIAL,1
LOW-DENSITY RESIDENTIAL,826,LOW-DENSITY RESIDENTIAL,1
LOW-DENSITY RESIDENTIAL,827,LOW-DENSITY RESIDENTIAL,1
LOW-DENSITY RESIDENTIAL,828,LOW-DENSITY RESIDENTIAL,1
LOW-DENSITY RESIDENTIAL,829,LOW-DENSITY RESIDENTIAL,1
LOW-DENSITY RESIDENTIAL,830,LOW-DENSITY RESIDENTIAL,1
LOW-DENSITY RESIDENTIAL,831,LOW-DENSITY RESIDENTIAL,1
LOW-DENSITY RESIDENTIAL,832,LOW-DENSITY RESIDENTIAL,1
LOW-DENSITY RESIDENTIAL,833,LOW-DENSITY RESIDENTIAL,1
LOW-DENSITY RESIDENTIAL,834,LOW-DENSITY RESIDENTIAL,1
LOW-DENSITY RESIDENTIAL,835,LOW-DENSITY RESIDENTIAL,1
LOW-DENSITY RESIDENTIAL,836,LOW-DENSITY RESIDENTIAL,1
LOW-DENSITY RESIDENTIAL,837,LOW-DENSITY RESIDENTIAL,1
MEDIUM-DENSITY RESIDENTIAL,838,MEDIUM-DENSITY RESIDENTIAL,2
LOW-DENSITY RESIDENTIAL,839,LOW-DENSITY RESIDENTIAL,1
MEDIUM-DENSITY RESIDENTIAL,840,MEDIUM-DENSITY RESIDENTIAL,2
LOW-DENSITY RESIDENTIAL,841,LOW-DENSITY RESIDENTIAL,1
MEDIUM-DENSITY RESIDENTIAL,842,MEDIUM-DENSITY RESIDENTIAL,2
LOW-DENSITY RESIDENTIAL,843,LOW-DENSITY RESIDENTIAL,1
NEIGHBORHOOD BUSINESS,844,NEIGHBORHOOD BUSINESS,0
NEIGHBORHOOD BUSINESS,845,NEIGHBORHOOD BUSINESS,0
NEIGHBORHOOD BUSINESS,846,NEIGHBORHOOD BUSINESS,0
LOW-DENSITY RESIDENTIAL,847,LOW-DENSITY RESIDENTIAL,1
NEIGHBORHOOD BUSINESS,848,NEIGHBORHOOD BUSINESS,0
COMMUNITY COMMERCIAL,849,COMMUNITY COMMERCIAL,0
GENERAL INDUSTRY,850,GENERAL INDUSTRY,0
MEDIUM-DENSITY RESIDENTIAL,851,MEDIUM-DENSITY RESIDENTIAL,2
MEDIUM-DENSITY RESIDENTIAL,852,MEDIUM-DENSITY RESIDENTIAL,2
COMMUNITY COMMERCIAL,853,COMMUNITY COMMERCIAL,0
COMMUNITY COMMERCIAL,854,COMMUNITY COMMERCIAL,0
COMMUNITY COMMERCIAL,855,COMMUNITY COMMERCIAL,0
MEDIUM-DENSITY RESIDENTIAL,856,MEDIUM-DENSITY RESIDENTIAL,2
COMMUNITY COMMERCIAL,857,COMMUNITY COMMERCIAL,0
COMMUNITY COMMERCIAL,858,COMMUNITY COMMERCIAL,0
COMMUNITY COMMERCIAL,859,COMMUNITY COMMERCIAL,0
COMMUNITY COMMERCIAL,860,COMMUNITY COMMERCIAL,0
COMMUNITY COMMERCIAL,861,COMMUNITY COMMERCIAL,0
OFFICE,862,OFFICE,0
COMMUNITY COMMERCIAL,863,COMMUNITY COMMERCIAL,0
FEDERAL FACILITIES,864,FEDERAL FACILITIES,0
MIXED USE-6,865,MIXED USE-6,0
GENERAL INDUSTRY,866,GENERAL INDUSTRY,0
PARKS & PUBLIC OPEN SPACE,867,PARKS & PUBLIC OPEN SPACE,0
PARKS & PUBLIC OPEN SPACE,868,PARKS & PUBLIC OPEN SPACE,0
PARKS & PUBLIC OPEN SPACE,869,PARKS & PUBLIC OPEN SPACE,0
MEDIUM-DENSITY RESIDENTIAL,870,MEDIUM-DENSITY RESIDENTIAL,2
PARKS & PUBLIC OPEN SPACE,871,PARKS & PUBLIC OPEN SPACE,0
MEDIUM-DENSITY RESIDENTIAL,872,MEDIUM-DENSITY RESIDENTIAL,2
MEDIUM-DENSITY RESIDENTIAL,873,MEDIUM-DENSITY RESIDENTIAL,2
MEDIUM-DENSITY RESIDENTIAL,874,MEDIUM-DENSITY RESIDENTIAL,2
MEDIUM-DENSITY RESIDENTIAL,875,MEDIUM-DENSITY RESIDENTIAL,2
MEDIUM-DENSITY RESIDENTIAL,876,MEDIUM-DENSITY RESIDENTIAL,2
MEDIUM-DENSITY RESIDENTIAL,877,MEDIUM-DENSITY RESIDENTIAL,2
MEDIUM-DENSITY RESIDENTIAL,878,MEDIUM-DENSITY RESIDENTIAL,2
MEDIUM-DENSITY RESIDENTIAL,879,MEDIUM-DENSITY RESIDENTIAL,2
MEDIUM-DENSITY RESIDENTIAL,880,MEDIUM-DENSITY RESIDENTIAL,2
MIXED USE-6,881,MIXED USE-6_MF,2
MEDIUM-DENSITY RESIDENTIAL,882,MEDIUM-DENSITY RESIDENTIAL,2
COMMUNITY COMMERCIAL,883,COMMUNITY COMMERCIAL,0
BUSINESS PARK,884,BUSINESS PARK,0
MIXED USE-7,998,MIXED USE-7_MF,2
MIXED USE-7,999,MIXED USE-7_MF,2
