id,general_pl,Zoning
0,NA,3
1,NA,0
2,NA,0
4,NA,0
5,NA,0
6,NA,3
7,NA,0
8,NA,0
9,NA,0
10,NA,0
11,NA,0
12,NA,0
13,NA,0
14,NA,0
15,NA,0
16,NA,3
17,NA,3
18,NA,0
19,NA,3
20,NA,0
21,NA,0
22,NA,0
23,NA,3
24,NA,0
25,NA,3
26,NA,0
27,NA,0
28,NA,0
29,NA,0
30,NA,0
31,NA,0
32,NA,0
33,NA,0
34,NA,0
35,NA,0
36,NA,0
37,NA,0
38,NA,0
39,NA,0
40,NA,0
41,NA,3
42,NA,0
43,NA,0
44,NA,0
45,NA,0
46,NA,0
47,NA,0
48,NA,0
49,NA,0
50,NA,0
51,NA,3
52,NA,0
53,NA,0
54,NA,0
55,NA,0
56,NA,0
57,NA,0
58,NA,0
59,NA,0
60,NA,0
61,NA,0
62,NA,0
63,NA,0
64,NA,0
65,NA,0
66,NA,0
67,NA,0
68,NA,0
69,NA,3
70,NA,0
71,NA,0
72,NA,0
73,NA,3
74,NA,3
75,NA,3
76,NA,0
77,NA,3
78,NA,3
79,NA,3
80,NA,0
81,NA,3
82,NA,3
83,NA,3
84,BP,0
85,BP,0
86,BP,3
87,BP,0
88,BP,0
89,BP,0
90,BP,0
91,BP,0
92,BP,3
93,BP,3
94,BP,0
95,BP,0
96,BP,0
97,BP,0
98,BP,0
99,BP,0
100,BP,0
101,BP,0
102,BP,0
103,BP,0
104,BP,0
105,BP,0
106,BP,0
107,BP,0
108,BP,0
109,BP,0
110,BP,0
111,BP,0
112,BP,0
113,BP,3
114,BP,0
115,BP,0
116,BP,0
117,BP,0
118,BP,0
119,BP,3
120,CMU,0
121,CMU,0
122,CMU,0
123,CMU,0
124,CMU,0
125,CMU,0
126,CMU,0
127,CMU,0
128,CMU,0
129,CMU,0
130,CMU,0
131,CMU,0
132,CMU,0
133,CMU,0
134,CMU,0
135,CMU,0
136,CMU,0
137,CMU,0
138,CMU,0
139,CMU,0
140,CMU,0
141,CMU,0
142,CMU,0
143,CMU,0
144,CMU,0
145,CMU,0
146,CMU,3
147,CMU,0
148,CMU,0
149,CMU,0
150,CMU,0
151,CMU,0
152,CMU,0
153,CMU,0
154,CMU,0
155,CMU,0
156,CMU,0
157,CMU,0
158,CMU,0
159,CMU,0
160,CMU,0
161,CMU,0
162,CMU,0
163,CMU,0
164,CMU,0
165,CMU,0
166,CMU,0
167,CMU,0
168,CMU,0
169,CMU,0
170,CMU,0
171,CMU,0
172,CMU,0
173,CMU,0
174,CMU,0
175,CMU,0
176,CMU,0
177,CMU,0
178,CMU,3
179,CMU,0
180,CMU,0
181,CNWS_I,0
182,CNWS_I,0
183,CNWS_I,0
184,CNWS_I,0
185,CNWS_I,0
186,CNWS_I,0
187,CNWS_I,0
188,CNWS_I,0
189,CNWS_I,0
190,CNWS_I,0
191,CNWS_I,0
192,CNWS_I,0
193,CNWS_I,0
194,CNWS_I,0
195,CNWS_I,0
196,CNWS_I,0
197,CNWS_I,0
198,CNWS_I,0
199,CNWS_T,3
200,CNWS_T,3
201,CNWS_T,3
202,CNWS_T,3
203,CNWS_T,3
204,CNWS_T,3
205,CNWS_T,3
206,CNWS_T,3
207,CNWS_T,3
208,CNWS_T,3
209,CNWS_T,3
210,CNWS_T,3
211,CO,0
212,CO,0
213,CO,0
214,CO,0
215,CO,0
216,CO,0
217,CO,0
218,CO,0
219,CO,0
220,CO,0
221,CO,0
222,CO,0
223,CO,0
224,CO,0
225,CO,0
226,CO,0
227,CO,0
228,CO,0
229,CO,0
230,CO,0
231,CO,0
232,CO,0
233,CO,0
234,CO,0
235,CO,0
236,CO,0
237,CO,0
238,CO,0
239,DTMU,0
240,DTMU,3
241,DTMU,0
242,DTMU,3
243,DTMU,3
244,DTMU,3
245,DTMU,3
246,DTMU,0
247,DTMU,3
248,DTMU,3
249,DTMU,0
250,DTMU,3
251,DTMU,3
252,DTMU,2
253,DTMU,3
254,DTMU,3
255,DTMU,0
256,DTMU,3
257,DTMU,0
258,DTMU,3
259,DTMU,3
260,DTMU,0
261,DTMU,3
262,DTMU,3
263,DTMU,3
264,DTMU,0
265,DTMU,0
266,DTMU,0
267,DTMU,3
268,DTMU,3
269,DTMU,0
270,DTMU,3
271,DTMU,0
272,DTMU,3
273,DTMU,0
274,DTMU,3
275,DTMU,3
276,DTMU,0
277,DTMU,0
278,DTMU,3
279,DTMU,3
280,DTMU,0
281,DTMU,3
282,DTMU,0
283,DTMU,0
284,DTMU,3
285,DTMU,0
286,DTMU,3
287,DTMU,0
288,DTMU,3
289,DTMU,3
290,DTMU,0
291,DTMU,3
292,DTMU,3
293,DTMU,0
294,DTMU,3
295,DTMU,3
296,DTMU,3
297,DTMU,0
298,DTMU,3
299,DTMU,3
300,DTMU,0
301,DTMU,3
302,DTMU,3
303,DTMU,3
304,DTMU,2
305,DTMU,3
306,DTMU,3
307,DTMU,3
308,DTMU,3
309,DTMU,2
310,DTMU,2
311,DTMU,3
312,DTMU,3
313,DTMU,3
314,DTMU,3
315,DTMU,3
316,DTMU,0
317,DTMU,2
318,DTMU,0
319,DTMU,0
320,DTMU,0
321,DTMU,3
322,DTMU,0
323,DTMU,3
324,DTMU,3
325,DTMU,3
326,DTMU,0
327,DTMU,0
328,DTMU,3
329,DTMU,0
330,DTMU,3
331,DTMU,0
332,DTMU,3
333,DTMU,3
334,DTMU,3
335,DTMU,0
336,DTMU,3
337,DTMU,3
338,DTMU,3
339,DTMU,3
340,DTMU,2
341,DTMU,2
342,DTMU,3
343,DTMU,2
344,DTMU,3
345,DTMU,0
346,DTMU,3
347,DTMU,2
348,DTMU,3
349,DTMU,3
350,DTMU,2
351,DTMU,3
352,DTMU,3
353,DTMU,0
354,DTMU,0
355,DTMU,3
356,DTMU,0
357,DTMU,3
358,DTMU,3
359,DTMU,0
360,DTMU,3
361,DTMU,3
362,DTMU,0
363,DTMU,3
364,DTMU,3
365,DTMU,3
366,DTMU,3
367,DTMU,0
368,DTMU,3
369,DTMU,0
370,DTMU,3
371,DTMU,3
372,DTMU,3
373,DTMU,3
374,DTMU,0
375,DTMU,0
376,DTMU,3
377,DTMU,0
378,DTMU,3
379,DTMU,3
380,DTMU,3
381,DTMU,3
382,DTMU,0
383,DTMU,3
384,DTMU,0
385,DTMU,3
386,DTMU,3
387,DTMU,0
388,DTPD,0
389,DTPD,0
390,DTPD,0
391,DTPD,0
392,DTPD,0
393,DTPD,0
394,DTPD,0
395,DTPD,0
396,DTPD,0
397,DTPD,0
398,DTPD,0
399,DTPD,0
400,DTPD,0
401,DTPD,0
402,DTPD,0
403,DTPD,0
404,DTPD,0
405,DTPD,0
406,DTPD,0
407,DTPD,0
408,HDR,2
409,HDR,2
410,HDR,2
411,HDR,2
412,HDR,2
413,HDR,2
414,HDR,2
415,HDR,2
416,HDR,2
417,HDR,3
418,HDR,2
419,HDR,2
420,HDR,2
421,HDR,2
422,HDR,2
423,HDR,2
424,HDR,2
425,HDR,2
426,HI,3
427,HI,3
428,HI,3
429,HI,3
430,HI,3
431,IMU,0
432,IMU,0
433,IMU,0
434,IMU,0
435,IMU,3
436,LDR,1
437,LDR,3
438,LDR,3
439,LDR,3
440,LDR,3
441,LDR,3
442,LDR,3
443,LDR,3
444,LDR,3
445,LDR,3
446,LDR,3
447,LDR,3
448,LDR,3
449,LDR,3
450,LDR,3
451,LDR,3
452,LDR,3
453,LDR,1
454,LDR,3
455,LDR,3
456,LDR,1
457,LDR,1
458,LDR,3
459,LDR,3
460,LDR,3
461,LDR,3
462,LDR,3
463,LDR,3
464,LDR,3
465,LDR,3
466,LDR,1
467,LDR,3
468,LDR,3
469,LDR,3
470,LDR,3
471,LDR,1
472,LDR,1
473,LDR,3
474,LDR,3
475,LDR,1
476,LDR,3
477,LDR,3
478,LDR,3
479,LDR,1
480,LDR,3
481,LDR,3
482,LDR,3
483,LDR,3
484,LDR,1
485,LDR,3
486,LDR,3
487,LDR,3
488,LDR,3
489,LDR,3
490,LDR,3
491,LDR,3
492,LDR,3
493,LDR,3
494,LDR,3
495,LDR,3
496,LDR,1
497,LDR,3
498,LDR,1
499,LDR,3
500,LDR,3
501,LDR,3
502,LDR,3
503,LDR,1
504,LDR,3
505,LDR,1
506,LDR,3
507,LDR,1
508,LDR,3
509,LDR,3
510,LDR,3
511,LDR,3
512,LDR,3
513,LDR,3
514,LDR,3
515,LDR,3
516,LDR,3
517,LDR,3
518,LDR,3
519,LDR,3
520,LDR,1
521,LDR,3
522,LDR,1
523,LDR,3
524,LDR,3
525,LDR,3
526,LDR,3
527,LDR,3
528,LDR,1
529,LDR,3
530,LDR,3
531,LDR,3
532,LDR,1
533,LDR,3
534,LDR,3
535,LDR,1
536,LDR,3
537,LDR,3
538,LDR,3
539,LDR,3
540,LDR,3
541,LDR,1
542,LDR,1
543,LDR,3
544,LDR,3
545,LDR,3
546,LDR,3
547,LDR,3
548,LDR,3
549,LDR,3
550,LDR,3
551,LDR,1
552,LDR,1
553,LDR,3
554,LDR,1
555,LDR,3
556,LDR,3
557,LDR,3
558,LDR,1
559,LDR,1
560,LDR,3
561,LDR,3
562,LDR,3
563,LDR,3
564,LDR,3
565,LDR,3
566,LDR,3
567,LDR,3
568,LDR,3
569,LDR,3
570,LDR,1
571,LDR,3
572,LDR,3
573,LDR,1
574,LDR,3
575,LDR,3
576,LDR,3
577,LDR,3
578,LDR,3
579,LDR,3
580,LDR,1
581,LDR,3
582,LDR,3
583,LDR,3
584,LDR,3
585,LDR,1
586,LDR,3
587,LDR,3
588,LDR,1
589,LDR,3
590,LDR,3
591,LDR,3
592,LDR,1
593,LDR,3
594,LDR,1
595,LDR,3
596,LDR,3
597,LDR,1
598,LDR,3
599,LDR,1
600,LDR,1
601,LDR,3
602,LDR,3
603,LDR,3
604,LDR,3
605,LDR,3
606,LDR,3
607,LDR,3
608,LDR,3
609,LDR,3
610,LDR,3
611,LDR,3
612,LDR,1
613,LDR,3
614,LDR,3
615,LDR,1
616,LDR,3
617,LDR,3
618,LDR,1
619,LDR,3
620,LDR,3
621,LDR,3
622,LDR,1
623,LDR,3
624,LDR,3
625,LDR,3
626,LDR,1
627,LDR,1
628,LDR,3
629,LDR,3
630,LDR,1
631,LDR,3
632,LDR,3
633,LDR,3
634,LDR,3
635,LDR,3
636,LDR,3
637,LDR,1
638,LDR,3
639,LDR,3
640,LDR,3
641,LDR,3
642,LDR,3
643,LDR,3
644,LDR,3
645,LDR,3
646,LDR,1
647,LDR,3
648,LDR,3
649,LDR,3
650,LDR,3
651,LDR,3
652,LDR,1
653,LDR,3
654,LDR,3
655,LDR,1
656,LDR,1
657,LDR,1
658,LDR,3
659,LDR,3
660,LDR,3
661,LDR,3
662,LDR,3
663,LDR,3
664,LDR,1
665,LDR,3
666,LDR,3
667,LDR,3
668,LDR,1
669,LDR,3
670,LDR,3
671,LDR,3
672,LDR,3
673,LDR,1
674,LDR,3
675,LDR,3
676,LDR,3
677,LDR,3
678,LDR,1
679,LDR,3
680,LDR,3
681,LDR,3
682,LDR,3
683,LDR,1
684,LDR,1
685,LDR,1
686,LDR,3
687,LDR,3
688,LDR,3
689,LDR,3
690,LDR,3
691,LDR,1
692,LDR,3
693,LDR,3
694,LDR,3
695,LDR,1
696,LDR,3
697,LDR,1
698,LDR,3
699,LDR,3
700,LDR,3
701,LDR,3
702,LDR,1
703,LDR,3
704,LDR,3
705,LDR,1
706,LDR,3
707,LDR,3
708,LDR,3
709,LDR,1
710,LDR,3
711,LDR,3
712,LDR,3
713,LDR,3
714,LDR,3
715,LDR,3
716,LDR,3
717,LDR,1
718,LDR,3
719,LDR,3
720,LDR,3
721,LDR,3
722,LDR,3
723,LDR,3
724,LDR,3
725,LDR,3
726,LDR,3
727,LDR,3
728,LDR,1
729,LDR,3
730,LDR,3
731,LDR,3
732,LDR,1
733,LDR,3
734,LDR,1
735,LDR,3
736,LDR,3
737,LDR,3
738,LDR,1
739,LDR,3
740,LDR,3
741,LDR,1
742,LDR,1
743,LDR,1
744,LDR,3
745,LDR,1
746,LDR,3
747,LDR,3
748,LDR,3
749,LDR,1
750,LDR,3
751,LDR,3
752,LDR,3
753,LDR,3
754,LDR,1
755,LDR,1
756,LDR,1
757,LDR,3
758,LDR,3
759,LDR,3
760,LDR,3
761,LDR,3
762,LDR,3
763,LDR,3
764,LDR,3
765,LDR,3
766,LDR,3
767,LDR,3
768,LDR,3
769,LDR,3
770,LDR,3
771,LDR,3
772,LDR,3
773,LDR,3
774,LDR,3
775,LDR,3
776,LDR,1
777,LDR,3
778,LDR,3
779,LDR,1
780,LDR,3
781,LDR,3
782,LDR,3
783,LDR,1
784,LDR,1
785,LDR,3
786,LDR,3
787,LDR,3
788,LDR,3
789,LDR,1
790,LDR,3
791,LDR,1
792,LDR,3
793,LDR,1
794,LDR,3
795,LDR,1
796,LDR,1
797,LDR,3
798,LDR,3
799,LDR,3
800,LDR,3
801,LDR,3
802,LDR,1
803,LDR,1
804,LDR,3
805,LDR,3
806,LDR,3
807,LDR,1
808,LDR,3
809,LDR,3
810,LDR,3
811,LDR,3
812,LDR,3
813,LDR,3
814,LDR,3
815,LDR,3
816,LDR,3
817,LDR,1
818,LDR,3
819,LDR,3
820,LDR,3
821,LDR,1
822,LDR,1
823,LDR,1
824,LDR,1
825,LDR,3
826,LDR,1
827,LDR,3
828,LDR,3
829,LDR,1
830,LDR,3
831,LDR,3
832,LDR,3
833,LDR,1
834,LDR,3
835,LDR,3
836,LDR,3
837,LDR,3
838,LDR,1
839,LDR,3
840,LDR,3
841,LDR,3
842,LDR,1
843,LDR,3
844,LDR,3
845,LDR,3
846,LDR,1
847,LDR,3
848,LDR,3
849,LDR,1
850,LDR,3
851,LDR,1
852,LDR,3
853,LDR,3
854,LDR,1
855,LDR,3
856,LDR,1
857,LDR,1
858,LDR,3
859,LDR,3
860,LDR,1
861,LDR,3
862,LDR,1
863,LDR,3
864,LDR,3
865,LDR,3
866,LDR,3
867,LDR,3
868,LDR,1
869,LDR,3
870,LDR,3
871,LDR,3
872,LDR,3
873,LDR,3
874,LDR,3
875,LDR,3
876,LDR,3
877,LDR,3
878,LDR,1
879,LDR,3
880,LDR,3
881,LDR,1
882,LDR,1
883,LDR,3
884,LDR,3
885,LDR,3
886,LDR,3
887,LDR,1
888,LDR,1
889,LDR,3
890,LDR,3
891,LDR,1
892,LDR,3
893,LDR,3
894,LDR,1
895,LDR,3
896,LDR,3
897,LDR,3
898,LDR,1
899,LDR,1
900,LDR,3
901,LDR,1
902,LDR,3
903,LDR,1
904,LDR,3
905,LDR,3
906,LDR,3
907,LDR,3
908,LDR,1
909,LDR,3
910,LDR,3
911,LDR,3
912,LDR,3
913,LDR,3
914,LDR,1
915,LDR,3
916,LDR,3
917,LDR,1
918,LDR,3
919,LDR,3
920,LDR,1
921,LDR,3
922,LDR,3
923,LDR,3
924,LDR,3
925,LDR,3
926,LDR,1
927,LDR,1
928,LDR,3
929,LDR,3
930,LDR,3
931,LDR,3
932,LDR,1
933,LDR,3
934,LDR,3
935,LDR,1
936,LDR,3
937,LDR,1
938,LDR,3
939,LDR,1
940,LDR,3
941,LDR,3
942,LDR,3
943,LDR,3
944,LDR,3
945,LDR,3
946,LDR,1
947,LDR,3
948,LDR,1
949,LDR,3
950,LDR,3
951,LDR,1
952,LDR,3
953,LDR,1
954,LDR,3
955,LDR,3
956,LDR,3
957,LDR,3
958,LDR,3
959,LDR,3
960,LDR,3
961,LDR,1
962,LDR,3
963,LDR,1
964,LDR,3
965,LDR,1
966,LDR,1
967,LDR,3
968,LDR,3
969,LDR,3
970,LDR,3
971,LDR,3
972,LDR,1
973,LDR,1
974,LDR,3
975,LDR,3
976,LDR,1
977,LDR,3
978,LDR,1
979,LDR,3
980,LDR,3
981,LDR,3
982,LDR,1
983,LDR,1
984,LDR,1
985,LDR,3
986,LDR,3
987,LDR,3
988,LDR,3
989,LDR,3
990,LDR,3
991,LDR,1
992,LDR,3
993,LDR,3
994,LDR,3
995,LDR,3
996,LDR,3
997,LDR,3
998,LDR,3
999,LDR,1
1000,LDR,3
1001,LDR,3
1002,LDR,1
1003,LDR,1
1004,LDR,3
1005,LDR,1
1006,LDR,3
1007,LDR,3
1008,LDR,1
1009,LDR,1
1010,LDR,3
1011,LDR,3
1012,LDR,3
1013,LDR,3
1014,LDR,1
1015,LDR,1
1016,LDR,3
1017,LDR,3
1018,LDR,3
1019,LDR,3
1020,LDR,1
1021,LDR,3
1022,LDR,3
1023,LDR,1
1024,LDR,3
1025,LDR,3
1026,LDR,3
1027,LDR,1
1028,LDR,3
1029,LDR,3
1030,LDR,3
1031,LDR,3
1032,LDR,3
1033,LDR,3
1034,LDR,3
1035,LDR,3
1036,LDR,1
1037,LDR,3
1038,LDR,3
1039,LDR,3
1040,LDR,1
1041,LDR,3
1042,LDR,3
1043,LDR,3
1044,LDR,1
1045,LDR,3
1046,LDR,1
1047,LDR,3
1048,LDR,3
1049,LDR,3
1050,LDR,3
1051,LDR,3
1052,LDR,3
1053,LDR,3
1054,LDR,3
1055,LDR,3
1056,LDR,1
1057,LDR,3
1058,LDR,1
1059,LDR,3
1060,LDR,3
1061,LDR,1
1062,LDR,3
1063,LDR,3
1064,LDR,3
1065,LDR,3
1066,LDR,3
1067,LDR,3
1068,LDR,3
1069,LDR,3
1070,LDR,1
1071,LDR,3
1072,LDR,3
1073,LDR,3
1074,LDR,3
1075,LDR,3
1076,LDR,3
1077,LDR,3
1078,LDR,3
1079,LDR,3
1080,LDR,3
1081,LDR,3
1082,LDR,3
1083,LDR,3
1084,LDR,3
1085,LDR,3
1086,LDR,3
1087,LDR,3
1088,LDR,1
1089,LDR,3
1090,LDR,1
1091,LDR,3
1092,LDR,3
1093,LDR,1
1094,LDR,3
1095,LDR,3
1096,LDR,3
1097,LDR,3
1098,LDR,3
1099,LDR,3
1100,LDR,1
1101,LDR,3
1102,LDR,3
1103,LDR,1
1104,LDR,1
1105,LDR,1
1106,LDR,3
1107,LDR,3
1108,LDR,3
1109,LDR,3
1110,LDR,3
1111,LDR,3
1112,LDR,3
1113,LDR,1
1114,LDR,1
1115,LDR,3
1116,LDR,3
1117,LDR,1
1118,LDR,3
1119,LDR,1
1120,LDR,3
1121,LDR,1
1122,LDR,3
1123,LDR,3
1124,LDR,1
1125,LDR,3
1126,LDR,3
1127,LDR,1
1128,LDR,3
1129,LDR,3
1130,LDR,1
1131,LDR,3
1132,LDR,3
1133,LDR,3
1134,LDR,1
1135,LDR,3
1136,LDR,3
1137,LDR,3
1138,LDR,3
1139,LDR,3
1140,LDR,1
1141,LDR,1
1142,LDR,3
1143,LDR,3
1144,LDR,3
1145,LDR,3
1146,LDR,1
1147,LDR,3
1148,LDR,3
1149,LDR,1
1150,LDR,3
1151,LDR,3
1152,LDR,1
1153,LDR,3
1154,LDR,1
1155,LDR,3
1156,LDR,3
1157,LDR,3
1158,LDR,1
1159,LDR,3
1160,LDR,3
1161,LDR,1
1162,LDR,1
1163,LDR,3
1164,LDR,3
1165,LDR,3
1166,LDR,1
1167,LDR,3
1168,LDR,3
1169,LDR,3
1170,LDR,3
1171,LDR,3
1172,LDR,3
1173,LDR,3
1174,LDR,3
1175,LDR,1
1176,LDR,3
1177,LDR,3
1178,LDR,3
1179,LDR,1
1180,LDR,3
1181,LDR,3
1182,LDR,1
1183,LDR,3
1184,LDR,3
1185,LDR,3
1186,LDR,3
1187,LDR,3
1188,LDR,1
1189,LDR,3
1190,LDR,1
1191,LDR,3
1192,LDR,1
1193,LDR,3
1194,LDR,3
1195,LDR,1
1196,LDR,3
1197,LDR,3
1198,LDR,3
1199,LDR,1
1200,LDR,3
1201,LDR,1
1202,LDR,3
1203,LDR,3
1204,LDR,3
1205,LDR,3
1206,LDR,3
1207,LDR,3
1208,LDR,1
1209,LDR,3
1210,LDR,3
1211,LDR,3
1212,LDR,1
1213,LDR,3
1214,LDR,3
1215,LDR,3
1216,LDR,1
1217,LDR,3
1218,LDR,3
1219,LDR,1
1220,LDR,1
1221,LDR,3
1222,LDR,3
1223,LDR,1
1224,LDR,3
1225,LDR,1
1226,LDR,3
1227,LDR,3
1228,LDR,3
1229,LDR,3
1230,LDR,3
1231,LDR,3
1232,LDR,1
1233,LDR,3
1234,LDR,1
1235,LDR,3
1236,LDR,3
1237,LDR,1
1238,LDR,3
1239,LDR,3
1240,LDR,1
1241,LDR,3
1242,LDR,3
1243,LDR,3
1244,LDR,1
1245,LDR,3
1246,LDR,1
1247,LDR,1
1248,LDR,3
1249,LDR,3
1250,LDR,3
1251,LDR,1
1252,LDR,3
1253,LDR,1
1254,LDR,3
1255,LDR,1
1256,LDR,3
1257,LDR,3
1258,LDR,3
1259,LDR,3
1260,LDR,1
1261,LDR,3
1262,LDR,1
1263,LDR,3
1264,LDR,1
1265,LDR,3
1266,LDR,3
1267,LDR,1
1268,LDR,1
1269,LDR,3
1270,LDR,1
1271,LDR,1
1272,LDR,3
1273,LDR,1
1274,LDR,3
1275,LDR,1
1276,LDR,3
1277,LDR,3
1278,LDR,3
1279,LDR,3
1280,LDR,3
1281,LDR,3
1282,LDR,3
1283,LDR,1
1284,LDR,3
1285,LDR,3
1286,LDR,3
1287,LDR,3
1288,LDR,3
1289,LDR,3
1290,LDR,3
1291,LDR,1
1292,LDR,3
1293,LDR,1
1294,LDR,3
1295,LDR,3
1296,LDR,3
1297,LDR,3
1298,LDR,3
1299,LDR,3
1300,LDR,1
1301,LDR,3
1302,LDR,3
1303,LDR,3
1304,LDR,3
1305,LDR,3
1306,LDR,1
1307,LDR,1
1308,LDR,3
1309,LDR,1
1310,LDR,3
1311,LDR,3
1312,LDR,3
1313,LDR,3
1314,LDR,1
1315,LDR,1
1316,LDR,3
1317,LDR,3
1318,LDR,1
1319,LDR,3
1320,LDR,3
1321,LDR,3
1322,LDR,3
1323,LDR,3
1324,LDR,3
1325,LDR,3
1326,LDR,3
1327,LDR,3
1328,LDR,3
1329,LDR,3
1330,LDR,1
1331,LDR,3
1332,LDR,3
1333,LDR,1
1334,LDR,3
1335,LDR,1
1336,LDR,3
1337,LDR,1
1338,LDR,3
1339,LDR,1
1340,LDR,3
1341,LDR,1
1342,LDR,3
1343,LDR,1
1344,LDR,3
1345,LDR,3
1346,LDR,3
1347,LDR,1
1348,LDR,3
1349,LDR,3
1350,LDR,3
1351,LDR,3
1352,LDR,1
1353,LDR,3
1354,LDR,3
1355,LDR,3
1356,LDR,3
1357,LDR,3
1358,LDR,1
1359,LDR,1
1360,LDR,1
1361,LDR,3
1362,LDR,3
1363,LDR,3
1364,LDR,3
1365,LDR,1
1366,LDR,3
1367,LDR,3
1368,LDR,3
1369,LDR,3
1370,LDR,1
1371,LDR,1
1372,LDR,3
1373,LDR,1
1374,LDR,3
1375,LDR,3
1376,LDR,3
1377,LDR,3
1378,LDR,1
1379,LDR,3
1380,LDR,1
1381,LDR,3
1382,LDR,3
1383,LDR,3
1384,LDR,3
1385,LDR,3
1386,LDR,1
1387,LDR,1
1388,LDR,3
1389,LDR,3
1390,LDR,3
1391,LDR,1
1392,LDR,3
1393,LDR,3
1394,LDR,1
1395,LDR,3
1396,LDR,3
1397,LDR,3
1398,LDR,1
1399,LDR,3
1400,LDR,3
1401,LDR,3
1402,LDR,1
1403,LDR,3
1404,LDR,3
1405,LDR,3
1406,LDR,1
1407,LDR,3
1408,LDR,3
1409,LDR,3
1410,LDR,3
1411,LDR,3
1412,LDR,3
1413,LDR,3
1414,LDR,3
1415,LDR,1
1416,LDR,3
1417,LDR,1
1418,LDR,3
1419,LDR,3
1420,LDR,1
1421,LDR,1
1422,LDR,3
1423,LDR,3
1424,LDR,3
1425,LDR,1
1426,LDR,3
1427,LDR,1
1428,LDR,3
1429,LDR,3
1430,LDR,3
1431,LDR,1
1432,LDR,3
1433,LDR,3
1434,LDR,1
1435,LDR,3
1436,LDR,3
1437,LDR,3
1438,LDR,3
1439,LDR,3
1440,LDR,3
1441,LDR,3
1442,LDR,1
1443,LDR,3
1444,LDR,3
1445,LDR,1
1446,LDR,3
1447,LDR,3
1448,LDR,1
1449,LDR,3
1450,LDR,3
1451,LDR,1
1452,LDR,3
1453,LDR,3
1454,LDR,1
1455,LDR,3
1456,LDR,3
1457,LDR,1
1458,LDR,3
1459,LDR,3
1460,LDR,3
1461,LDR,1
1462,LDR,1
1463,LDR,1
1464,LDR,3
1465,LDR,3
1466,LDR,3
1467,LDR,3
1468,LDR,1
1469,LDR,3
1470,LDR,1
1471,LDR,3
1472,LDR,3
1473,LDR,3
1474,LDR,3
1475,LDR,1
1476,LDR,3
1477,LDR,3
1478,LDR,1
1479,LDR,3
1480,LDR,3
1481,LDR,3
1482,LDR,3
1483,LDR,3
1484,LDR,3
1485,LDR,1
1486,LDR,3
1487,LDR,3
1488,LDR,3
1489,LDR,1
1490,LDR,3
1491,LDR,3
1492,LDR,3
1493,LDR,3
1494,LDR,1
1495,LDR,1
1496,LDR,3
1497,LDR,3
1498,LDR,1
1499,LDR,1
1500,LDR,3
1501,LDR,3
1502,LDR,3
1503,LDR,1
1504,LDR,3
1505,LDR,1
1506,LDR,1
1507,LDR,3
1508,LDR,3
1509,LDR,3
1510,LDR,3
1511,LDR,1
1512,LDR,3
1513,LDR,3
1514,LDR,3
1515,LDR,1
1516,LDR,1
1517,LDR,1
1518,LDR,3
1519,LDR,3
1520,LDR,1
1521,LDR,3
1522,LDR,3
1523,LDR,3
1524,LDR,3
1525,LDR,1
1526,LDR,3
1527,LDR,3
1528,LDR,1
1529,LDR,3
1530,LDR,3
1531,LDR,3
1532,LDR,3
1533,LDR,3
1534,LDR,3
1535,LDR,3
1536,LDR,3
1537,LDR,3
1538,LDR,3
1539,LDR,3
1540,LDR,3
1541,LDR,3
1542,LDR,1
1543,LDR,3
1544,LDR,3
1545,LDR,3
1546,LDR,1
1547,LDR,3
1548,LDR,3
1549,LDR,3
1550,LDR,3
1551,LDR,3
1552,LDR,1
1553,LDR,3
1554,LDR,3
1555,LDR,3
1556,LDR,1
1557,LDR,3
1558,LDR,3
1559,LDR,3
1560,LDR,1
1561,LDR,3
1562,LDR,3
1563,LDR,1
1564,LDR,3
1565,LDR,1
1566,LDR,3
1567,LDR,3
1568,LDR,3
1569,LDR,3
1570,LDR,1
1571,LDR,3
1572,LDR,3
1573,LDR,3
1574,LDR,3
1575,LDR,1
1576,LDR,3
1577,LDR,3
1578,LDR,3
1579,LDR,1
1580,LDR,3
1581,LDR,1
1582,LDR,3
1583,LDR,1
1584,LDR,3
1585,LDR,3
1586,LDR,1
1587,LDR,3
1588,LDR,3
1589,LDR,3
1590,LDR,3
1591,LDR,1
1592,LDR,3
1593,LDR,3
1594,LDR,3
1595,LDR,3
1596,LDR,3
1597,LDR,1
1598,LDR,3
1599,LDR,3
1600,LDR,3
1601,LDR,3
1602,LDR,3
1603,LDR,3
1604,LDR,3
1605,LDR,3
1606,LDR,3
1607,LDR,3
1608,LDR,3
1609,LDR,1
1610,LDR,3
1611,LDR,3
1612,LDR,3
1613,LDR,1
1614,LDR,3
1615,LDR,3
1616,LDR,3
1617,LDR,1
1618,LDR,3
1619,LDR,3
1620,LDR,1
1621,LDR,3
1622,LDR,3
1623,LDR,1
1624,LDR,3
1625,LDR,3
1626,LDR,3
1627,LDR,3
1628,LDR,1
1629,LDR,1
1630,LDR,3
1631,LDR,3
1632,LDR,3
1633,LDR,3
1634,LDR,1
1635,LDR,3
1636,LDR,1
1637,LDR,3
1638,LDR,3
1639,LDR,1
1640,LDR,1
1641,LDR,3
1642,LDR,1
1643,LDR,3
1644,LDR,3
1645,LDR,1
1646,LDR,1
1647,LDR,3
1648,LDR,3
1649,LDR,1
1650,LDR,3
1651,LDR,3
1652,LDR,3
1653,LDR,3
1654,LDR,3
1655,LDR,3
1656,LDR,3
1657,LDR,3
1658,LDR,1
1659,LDR,3
1660,LDR,1
1661,LDR,3
1662,LDR,3
1663,LDR,1
1664,LDR,3
1665,LDR,1
1666,LDR,3
1667,LDR,1
1668,LDR,3
1669,LDR,1
1670,LDR,3
1671,LDR,3
1672,LDR,1
1673,LDR,3
1674,LDR,1
1675,LDR,3
1676,LDR,3
1677,LDR,1
1678,LDR,1
1679,LDR,3
1680,LDR,3
1681,LDR,1
1682,LDR,3
1683,LDR,3
1684,LDR,3
1685,LDR,3
1686,LDR,3
1687,LDR,1
1688,LDR,3
1689,LDR,3
1690,LDR,3
1691,LDR,1
1692,LDR,3
1693,LDR,3
1694,LDR,3
1695,LDR,3
1696,LDR,3
1697,LDR,3
1698,LDR,1
1699,LDR,3
1700,LDR,3
1701,LDR,1
1702,LDR,1
1703,LDR,1
1704,LDR,3
1705,LDR,1
1706,LDR,3
1707,LDR,3
1708,LDR,3
1709,LDR,3
1710,LDR,1
1711,LDR,3
1712,LDR,1
1713,LDR,3
1714,LDR,3
1715,LDR,3
1716,LDR,3
1717,LDR,3
1718,LDR,3
1719,LDR,3
1720,LDR,3
1721,LDR,3
1722,LDR,3
1723,LDR,3
1724,LDR,3
1725,LDR,3
1726,LDR,3
1727,LDR,3
1728,LDR,1
1729,LDR,3
1730,LDR,3
1731,LDR,3
1732,LDR,1
1733,LDR,3
1734,LDR,3
1735,LDR,3
1736,LDR,3
1737,LDR,3
1738,LDR,1
1739,LDR,3
1740,LDR,3
1741,LDR,3
1742,LDR,1
1743,LDR,3
1744,LDR,3
1745,LDR,1
1746,LDR,3
1747,LDR,3
1748,LDR,3
1749,LDR,3
1750,LDR,1
1751,LDR,3
1752,LDR,3
1753,LDR,3
1754,LDR,1
1755,LDR,1
1756,LDR,3
1757,LDR,3
1758,LDR,3
1759,LDR,3
1760,LDR,3
1761,LDR,3
1762,LDR,1
1763,LDR,3
1764,LDR,3
1765,LDR,3
1766,LDR,3
1767,LDR,3
1768,LDR,3
1769,LDR,1
1770,LDR,3
1771,LDR,1
1772,LDR,3
1773,LDR,3
1774,LDR,3
1775,LDR,3
1776,LDR,3
1777,LDR,3
1778,LDR,3
1779,LDR,3
1780,LDR,3
1781,LDR,1
1782,LDR,3
1783,LDR,3
1784,LDR,3
1785,LDR,1
1786,LDR,3
1787,LDR,3
1788,LDR,3
1789,LDR,3
1790,LDR,1
1791,LDR,3
1792,LDR,3
1793,LDR,1
1794,LDR,3
1795,LDR,3
1796,LDR,3
1797,LDR,1
1798,LDR,3
1799,LDR,3
1800,LDR,3
1801,LDR,3
1802,LDR,1
1803,LDR,3
1804,LDR,1
1805,LDR,3
1806,LDR,3
1807,LDR,3
1808,LDR,3
1809,LDR,1
1810,LDR,3
1811,LDR,3
1812,LDR,3
1813,LDR,3
1814,LDR,1
1815,LDR,3
1816,LDR,1
1817,LDR,3
1818,LDR,3
1819,LDR,3
1820,LDR,3
1821,LDR,3
1822,LDR,3
1823,LDR,3
1824,LDR,3
1825,LDR,3
1826,LDR,3
1827,LDR,3
1828,LDR,1
1829,LDR,3
1830,LDR,3
1831,LDR,3
1832,LDR,3
1833,LDR,3
1834,LDR,3
1835,LDR,3
1836,LDR,3
1837,LDR,3
1838,LDR,3
1839,LDR,3
1840,LDR,1
1841,LDR,3
1842,LDR,3
1843,LDR,3
1844,LDR,1
1845,LDR,3
1846,LDR,3
1847,LDR,3
1848,LDR,3
1849,LDR,3
1850,LDR,3
1851,LDR,1
1852,LDR,3
1853,LDR,3
1854,LDR,3
1855,LDR,1
1856,LDR,3
1857,LDR,3
1858,LDR,3
1859,LDR,1
1860,LDR,1
1861,LDR,3
1862,LDR,3
1863,LDR,3
1864,LDR,3
1865,LDR,3
1866,LDR,3
1867,LDR,3
1868,LDR,3
1869,LDR,3
1870,LDR,3
1871,LDR,3
1872,LDR,3
1873,LDR,3
1874,LDR,1
1875,LDR,3
1876,LDR,3
1877,LDR,3
1878,LDR,1
1879,LDR,3
1880,LDR,1
1881,LDR,3
1882,LDR,3
1883,LDR,1
1884,LDR,3
1885,LDR,3
1886,LDR,3
1887,LDR,1
1888,LDR,1
1889,LDR,3
1890,LDR,1
1891,LDR,3
1892,LDR,3
1893,LDR,3
1894,LDR,1
1895,LDR,3
1896,LDR,3
1897,LDR,1
1898,LDR,3
1899,LDR,3
1900,LDR,1
1901,LDR,3
1902,LDR,3
1903,LDR,1
1904,LDR,1
1905,LDR,1
1906,LDR,3
1907,LDR,3
1908,LDR,3
1909,LDR,3
1910,LDR,3
1911,LDR,1
1912,LDR,1
1913,LDR,3
1914,LDR,3
1915,LDR,3
1916,LDR,3
1917,LDR,3
1918,LDR,1
1919,LDR,3
1920,LDR,3
1921,LDR,3
1922,LDR,1
1923,LDR,3
1924,LDR,3
1925,LDR,3
1926,LDR,3
1927,LDR,3
1928,LDR,3
1929,LDR,3
1930,LDR,3
1931,LDR,3
1932,LDR,3
1933,LDR,3
1934,LDR,3
1935,LDR,3
1936,LDR,3
1937,LDR,1
1938,LDR,3
1939,LDR,1
1940,LDR,3
1941,LDR,3
1942,LDR,1
1943,LDR,3
1944,LDR,3
1945,LDR,3
1946,LDR,3
1947,LDR,1
1948,LDR,1
1949,LDR,3
1950,LDR,3
1951,LDR,1
1952,LDR,3
1953,LDR,3
1954,LDR,3
1955,LDR,1
1956,LDR,3
1957,LDR,3
1958,LDR,3
1959,LDR,1
1960,LDR,3
1961,LDR,3
1962,LDR,3
1963,LDR,1
1964,LDR,1
1965,LDR,3
1966,LDR,3
1967,LDR,1
1968,LDR,3
1969,LDR,3
1970,LDR,3
1971,LDR,3
1972,LDR,3
1973,LDR,3
1974,LDR,3
1975,LDR,1
1976,LDR,3
1977,LDR,1
1978,LDR,3
1979,LDR,3
1980,LDR,3
1981,LDR,1
1982,LDR,3
1983,LDR,3
1984,LDR,3
1985,LDR,3
1986,LDR,3
1987,LDR,3
1988,LDR,3
1989,LDR,3
1990,LDR,3
1991,LDR,3
1992,LDR,3
1993,LDR,3
1994,LDR,1
1995,LDR,3
1996,LDR,1
1997,LDR,3
1998,LDR,1
1999,LDR,3
2000,LDR,1
2001,LDR,3
2002,LDR,3
2003,LDR,3
2004,LDR,1
2005,LDR,3
2006,LDR,3
2007,LDR,3
2008,LDR,3
2009,LDR,3
2010,LDR,1
2011,LDR,3
2012,LDR,3
2013,LDR,3
2014,LDR,3
2015,LDR,1
2016,LDR,3
2017,LDR,3
2018,LDR,3
2019,LDR,1
2020,LDR,3
2021,LDR,3
2022,LDR,3
2023,LDR,3
2024,LDR,3
2025,LDR,3
2026,LDR,3
2027,LDR,3
2028,LDR,3
2029,LDR,3
2030,LDR,3
2031,LDR,3
2032,LDR,1
2033,LDR,3
2034,LDR,3
2035,LDR,3
2036,LDR,3
2037,LDR,3
2038,LDR,3
2039,LDR,1
2040,LDR,1
2041,LDR,3
2042,LDR,3
2043,LDR,3
2044,LDR,1
2045,LDR,3
2046,LDR,1
2047,LDR,3
2048,LDR,3
2049,LDR,3
2050,LDR,3
2051,LDR,3
2052,LDR,3
2053,LDR,3
2054,LDR,1
2055,LDR,1
2056,LDR,3
2057,LDR,1
2058,LDR,3
2059,LDR,1
2060,LDR,3
2061,LDR,3
2062,LDR,3
2063,LDR,1
2064,LDR,1
2065,LDR,1
2066,LDR,3
2067,LDR,1
2068,LDR,3
2069,LDR,3
2070,LDR,3
2071,LDR,1
2072,LDR,3
2073,LDR,3
2074,LDR,3
2075,LDR,3
2076,LDR,1
2077,LDR,3
2078,LDR,1
2079,LDR,1
2080,LDR,3
2081,LDR,3
2082,LDR,3
2083,LDR,3
2084,LDR,3
2085,LDR,3
2086,LDR,3
2087,LDR,1
2088,LDR,1
2089,LDR,3
2090,LDR,3
2091,LDR,1
2092,LDR,3
2093,LDR,3
2094,LDR,1
2095,LDR,1
2096,LDR,3
2097,LDR,3
2098,LDR,3
2099,LDR,1
2100,LDR,3
2101,LDR,3
2102,LDR,1
2103,LDR,3
2104,LDR,3
2105,LDR,3
2106,LDR,1
2107,LDR,3
2108,LDR,3
2109,LDR,3
2110,LDR,1
2111,LDR,3
2112,LDR,3
2113,LDR,3
2114,LDR,3
2115,LDR,3
2116,LDR,3
2117,LDR,3
2118,LDR,3
2119,LDR,3
2120,LDR,3
2121,LDR,3
2122,LDR,3
2123,LDR,3
2124,LDR,3
2125,LDR,1
2126,LDR,3
2127,LDR,3
2128,LDR,3
2129,LDR,3
2130,LDR,1
2131,LDR,3
2132,LDR,3
2133,LDR,3
2134,LDR,1
2135,LDR,3
2136,LDR,3
2137,LDR,1
2138,LDR,3
2139,LDR,3
2140,LDR,3
2141,LDR,1
2142,LDR,1
2143,LDR,3
2144,LDR,3
2145,LDR,3
2146,LDR,3
2147,LDR,1
2148,LDR,3
2149,LDR,3
2150,LDR,3
2151,LDR,3
2152,LDR,1
2153,LDR,3
2154,LDR,1
2155,LDR,3
2156,LDR,3
2157,LDR,3
2158,LDR,3
2159,LDR,3
2160,LDR,3
2161,LDR,3
2162,LDR,1
2163,LDR,1
2164,LDR,3
2165,LDR,3
2166,LDR,3
2167,LDR,1
2168,LDR,3
2169,LDR,1
2170,LDR,1
2171,LDR,1
2172,LDR,1
2173,LDR,3
2174,LDR,3
2175,LDR,3
2176,LDR,3
2177,LDR,1
2178,LDR,3
2179,LDR,3
2180,LDR,3
2181,LDR,3
2182,LDR,1
2183,LDR,3
2184,LDR,1
2185,LDR,1
2186,LDR,3
2187,LDR,3
2188,LDR,3
2189,LDR,1
2190,LDR,3
2191,LDR,3
2192,LDR,3
2193,LDR,3
2194,LDR,3
2195,LDR,3
2196,LDR,3
2197,LDR,1
2198,LDR,3
2199,LDR,3
2200,LDR,1
2201,LDR,3
2202,LDR,3
2203,LDR,3
2204,LDR,3
2205,LDR,3
2206,LDR,3
2207,LDR,3
2208,LDR,1
2209,LDR,3
2210,LDR,3
2211,LDR,3
2212,LDR,1
2213,LDR,3
2214,LDR,3
2215,LDR,3
2216,LDR,3
2217,LDR,3
2218,LDR,3
2219,LDR,1
2220,LDR,3
2221,LDR,1
2222,LDR,3
2223,LDR,3
2224,LDR,3
2225,LDR,3
2226,LDR,3
2227,LDR,3
2228,LDR,3
2229,LDR,3
2230,LDR,3
2231,LDR,1
2232,LDR,1
2233,LDR,1
2234,LDR,3
2235,LDR,3
2236,LDR,3
2237,LDR,3
2238,LDR,1
2239,LDR,3
2240,LDR,1
2241,LDR,1
2242,LDR,1
2243,LDR,3
2244,LDR,3
2245,LDR,3
2246,LDR,3
2247,LDR,3
2248,LDR,3
2249,LDR,3
2250,LDR,3
2251,LDR,3
2252,LDR,3
2253,LDR,3
2254,LDR,3
2255,LDR,3
2256,LDR,3
2257,LDR,3
2258,LDR,3
2259,LDR,1
2260,LDR,3
2261,LDR,1
2262,LDR,3
2263,LDR,3
2264,LDR,1
2265,LDR,1
2266,LDR,3
2267,LDR,3
2268,LDR,3
2269,LDR,1
2270,LDR,3
2271,LDR,3
2272,LDR,3
2273,LDR,3
2274,LDR,3
2275,LDR,3
2276,LDR,1
2277,LDR,3
2278,LDR,1
2279,LDR,3
2280,LDR,3
2281,LDR,3
2282,LDR,3
2283,LDR,3
2284,LDR,3
2285,LDR,1
2286,LDR,3
2287,LDR,3
2288,LDR,3
2289,LDR,1
2290,LDR,3
2291,LDR,3
2292,LDR,3
2293,LDR,1
2294,LDR,3
2295,LDR,3
2296,LDR,3
2297,LDR,3
2298,LDR,1
2299,LDR,3
2300,LDR,3
2301,LDR,1
2302,LDR,3
2303,LDR,3
2304,LDR,1
2305,LDR,3
2306,LDR,3
2307,LDR,1
2308,LDR,3
2309,LDR,3
2310,LDR,3
2311,LDR,1
2312,LDR,3
2313,LDR,3
2314,LDR,3
2315,LDR,3
2316,LDR,3
2317,LDR,3
2318,LDR,1
2319,LDR,3
2320,LDR,1
2321,LDR,3
2322,LDR,3
2323,LDR,3
2324,LDR,1
2325,LDR,1
2326,LDR,3
2327,LDR,3
2328,LDR,1
2329,LDR,1
2330,LDR,3
2331,LDR,3
2332,LDR,3
2333,LDR,3
2334,LDR,3
2335,LDR,3
2336,LDR,3
2337,LDR,1
2338,LDR,3
2339,LDR,3
2340,LDR,1
2341,LDR,3
2342,LDR,1
2343,LDR,3
2344,LDR,3
2345,LDR,3
2346,LDR,1
2347,LDR,3
2348,LDR,3
2349,LDR,3
2350,LDR,3
2351,LDR,3
2352,LDR,3
2353,LDR,3
2354,LDR,3
2355,LDR,1
2356,LDR,3
2357,LDR,1
2358,LDR,3
2359,LDR,3
2360,LDR,3
2361,LDR,3
2362,LDR,1
2363,LDR,3
2364,LDR,3
2365,LDR,3
2366,LDR,3
2367,LDR,3
2368,LDR,3
2369,LDR,3
2370,LDR,3
2371,LDR,3
2372,LDR,1
2373,LDR,3
2374,LDR,3
2375,LDR,3
2376,LDR,3
2377,LDR,1
2378,LDR,3
2379,LDR,1
2380,LDR,3
2381,LDR,1
2382,LDR,3
2383,LDR,1
2384,LDR,1
2385,LDR,3
2386,LDR,3
2387,LDR,3
2388,LDR,3
2389,LDR,3
2390,LDR,3
2391,LDR,3
2392,LDR,3
2393,LDR,3
2394,LDR,3
2395,LDR,3
2396,LDR,1
2397,LDR,3
2398,LDR,3
2399,LDR,1
2400,LDR,3
2401,LDR,3
2402,LDR,3
2403,LDR,3
2404,LDR,1
2405,LDR,3
2406,LDR,3
2407,LDR,1
2408,LDR,3
2409,LDR,1
2410,LDR,3
2411,LDR,3
2412,LDR,3
2413,LDR,3
2414,LDR,3
2415,LDR,3
2416,LDR,3
2417,LDR,3
2418,LDR,1
2419,LDR,3
2420,LDR,1
2421,LDR,3
2422,LDR,3
2423,LDR,3
2424,LDR,3
2425,LDR,3
2426,LDR,1
2427,LDR,3
2428,LDR,3
2429,LDR,3
2430,LDR,1
2431,LDR,3
2432,LDR,3
2433,LDR,3
2434,LDR,1
2435,LDR,3
2436,LDR,3
2437,LDR,3
2438,LDR,3
2439,LDR,3
2440,LDR,1
2441,LDR,3
2442,LDR,3
2443,LDR,1
2444,LDR,3
2445,LDR,3
2446,LDR,3
2447,LDR,1
2448,LDR,3
2449,LDR,1
2450,LDR,3
2451,LDR,3
2452,LDR,3
2453,LDR,3
2454,LDR,1
2455,LDR,3
2456,LDR,3
2457,LDR,3
2458,LDR,3
2459,LDR,3
2460,LDR,3
2461,LDR,3
2462,LDR,1
2463,LDR,3
2464,LDR,3
2465,LDR,1
2466,LDR,3
2467,LDR,1
2468,LDR,1
2469,LDR,3
2470,LDR,3
2471,LDR,1
2472,LDR,3
2473,LDR,3
2474,LDR,3
2475,LDR,1
2476,LDR,3
2477,LDR,3
2478,LDR,3
2479,LDR,1
2480,LDR,3
2481,LDR,1
2482,LDR,3
2483,LDR,3
2484,LDR,3
2485,LDR,1
2486,LDR,3
2487,LDR,1
2488,LDR,3
2489,LDR,3
2490,LDR,1
2491,LDR,3
2492,LDR,3
2493,LDR,3
2494,LDR,3
2495,LDR,1
2496,LDR,3
2497,LDR,1
2498,LDR,3
2499,LDR,3
2500,LDR,3
2501,LDR,1
2502,LDR,3
2503,LDR,3
2504,LDR,1
2505,LDR,3
2506,LDR,1
2507,LDR,3
2508,LDR,3
2509,LDR,3
2510,LDR,3
2511,LDR,1
2512,LDR,3
2513,LDR,3
2514,LDR,1
2515,LDR,3
2516,LDR,3
2517,LDR,3
2518,LDR,3
2519,LDR,3
2520,LDR,3
2521,LDR,3
2522,LDR,1
2523,LDR,3
2524,LDR,3
2525,LDR,3
2526,LDR,3
2527,LDR,1
2528,LDR,1
2529,LDR,3
2530,LDR,3
2531,LDR,1
2532,LDR,1
2533,LDR,3
2534,LDR,1
2535,LDR,1
2536,LDR,3
2537,LDR,3
2538,LDR,1
2539,LDR,3
2540,LDR,1
2541,LDR,3
2542,LDR,3
2543,LDR,3
2544,LDR,3
2545,LDR,3
2546,LDR,1
2547,LDR,3
2548,LDR,3
2549,LDR,1
2550,LDR,3
2551,LDR,3
2552,LDR,1
2553,LDR,3
2554,LDR,3
2555,LDR,3
2556,LDR,3
2557,LDR,3
2558,LDR,1
2559,LDR,3
2560,LDR,1
2561,LDR,3
2562,LDR,3
2563,LDR,1
2564,LDR,3
2565,LDR,1
2566,LDR,3
2567,LDR,3
2568,LDR,1
2569,LDR,3
2570,LDR,3
2571,LDR,3
2572,LDR,1
2573,LDR,3
2574,LDR,3
2575,LDR,1
2576,LDR,1
2577,LDR,3
2578,LDR,1
2579,LDR,3
2580,LDR,3
2581,LDR,3
2582,LDR,3
2583,LDR,3
2584,LDR,1
2585,LDR,3
2586,LDR,3
2587,LDR,3
2588,LDR,3
2589,LDR,3
2590,LDR,3
2591,LDR,3
2592,LDR,3
2593,LDR,1
2594,LDR,1
2595,LDR,3
2596,LDR,3
2597,LDR,3
2598,LDR,1
2599,LDR,3
2600,LDR,3
2601,LDR,1
2602,LDR,3
2603,LDR,1
2604,LDR,3
2605,LDR,1
2606,LDR,3
2607,LDR,1
2608,LDR,3
2609,LDR,1
2610,LDR,3
2611,LDR,1
2612,LDR,3
2613,LDR,3
2614,LDR,1
2615,LDR,3
2616,LDR,1
2617,LDR,3
2618,LDR,1
2619,LDR,1
2620,LDR,3
2621,LDR,1
2622,LDR,3
2623,LDR,3
2624,LDR,3
2625,LDR,1
2626,LDR,3
2627,LDR,3
2628,LDR,3
2629,LDR,1
2630,LDR,3
2631,LDR,1
2632,LDR,3
2633,LDR,3
2634,LDR,3
2635,LDR,3
2636,LDR,3
2637,LDR,3
2638,LDR,3
2639,LDR,3
2640,LDR,3
2641,LDR,3
2642,LDR,3
2643,LDR,3
2644,LDR,1
2645,LDR,3
2646,LDR,3
2647,LDR,1
2648,LDR,3
2649,LDR,3
2650,LDR,1
2651,LDR,3
2652,LDR,3
2653,LDR,1
2654,LDR,3
2655,LDR,3
2656,LDR,3
2657,LDR,3
2658,LDR,3
2659,LDR,1
2660,LDR,3
2661,LDR,3
2662,LDR,1
2663,LDR,3
2664,LDR,3
2665,LDR,3
2666,LDR,1
2667,LDR,3
2668,LDR,3
2669,LDR,1
2670,LDR,3
2671,LDR,3
2672,LDR,3
2673,LDR,1
2674,LDR,3
2675,LDR,3
2676,LDR,3
2677,LDR,1
2678,LDR,3
2679,LDR,3
2680,LDR,3
2681,LDR,1
2682,LDR,3
2683,LDR,1
2684,LDR,3
2685,LDR,3
2686,LDR,3
2687,LDR,3
2688,LDR,1
2689,LDR,3
2690,LDR,3
2691,LDR,3
2692,LDR,1
2693,LDR,3
2694,LDR,3
2695,LDR,1
2696,LDR,3
2697,LDR,3
2698,LDR,3
2699,LDR,1
2700,LDR,1
2701,LDR,3
2702,LDR,3
2703,LDR,3
2704,LDR,3
2705,LDR,3
2706,LDR,3
2707,LDR,3
2708,LDR,1
2709,LDR,1
2710,LDR,3
2711,LDR,3
2712,LDR,3
2713,LDR,3
2714,LDR,1
2715,LDR,3
2716,LDR,3
2717,LDR,3
2718,LDR,3
2719,LDR,1
2720,LDR,3
2721,LDR,3
2722,LDR,3
2723,LDR,3
2724,LDR,3
2725,LDR,1
2726,LDR,1
2727,LDR,3
2728,LDR,1
2729,LDR,3
2730,LDR,1
2731,LDR,3
2732,LDR,3
2733,LDR,1
2734,LDR,3
2735,LDR,3
2736,LDR,1
2737,LDR,3
2738,LDR,3
2739,LDR,3
2740,LDR,1
2741,LDR,1
2742,LDR,3
2743,LDR,3
2744,LDR,3
2745,LDR,1
2746,LDR,1
2747,LDR,3
2748,LDR,1
2749,LDR,1
2750,LDR,3
2751,LDR,3
2752,LDR,1
2753,LDR,3
2754,LDR,1
2755,LDR,3
2756,LDR,1
2757,LDR,3
2758,LDR,3
2759,LDR,3
2760,LDR,3
2761,LDR,3
2762,LDR,3
2763,LDR,1
2764,LDR,3
2765,LDR,1
2766,LDR,3
2767,LDR,1
2768,LDR,3
2769,LDR,3
2770,LDR,1
2771,LDR,3
2772,LDR,3
2773,LDR,1
2774,LDR,1
2775,LDR,1
2776,LDR,1
2777,LDR,1
2778,LDR,1
2779,LDR,1
2780,LDR,3
2781,LDR,3
2782,LDR,1
2783,LDR,3
2784,LDR,3
2785,LDR,1
2786,LDR,3
2787,LDR,1
2788,LDR,3
2789,LDR,1
2790,LDR,1
2791,LDR,3
2792,LDR,1
2793,LDR,3
2794,LDR,3
2795,LDR,3
2796,LDR,3
2797,LDR,1
2798,LDR,3
2799,LDR,3
2800,LDR,3
2801,LDR,1
2802,LDR,3
2803,LDR,3
2804,LDR,1
2805,LDR,3
2806,LDR,1
2807,LDR,3
2808,LDR,3
2809,LDR,3
2810,LDR,1
2811,LDR,3
2812,LDR,3
2813,LDR,3
2814,LDR,1
2815,LDR,3
2816,LDR,3
2817,LDR,3
2818,LDR,3
2819,LDR,3
2820,LDR,1
2821,LDR,3
2822,LDR,3
2823,LDR,3
2824,LDR,3
2825,LDR,1
2826,LDR,3
2827,LDR,3
2828,LDR,3
2829,LDR,3
2830,LDR,3
2831,LDR,3
2832,LDR,1
2833,LDR,3
2834,LDR,3
2835,LDR,3
2836,LDR,1
2837,LDR,3
2838,LDR,1
2839,LDR,3
2840,LDR,3
2841,LDR,1
2842,LDR,3
2843,LDR,3
2844,LDR,3
2845,LDR,3
2846,LDR,3
2847,LDR,1
2848,LDR,3
2849,LDR,3
2850,LDR,1
2851,LDR,3
2852,LDR,3
2853,LDR,1
2854,LDR,3
2855,LDR,3
2856,LDR,3
2857,LDR,3
2858,LDR,3
2859,LDR,1
2860,LDR,3
2861,LDR,3
2862,LDR,1
2863,LDR,3
2864,LDR,1
2865,LDR,1
2866,LDR,3
2867,LDR,3
2868,LDR,3
2869,LDR,3
2870,LDR,3
2871,LDR,3
2872,LDR,1
2873,LDR,3
2874,LDR,3
2875,LDR,3
2876,LDR,1
2877,LDR,1
2878,LDR,1
2879,LDR,3
2880,LDR,3
2881,LDR,1
2882,LDR,1
2883,LDR,3
2884,LDR,3
2885,LDR,3
2886,LDR,3
2887,LDR,3
2888,LDR,3
2889,LDR,1
2890,LDR,3
2891,LDR,1
2892,LDR,1
2893,LDR,3
2894,LDR,1
2895,LDR,3
2896,LDR,3
2897,LDR,3
2898,LDR,1
2899,LDR,3
2900,LDR,3
2901,LDR,3
2902,LDR,1
2903,LDR,3
2904,LDR,3
2905,LDR,3
2906,LDR,1
2907,LDR,1
2908,LDR,1
2909,LDR,3
2910,LDR,1
2911,LDR,1
2912,LDR,3
2913,LDR,3
2914,LDR,1
2915,LDR,3
2916,LDR,3
2917,LDR,1
2918,LDR,3
2919,LDR,3
2920,LDR,3
2921,LDR,3
2922,LDR,3
2923,LDR,3
2924,LDR,3
2925,LDR,3
2926,LDR,1
2927,LDR,3
2928,LDR,3
2929,LDR,3
2930,LDR,3
2931,LDR,3
2932,LDR,3
2933,LDR,3
2934,LDR,1
2935,LDR,3
2936,LDR,3
2937,LDR,1
2938,LDR,3
2939,LDR,1
2940,LDR,3
2941,LDR,1
2942,LDR,3
2943,LDR,3
2944,LDR,3
2945,LDR,1
2946,LDR,3
2947,LDR,3
2948,LDR,1
2949,LDR,3
2950,LDR,1
2951,LDR,3
2952,LDR,1
2953,LDR,3
2954,LDR,3
2955,LDR,1
2956,LDR,3
2957,LDR,3
2958,LDR,1
2959,LDR,3
2960,LDR,3
2961,LDR,3
2962,LDR,3
2963,LDR,1
2964,LDR,3
2965,LDR,3
2966,LDR,3
2967,LDR,3
2968,LDR,3
2969,LDR,1
2970,LDR,3
2971,LDR,3
2972,LDR,1
2973,LDR,3
2974,LDR,3
2975,LDR,3
2976,LDR,1
2977,LDR,3
2978,LDR,3
2979,LDR,3
2980,LDR,1
2981,LDR,3
2982,LDR,3
2983,LDR,3
2984,LDR,3
2985,LDR,1
2986,LDR,3
2987,LDR,3
2988,LDR,3
2989,LDR,3
2990,LDR,3
2991,LDR,3
2992,LDR,3
2993,LDR,1
2994,LDR,3
2995,LDR,1
2996,LDR,3
2997,LDR,3
2998,LDR,3
2999,LDR,1
3000,LDR,3
3001,LDR,3
3002,LDR,3
3003,LDR,1
3004,LDR,3
3005,LDR,1
3006,LDR,3
3007,LDR,3
3008,LDR,3
3009,LDR,3
3010,LDR,3
3011,LDR,1
3012,LDR,3
3013,LDR,1
3014,LDR,3
3015,LDR,3
3016,LDR,3
3017,LDR,3
3018,LDR,3
3019,LDR,3
3020,LDR,1
3021,LDR,3
3022,LDR,3
3023,LDR,3
3024,LDR,3
3025,LDR,3
3026,LDR,3
3027,LDR,3
3028,LDR,3
3029,LDR,1
3030,LDR,3
3031,LDR,3
3032,LDR,3
3033,LDR,3
3034,LDR,3
3035,LDR,3
3036,LDR,3
3037,LDR,3
3038,LDR,1
3039,LDR,3
3040,LDR,1
3041,LDR,3
3042,LDR,1
3043,LDR,3
3044,LDR,3
3045,LDR,3
3046,LDR,3
3047,LDR,1
3048,LDR,3
3049,LDR,3
3050,LDR,1
3051,LDR,3
3052,LDR,1
3053,LDR,3
3054,LDR,3
3055,LDR,3
3056,LDR,3
3057,LDR,3
3058,LDR,1
3059,LDR,3
3060,LDR,3
3061,LDR,1
3062,LDR,3
3063,LDR,3
3064,LDR,1
3065,LDR,3
3066,LDR,3
3067,LDR,1
3068,LDR,3
3069,LDR,3
3070,LDR,3
3071,LDR,3
3072,LDR,3
3073,LDR,3
3074,LDR,3
3075,LDR,3
3076,LDR,3
3077,LDR,1
3078,LDR,3
3079,LDR,3
3080,LDR,3
3081,LDR,3
3082,LDR,3
3083,LDR,3
3084,LDR,3
3085,LDR,1
3086,LDR,3
3087,LDR,3
3088,LDR,3
3089,LDR,3
3090,LDR,1
3091,LDR,3
3092,LDR,3
3093,LDR,3
3094,LDR,1
3095,LDR,1
3096,LDR,3
3097,LDR,3
3098,LDR,1
3099,LDR,3
3100,LDR,3
3101,LDR,1
3102,LDR,3
3103,LDR,3
3104,LDR,3
3105,LDR,3
3106,LDR,3
3107,LDR,3
3108,LDR,3
3109,LDR,3
3110,LDR,3
3111,LDR,3
3112,LDR,1
3113,LDR,1
3114,LDR,3
3115,LDR,3
3116,LDR,3
3117,LDR,3
3118,LDR,1
3119,LDR,3
3120,LDR,3
3121,LDR,1
3122,LDR,3
3123,LDR,3
3124,LDR,3
3125,LDR,1
3126,LDR,3
3127,LDR,3
3128,LDR,3
3129,LDR,1
3130,LDR,3
3131,LDR,3
3132,LDR,1
3133,LDR,3
3134,LDR,3
3135,LDR,3
3136,LDR,1
3137,LDR,3
3138,LDR,1
3139,LDR,1
3140,LDR,3
3141,LDR,3
3142,LDR,1
3143,LDR,3
3144,LDR,3
3145,LDR,3
3146,LDR,3
3147,LDR,3
3148,LDR,1
3149,LDR,3
3150,LDR,3
3151,LDR,1
3152,LDR,3
3153,LDR,3
3154,LDR,3
3155,LDR,1
3156,LDR,3
3157,LDR,1
3158,LDR,3
3159,LDR,1
3160,LDR,3
3161,LDR,3
3162,LDR,3
3163,LDR,1
3164,LDR,3
3165,LDR,1
3166,LDR,3
3167,LDR,3
3168,LDR,1
3169,LDR,1
3170,LDR,1
3171,LDR,3
3172,LDR,3
3173,LDR,1
3174,LDR,3
3175,LDR,3
3176,LDR,3
3177,LDR,1
3178,LDR,3
3179,LDR,1
3180,LDR,3
3181,LDR,3
3182,LDR,3
3183,LDR,1
3184,LDR,3
3185,LDR,3
3186,LDR,1
3187,LDR,3
3188,LDR,3
3189,LDR,3
3190,LDR,1
3191,LDR,3
3192,LDR,1
3193,LDR,3
3194,LDR,1
3195,LDR,3
3196,LDR,1
3197,LDR,3
3198,LDR,3
3199,LDR,3
3200,LDR,1
3201,LDR,3
3202,LDR,1
3203,LDR,1
3204,LDR,3
3205,LDR,3
3206,LDR,1
3207,LDR,3
3208,LDR,3
3209,LDR,3
3210,LDR,3
3211,LDR,1
3212,LDR,3
3213,LDR,1
3214,LDR,3
3215,LDR,3
3216,LDR,3
3217,LDR,3
3218,LDR,3
3219,LDR,3
3220,LDR,1
3221,LDR,3
3222,LDR,3
3223,LDR,1
3224,LDR,1
3225,LDR,3
3226,LDR,3
3227,LDR,1
3228,LDR,3
3229,LDR,3
3230,LDR,3
3231,LDR,1
3232,LDR,3
3233,LDR,1
3234,LDR,3
3235,LDR,3
3236,LDR,3
3237,LDR,1
3238,LDR,3
3239,LDR,1
3240,LDR,3
3241,LDR,3
3242,LDR,1
3243,LDR,3
3244,LDR,3
3245,LDR,3
3246,LDR,3
3247,LDR,1
3248,LDR,3
3249,LDR,1
3250,LDR,3
3251,LDR,3
3252,LDR,1
3253,LDR,3
3254,LDR,3
3255,LDR,3
3256,LDR,3
3257,LDR,1
3258,LDR,1
3259,LDR,3
3260,LDR,3
3261,LDR,1
3262,LDR,3
3263,LDR,1
3264,LDR,3
3265,LDR,1
3266,LDR,3
3267,LDR,3
3268,LDR,3
3269,LDR,3
3270,LDR,1
3271,LDR,3
3272,LDR,3
3273,LDR,3
3274,LDR,3
3275,LDR,3
3276,LDR,3
3277,LDR,3
3278,LDR,3
3279,LDR,3
3280,LDR,3
3281,LDR,3
3282,LDR,3
3283,LDR,3
3284,LDR,3
3285,LDR,3
3286,LDR,3
3287,LDR,3
3288,LDR,1
3289,LDR,1
3290,LDR,3
3291,LDR,3
3292,LDR,1
3293,LDR,1
3294,LDR,3
3295,LDR,1
3296,LDR,1
3297,LDR,3
3298,LDR,1
3299,LDR,3
3300,LDR,3
3301,LDR,3
3302,LDR,3
3303,LDR,1
3304,LDR,1
3305,LDR,3
3306,LDR,1
3307,LDR,1
3308,LDR,1
3309,LDR,3
3310,LDR,1
3311,LDR,3
3312,LDR,3
3313,LDR,3
3314,LDR,3
3315,LDR,3
3316,LDR,3
3317,LDR,3
3318,LDR,3
3319,LDR,3
3320,LDR,3
3321,LDR,1
3322,LDR,1
3323,LDR,3
3324,LDR,1
3325,LDR,3
3326,LDR,1
3327,LDR,1
3328,LDR,1
3329,LDR,3
3330,LDR,3
3331,LDR,3
3332,LDR,3
3333,LDR,3
3334,LDR,3
3335,LDR,3
3336,LDR,1
3337,LDR,1
3338,LDR,3
3339,LDR,1
3340,LDR,3
3341,LDR,1
3342,LDR,3
3343,LDR,3
3344,LDR,1
3345,LDR,3
3346,LDR,3
3347,LDR,3
3348,LDR,3
3349,LDR,1
3350,LDR,3
3351,LDR,1
3352,LDR,1
3353,LDR,3
3354,LDR,3
3355,LDR,1
3356,LDR,3
3357,LDR,1
3358,LDR,3
3359,LDR,3
3360,LDR,3
3361,LDR,3
3362,LDR,3
3363,LDR,3
3364,LDR,1
3365,LDR,3
3366,LDR,3
3367,LDR,1
3368,LDR,3
3369,LDR,1
3370,LDR,1
3371,LDR,3
3372,LDR,3
3373,LDR,3
3374,LDR,3
3375,LDR,1
3376,LDR,3
3377,LDR,3
3378,LDR,3
3379,LDR,1
3380,LDR,3
3381,LDR,1
3382,LDR,1
3383,LDR,3
3384,LDR,3
3385,LDR,1
3386,LDR,3
3387,LDR,3
3388,LDR,1
3389,LDR,1
3390,LDR,3
3391,LDR,3
3392,LDR,3
3393,LDR,3
3394,LDR,1
3395,LDR,3
3396,LDR,1
3397,LDR,3
3398,LDR,3
3399,LDR,1
3400,LDR,3
3401,LDR,3
3402,LDR,3
3403,LDR,3
3404,LDR,1
3405,LDR,3
3406,LDR,1
3407,LDR,3
3408,LDR,3
3409,LDR,3
3410,LDR,3
3411,LDR,1
3412,LDR,3
3413,LDR,1
3414,LDR,3
3415,LDR,3
3416,LDR,3
3417,LDR,1
3418,LDR,3
3419,LDR,3
3420,LDR,3
3421,LDR,3
3422,LDR,1
3423,LDR,3
3424,LDR,3
3425,LDR,1
3426,LDR,1
3427,LDR,3
3428,LDR,3
3429,LDR,1
3430,LDR,3
3431,LDR,3
3432,LDR,1
3433,LDR,3
3434,LDR,1
3435,LDR,1
3436,LDR,3
3437,LDR,3
3438,LDR,3
3439,LDR,3
3440,LDR,3
3441,LDR,3
3442,LDR,3
3443,LDR,1
3444,LDR,3
3445,LDR,1
3446,LDR,1
3447,LDR,3
3448,LDR,3
3449,LDR,3
3450,LDR,3
3451,LDR,1
3452,LDR,1
3453,LDR,3
3454,LDR,3
3455,LDR,3
3456,LDR,1
3457,LDR,3
3458,LDR,3
3459,LDR,3
3460,LDR,3
3461,LDR,3
3462,LDR,1
3463,LDR,1
3464,LDR,1
3465,LDR,3
3466,LDR,3
3467,LDR,1
3468,LDR,3
3469,LDR,3
3470,LDR,1
3471,LDR,1
3472,LDR,3
3473,LDR,3
3474,LDR,3
3475,LDR,3
3476,LDR,1
3477,LDR,1
3478,LDR,1
3479,LDR,3
3480,LDR,1
3481,LDR,1
3482,LDR,3
3483,LDR,1
3484,LDR,3
3485,LDR,1
3486,LDR,3
3487,LDR,3
3488,LDR,3
3489,LDR,1
3490,LDR,1
3491,LDR,3
3492,LDR,3
3493,LDR,3
3494,LDR,1
3495,LDR,3
3496,LDR,3
3497,LDR,1
3498,LDR,3
3499,LDR,3
3500,LDR,1
3501,LDR,3
3502,LDR,3
3503,LDR,1
3504,LDR,1
3505,LDR,3
3506,LDR,3
3507,LDR,3
3508,LDR,3
3509,LDR,1
3510,LDR,3
3511,LDR,3
3512,LDR,1
3513,LDR,3
3514,LDR,3
3515,LDR,1
3516,LDR,3
3517,LDR,1
3518,LDR,3
3519,LDR,3
3520,LDR,1
3521,LDR,3
3522,LDR,3
3523,LDR,3
3524,LDR,1
3525,LDR,1
3526,LDR,3
3527,LDR,1
3528,LDR,1
3529,LDR,1
3530,LDR,3
3531,LDR,3
3532,LDR,3
3533,LDR,1
3534,LDR,3
3535,LDR,1
3536,LDR,3
3537,LDR,3
3538,LDR,1
3539,LDR,3
3540,LDR,1
3541,LDR,3
3542,LDR,3
3543,LDR,3
3544,LDR,3
3545,LDR,3
3546,LDR,3
3547,LDR,1
3548,LDR,3
3549,LDR,1
3550,LDR,3
3551,LDR,3
3552,LDR,3
3553,LDR,3
3554,LDR,1
3555,LDR,3
3556,LDR,3
3557,LDR,3
3558,LDR,1
3559,LDR,3
3560,LDR,3
3561,LDR,1
3562,LDR,3
3563,LDR,1
3564,LDR,3
3565,LDR,1
3566,LDR,3
3567,LDR,1
3568,LDR,3
3569,LDR,1
3570,LDR,3
3571,LDR,1
3572,LDR,1
3573,LDR,3
3574,LDR,1
3575,LDR,3
3576,LDR,3
3577,LDR,3
3578,LDR,1
3579,LDR,3
3580,LDR,3
3581,LDR,3
3582,LDR,3
3583,LDR,3
3584,LDR,3
3585,LDR,1
3586,LDR,3
3587,LDR,3
3588,LDR,3
3589,LDR,3
3590,LDR,3
3591,LDR,1
3592,LDR,3
3593,LDR,1
3594,LDR,1
3595,LDR,1
3596,LDR,3
3597,LDR,1
3598,LDR,3
3599,LDR,1
3600,LDR,3
3601,LDR,3
3602,LDR,3
3603,LDR,1
3604,LDR,3
3605,LDR,3
3606,LDR,3
3607,LDR,3
3608,LDR,3
3609,LDR,3
3610,LDR,3
3611,LDR,3
3612,LDR,3
3613,LDR,1
3614,LDR,1
3615,LDR,3
3616,LDR,3
3617,LDR,1
3618,LDR,3
3619,LDR,3
3620,LDR,3
3621,LDR,3
3622,LDR,3
3623,LDR,3
3624,LDR,1
3625,LDR,1
3626,LDR,3
3627,LDR,3
3628,LDR,1
3629,LDR,3
3630,LDR,1
3631,LDR,3
3632,LDR,1
3633,LDR,3
3634,LDR,3
3635,LDR,3
3636,LDR,3
3637,LDR,1
3638,LDR,1
3639,LDR,3
3640,LDR,3
3641,LDR,1
3642,LDR,3
3643,LDR,3
3644,LDR,1
3645,LDR,3
3646,LDR,3
3647,LDR,3
3648,LDR,1
3649,LDR,3
3650,LDR,3
3651,LDR,3
3652,LDR,3
3653,LDR,1
3654,LDR,1
3655,LDR,1
3656,LDR,3
3657,LDR,3
3658,LDR,3
3659,LDR,1
3660,LDR,3
3661,LDR,3
3662,LDR,3
3663,LDR,1
3664,LDR,3
3665,LDR,3
3666,LDR,3
3667,LDR,3
3668,LDR,3
3669,LDR,3
3670,LDR,3
3671,LDR,1
3672,LDR,3
3673,LDR,1
3674,LDR,3
3675,LDR,3
3676,LDR,1
3677,LDR,3
3678,LDR,3
3679,LDR,3
3680,LDR,3
3681,LDR,1
3682,LDR,3
3683,LDR,1
3684,LDR,3
3685,LDR,1
3686,LDR,1
3687,LDR,3
3688,LDR,3
3689,LDR,1
3690,LDR,3
3691,LDR,1
3692,LDR,3
3693,LDR,3
3694,LDR,1
3695,LDR,3
3696,LDR,3
3697,LDR,1
3698,LDR,3
3699,LDR,1
3700,LDR,3
3701,LDR,3
3702,LDR,3
3703,MDR,2
3704,MDR,2
3705,MDR,2
3706,MDR,2
3707,MDR,2
3708,MDR,2
3709,MDR,2
3710,MDR,2
3711,MDR,2
3712,MDR,2
3713,MDR,2
3714,MDR,2
3715,MDR,2
3716,MDR,2
3717,MDR,2
3718,MDR,2
3719,MDR,2
3720,MDR,2
3721,MDR,2
3722,MDR,2
3723,MDR,2
3724,MDR,2
3725,MDR,2
3726,MDR,2
3727,MDR,2
3728,MDR,2
3729,MDR,2
3730,MDR,2
3731,MDR,2
3732,MDR,3
3733,MDR,2
3734,MDR,2
3735,MDR,3
3736,MDR,2
3737,MDR,2
3738,MDR,2
3739,MDR,2
3740,MDR,2
3741,MDR,2
3742,MDR,2
3743,MDR,2
3744,MDR,2
3745,MDR,2
3746,MDR,2
3747,MDR,2
3748,MDR,2
3749,MDR,2
3750,MDR,2
3751,MDR,2
3752,MDR,2
3753,MDR,2
3754,MDR,2
3755,MDR,2
3756,MDR,3
3757,MDR,2
3758,MDR,2
3759,MDR,2
3760,MDR,2
3761,MDR,2
3762,MDR,2
3763,MDR,2
3764,MDR,2
3765,MDR,2
3766,MDR,2
3767,MDR,2
3768,MDR,2
3769,MDR,2
3770,MDR,2
3771,MDR,2
3772,MDR,2
3773,MDR,2
3774,MDR,2
3775,MDR,2
3776,MDR,2
3777,MDR,2
3778,MDR,2
3779,MDR,2
3780,MDR,2
3781,MDR,2
3782,MDR,2
3783,MDR,2
3784,MDR,2
3785,MDR,2
3786,MDR,2
3787,MDR,2
3788,MDR,2
3789,MDR,2
3790,MDR,2
3791,MDR,2
3792,MDR,2
3793,MDR,2
3794,MDR,2
3795,MDR,3
3796,MDR,2
3797,MDR,2
3798,MDR,2
3799,MDR,2
3800,MDR,2
3801,MDR,2
3802,MDR,2
3803,MDR,3
3804,MDR,2
3805,MDR,2
3806,MDR,2
3807,MDR,2
3808,MDR,2
3809,MDR,2
3810,MDR,2
3811,MDR,2
3812,MDR,2
3813,MDR,2
3814,MDR,2
3815,MDR,2
3816,MDR,2
3817,MDR,2
3818,MDR,2
3819,MDR,2
3820,MDR,2
3821,MDR,2
3822,MDR,2
3823,MDR,2
3824,MDR,3
3825,MDR,2
3826,MDR,2
3827,MDR,2
3828,MDR,2
3829,MDR,2
3830,MDR,2
3831,MDR,2
3832,MDR,2
3833,MDR,2
3834,MDR,2
3835,MDR,2
3836,MDR,2
3837,MDR,2
3838,MDR,2
3839,MDR,2
3840,MDR,2
3841,MDR,2
3842,MDR,2
3843,MDR,3
3844,MDR,2
3845,MDR,2
3846,MDR,2
3847,MDR,2
3848,MDR,2
3849,MDR,2
3850,MISC,0
3851,MISC,0
3852,MISC,0
3853,MISC,3
3854,MISC,0
3855,MISC,0
3856,MISC,0
3857,MISC,3
3858,MISC,3
3859,MISC,0
3860,MISC,3
3861,MISC,0
3862,MISC,0
3863,MISC,0
3864,MISC,0
3865,MISC,0
3868,MISC,0
3869,MISC,0
3870,MISC,0
3872,MISC,0
3873,MISC,0
3875,MISC,0
3876,MISC,0
3877,MISC,0
3878,MISC,0
3880,MISC,0
3881,MISC,0
3882,MISC,0
3883,MISC,0
3884,MISC,3
3885,MISC,3
3886,MISC,0
3887,MISC,3
3888,MISC,0
3889,MISC,0
3890,MISC,0
3891,MISC,0
3892,MISC,0
3893,MISC,0
3894,MISC,0
3895,MISC,0
3896,MISC,0
3897,MISC,0
3898,MISC,0
3899,MISC,0
3900,MISC,0
3901,MISC,0
3902,MISC,0
3903,MISC,0
3904,MISC,0
3905,MISC,0
3906,MISC,0
3907,MISC,3
3908,MISC,3
3909,MISC,3
3910,MISC,3
3911,MISC,0
3912,MISC,0
3913,NC,0
3914,NC,0
3915,NC,0
3916,NC,0
3917,NC,0
3918,NC,0
3919,NC,0
3920,NC,0
3921,NC,0
3922,NC,0
3923,NC,0
3924,NC,0
3925,NC,0
3926,NC,0
3927,NC,0
3928,NC,0
3929,NC,0
3930,NC,0
3931,NC,0
3932,NC,0
3933,NC,0
3934,NC,0
3935,NC,0
3936,NC,0
3937,NC,0
3938,NC,0
3939,NC,0
3940,NC,0
3941,NC,0
3942,NC,0
3943,NC,0
3944,NC,0
3945,NC,0
3946,NC,0
3947,NC,0
3948,NC,0
3949,NC,0
3950,NC,0
3951,NC,0
3952,NC,0
3953,NC,0
3954,OS,0
3955,OS,0
3956,OS,0
3957,OS,0
3958,OS,0
3959,OS,0
3960,OS,0
3961,OS,0
3962,OS,0
3963,OS,0
3964,OS,0
3965,OS,0
3966,OS,0
3967,OS,0
3968,OS,0
3969,OS,0
3970,OS,0
3971,OS,0
3972,OS,0
3973,OS,0
3974,OS,0
3975,OS,0
3976,OS,0
3977,OS,0
3978,OS,0
3979,OS,0
3980,OS,0
3981,OS,0
3982,OS,0
3983,OS,0
3984,OS,0
3985,OS,0
3986,OS,0
3987,OS,0
3988,OS,0
3989,OS,0
3990,OS,0
3991,OS,0
3992,OS,0
3993,OS,0
3994,OS,0
3995,OS,0
3996,OS,0
3997,OS,3
3998,OS,3
3999,OS,3
4000,OS,0
4001,OS,0
4002,OS,3
4003,OS,0
4004,OS,0
4005,OS,0
4006,OS,0
4007,OS,0
4008,OS,0
4009,OS,0
4010,OS,0
4011,OS,0
4012,OS,3
4013,P,0
4014,P,0
4015,P,0
4016,P,0
4017,P,0
4018,P,0
4019,P,3
4020,P,0
4021,P,0
4022,P,0
4023,P,0
4024,P,0
4025,P,0
4026,P,0
4027,P,0
4028,P,0
4029,P,0
4030,P,0
4031,P,0
4032,P,0
4033,P,0
4034,P,0
4035,P,0
4036,P,0
4037,P,0
4038,P,0
4039,P,0
4040,PQP,3
4041,PQP,3
4042,PQP,0
4043,PQP,0
4044,PQP,0
4045,PQP,0
4046,PQP,0
4047,PQP,0
4048,PQP,0
4049,PQP,0
4050,PQP,0
4051,PQP,0
4052,PQP,0
4053,PQP,0
4054,PQP,0
4055,PQP,0
4056,PQP,0
4057,PQP,0
4058,PQP,0
4059,PQP,0
4060,PQP,0
4061,PQP,0
4062,PQP,0
4063,PQP,0
4064,PQP,0
4065,PQP,0
4066,PQP,0
4067,PQP,0
4068,PQP,0
4069,PQP,0
4070,PQP,0
4071,PQP,0
4072,PQP,0
4073,PQP,0
4074,PQP,0
4075,PQP,3
4076,PQP,0
4077,PQP,0
4078,PQP,0
4079,PQP,0
4080,PQP,0
4081,PQP,0
4082,PQP,0
4083,PQP,0
4084,PQP,0
4085,PQP,0
4086,PQP,0
4087,PQP,0
4088,PQP,0
4089,PQP,0
4090,PQP,0
4091,PQP,0
4092,PQP,0
4093,PQP,0
4094,PQP,3
4095,PQP,0
4096,PQP,3
4097,PQP,3
4098,PQPHMC,0
4099,PQPHMC,0
4100,RC,0
4101,RC,0
4102,RC,0
4103,RC,0
4104,RC,0
4105,RC,0
4106,RC,0
4107,RC,0
4108,RC,0
4109,RC,0
4110,RC,0
4111,RC,0
4112,RC,0
4113,RC,3
4114,RC,0
4115,RC,0
4116,RC,0
4117,RC,0
4118,RC,0
4119,RCNSV,3
4120,RCNSV,3
4121,RCNSV,3
4122,RR,1
4123,RR,1
4124,RR,1
4125,RR,1
4126,RR,1
4127,RR,1
4128,RR,1
4129,RR,1
4130,RR,3
4131,RR,3
4132,RR,1
4133,RR,1
4134,RR,1
4135,RR,1
4136,RR,1
4137,RR,1
4138,RR,1
4139,RR,3
4140,RR,3
4141,RR,1
4142,RR,3
4143,RR,3
4144,RR,3
4145,RR,1
4146,RR,1
4147,RR,1
4148,RR,1
4149,RR,1
4150,RR,3
4151,RR,1
4152,RR,1
4153,RR,1
4154,RR,1
4155,RR,1
4156,RR,3
4157,RR,1
4158,RR,1
4159,RR,1
4160,RR,1
4161,RR,1
4162,RR,1
4163,RR,1
4164,RR,1
4165,RR,1
4166,RR,1
4167,SC,0
4168,SC,0
4169,SC,0
4170,SC,0
4171,SC,0
4172,SC,0
4173,SU_BAY,3
4174,SU_BAY,3
4175,SU_BAY,3
4176,U,3
4177,U,3
4178,U,3
4179,U,0
4180,U,0
4181,U,0
4182,U,0
4183,U,3
4184,U,3
4185,U,3
4186,WCMU,0
4187,WCMU,0
4188,WCMU,3
4189,WCMU,0
4190,WCMU,3
4191,WCMU,3
4192,WCMU,3
4193,WCMU,3
4194,WCMU,3
4195,WCMU,3
4196,WCMU,0
4197,WCMU,3
4198,WCMU,0
4199,WCMU,0
4200,WCMU,3
4201,WCMU,0
4202,WCMU,0
4203,WCMU,0
4204,WCMU,0
4205,WCMU,0
4206,WCMU,0
4207,WCMU,0
4208,WCMU,0
4209,WCMU,0
4210,WRC,3
4211,WRC,3
4212,WRC,3
4213,WRC,3
4214,WRC,3
4215,WRC,3
4216,WRC,3
4217,WRC,3
