gnrl_p_,id,cty_nm_x,edt_g__,cty_nm_y,zoning
MU-4-x-55,0,emeryville,MU-4-x-55,emeryville,0
ROW,1,emeryville,ROW,emeryville,0
MUR-1.6-60-55,2,emeryville,MUR-1.6-60-55,emeryville,0
MUR-3-100-75,3,emeryville,MUR-3-100-75,emeryville,0
ROW,4,emeryville,ROW,emeryville,0
ROW,5,emeryville,ROW,emeryville,0
MU-4-x-100,6,emeryville,MU-4-x-100,emeryville,0
ROW,7,emeryville,ROW,emeryville,0
Park,8,emeryville,Park,emeryville,0
ROW,9,emeryville,ROW,emeryville,0
MDR-0.5-35-30,10,emeryville,MDR-0.5-35-30,emeryville,1
MUR-1.6-60-55,11,emeryville,MUR-1.6-60-55,emeryville,0
MDR-0.5-35-30,12,emeryville,MDR-0.5-35-30,emeryville,1
ROW,13,emeryville,ROW,emeryville,0
MUR-3-100-75,14,emeryville,MUR-3-100-75_MultiFamily,emeryville,2
CO-3-x-100,15,emeryville,CO-3-x-100,emeryville,0
MUR-3-100-75,16,emeryville,MUR-3-100-75,emeryville,0
MUR-3-100-75,17,emeryville,MUR-3-100-75_MultiFamily,emeryville,2
MUR-3-100-75,18,emeryville,MUR-3-100-75,emeryville,0
CO-3-x-55,19,emeryville,CO-3-x-55,emeryville,0
MUR-6-170-55,20,emeryville,MUR-6-170-55,emeryville,0
Water,21,emeryville,Water,emeryville,3
MDR-0.5-35-30,22,emeryville,MDR-0.5-35-30,emeryville,1
MUR-3-100-75,23,emeryville,MUR-3-100-75_MultiFamily,emeryville,2
MU-4-x-100,24,emeryville,MU-4-x-100,emeryville,0
MUR-3-100-75,25,emeryville,MUR-3-100-75_MultiFamily,emeryville,2
MU-4-x-100,26,emeryville,MU-4-x-100,emeryville,0
MU-4-x-100,27,emeryville,MU-4-x-100,emeryville,0
ROW,28,emeryville,ROW,emeryville,0
MUR-1.6-60-55,29,emeryville,MUR-1.6-60-55,emeryville,0
MU-4-x-100,30,emeryville,MU-4-x-100,emeryville,0
ROW,31,emeryville,ROW,emeryville,0
Ind-0.5-x-55,32,emeryville,Ind-0.5-x-55,emeryville,0
ROW,33,emeryville,ROW,emeryville,0
MDR-0.5-35-30,34,emeryville,MDR-0.5-35-30,emeryville,1
Park,35,emeryville,Park,emeryville,0
MDR-0.5-35-30,36,emeryville,MDR-0.5-35-30,emeryville,1
MUR-3-100-75,37,emeryville,MUR-3-100-75_MultiFamily,emeryville,2
ROW,38,emeryville,ROW,emeryville,0
MUR-3-100-75,39,emeryville,MUR-3-100-75_MultiFamily,emeryville,2
MDR-1.6-60-55,40,emeryville,MDR-1.6-60-55,emeryville,1
MUR-3-100-75,41,emeryville,MUR-3-100-75,emeryville,0
Water,42,emeryville,Water,emeryville,3
ROW,43,emeryville,ROW,emeryville,0
ROW,44,emeryville,ROW,emeryville,0
MU-4-x-100,45,emeryville,MU-4-x-100,emeryville,0
MU-4-x-100,46,emeryville,MU-4-x-100,emeryville,0
MUR-3-100-75,47,emeryville,MUR-3-100-75,emeryville,0
MDR-0.5-35-30,48,emeryville,MDR-0.5-35-30,emeryville,1
MUR-3-100-75,49,emeryville,MUR-3-100-75,emeryville,0
MDR-0.5-35-30,50,emeryville,MDR-0.5-35-30,emeryville,1
MDR-0.5-35-30,51,emeryville,MDR-0.5-35-30,emeryville,1
OS,52,emeryville,OS,emeryville,0
MUR-3-100-75,53,emeryville,MUR-3-100-75,emeryville,0
MU-4-x-100,54,emeryville,MU-4-x-100,emeryville,0
ROW,55,emeryville,ROW,emeryville,0
ROW,56,emeryville,ROW,emeryville,0
MDR-0.5-35-30,57,emeryville,MDR-0.5-35-30,emeryville,1
MDR-0.5-35-30,58,emeryville,MDR-0.5-35-30,emeryville,1
ROW,59,emeryville,ROW,emeryville,0
MU-0.5-x-30,60,emeryville,MU-0.5-x-30,emeryville,0
MDR-1.6-60-55,61,emeryville,MDR-1.6-60-55,emeryville,1
ROW,62,emeryville,ROW,emeryville,0
MUR-1.6-60-55,63,emeryville,MUR-1.6-60-55,emeryville,0
MDR-0.5-35-30,64,emeryville,MDR-0.5-35-30,emeryville,1
MUR-4-135-100,65,emeryville,MUR-4-135-100,emeryville,0
MUR-6-170-55,66,emeryville,MUR-6-170-55,emeryville,0
MDR-0.5-35-30,67,emeryville,MDR-0.5-35-30,emeryville,1
CO-3-x-100,68,emeryville,CO-3-x-100,emeryville,0
ROW,69,emeryville,ROW,emeryville,0
MDR-0.5-35-30,70,emeryville,MDR-0.5-35-30,emeryville,1
MDR-0.5-35-30,71,emeryville,MDR-0.5-35-30,emeryville,1
MDR-0.5-35-30,72,emeryville,MDR-0.5-35-30,emeryville,1
MDR-0.5-35-30,73,emeryville,MDR-0.5-35-30,emeryville,1
MUR-3-100-75,74,emeryville,MUR-3-100-75,emeryville,0
MDR-0.5-35-30,75,emeryville,MDR-0.5-35-30,emeryville,1
MUR-6-170-55,76,emeryville,MUR-6-170-55,emeryville,0
ROW,77,emeryville,ROW,emeryville,0
MUR-3-100-75,78,emeryville,MUR-3-100-75,emeryville,0
MUR-3-100-75,79,emeryville,MUR-3-100-75_MultiFamily,emeryville,2
CO-3-x-100,80,emeryville,CO-3-x-100,emeryville,0
Water,81,emeryville,Water,emeryville,3
Mar-0.5-x-55,82,emeryville,Mar-0.5-x-55,emeryville,0
Mar-0.5-x-55,83,emeryville,Mar-0.5-x-55,emeryville,0
Water,84,emeryville,Water,emeryville,3
Water,85,emeryville,Water,emeryville,3
Water,86,emeryville,Water,emeryville,3
MUR-6-170-x,87,emeryville,MUR-6-170-x_MultiFamily,emeryville,2
MUR-6-170-x,88,emeryville,MUR-6-170-x,emeryville,0
Water,89,emeryville,Water,emeryville,3
Water,90,emeryville,Water,emeryville,3
MUR-6-170-x,91,emeryville,MUR-6-170-x,emeryville,0
Water,92,emeryville,Water,emeryville,3
MUR-3-100-75,93,emeryville,MUR-3-100-75_MultiFamily,emeryville,2
MUR-3-100-75,94,emeryville,MUR-3-100-75,emeryville,0
MUR-3-100-75,95,emeryville,MUR-3-100-75_MultiFamily,emeryville,2
MUR-3-100-75,96,emeryville,MUR-3-100-75,emeryville,0
ROW,97,emeryville,ROW,emeryville,0
Pub-0.5-x-30,98,emeryville,Pub-0.5-x-30,emeryville,0
MHR-1.6-60-55,99,emeryville,MHR-1.6-60-55,emeryville,2
MDR-0.5-35-30,100,emeryville,MDR-0.5-35-30,emeryville,1
MHR-1.6-60-55,101,emeryville,MHR-1.6-60-55,emeryville,2
Ind-3-x-55,102,emeryville,Ind-3-x-55,emeryville,0
Ind-1.6-x-55,103,emeryville,Ind-1.6-x-55,emeryville,0
Ind-1.6-x-55,104,emeryville,Ind-1.6-x-55,emeryville,0
MHR-1.6-60-55,105,emeryville,MHR-1.6-60-55,emeryville,2
Ind-3-x-55,106,emeryville,Ind-3-x-55,emeryville,0
Ind-3-x-55,107,emeryville,Ind-3-x-55,emeryville,0
Ind-1.6-x-55,108,emeryville,Ind-1.6-x-55,emeryville,0
Ind-1.6-x-55,109,emeryville,Ind-1.6-x-55,emeryville,0
Ind-1.6-x-55,110,emeryville,Ind-1.6-x-55,emeryville,0
MDR-0.5-35-30,111,emeryville,MDR-0.5-35-30,emeryville,1
MDR-0.5-35-30,112,emeryville,MDR-0.5-35-30,emeryville,1
MDR-0.5-35-30,113,emeryville,MDR-0.5-35-30,emeryville,1
Ind-1.6-x-55,114,emeryville,Ind-1.6-x-55,emeryville,0
Ind-1.6-x-55,115,emeryville,Ind-1.6-x-55,emeryville,0
MDR-0.5-35-30,116,emeryville,MDR-0.5-35-30,emeryville,1
MDR-0.5-35-30,117,emeryville,MDR-0.5-35-30,emeryville,1
MDR-0.5-35-30,118,emeryville,MDR-0.5-35-30,emeryville,1
Ind-1.6-x-55,119,emeryville,Ind-1.6-x-55,emeryville,0
MHR-1.6-60-55,120,emeryville,MHR-1.6-60-55,emeryville,2
MHR-1.6-60-55,121,emeryville,MHR-1.6-60-55,emeryville,2
OS,122,emeryville,OS,emeryville,0
OS,123,emeryville,OS,emeryville,0
MUR-1.6-60-55,124,emeryville,MUR-1.6-60-55,emeryville,0
MUR-3-100-75,125,emeryville,MUR-3-100-75_MultiFamily,emeryville,2
MUR-3-100-75,126,emeryville,MUR-3-100-75_MultiFamily,emeryville,2
MUR-4-135-100,127,emeryville,MUR-4-135-100,emeryville,0
MUR-4-135-x,128,emeryville,MUR-4-135-x,emeryville,0
MUR-4-135-x,129,emeryville,MUR-4-135-x,emeryville,0
MUR-4-135-100,130,emeryville,MUR-4-135-100,emeryville,0
MUR-4-135-100,131,emeryville,MUR-4-135-100_MultiFamily,emeryville,2
MUR-4-135-100,132,emeryville,MUR-4-135-100_MultiFamily,emeryville,2
MDR-0.5-35-30,133,emeryville,MDR-0.5-35-30,emeryville,1
MDR-0.5-35-30,134,emeryville,MDR-0.5-35-30,emeryville,1
ROW,135,emeryville,ROW,emeryville,0
ROW,136,emeryville,ROW,emeryville,0
MUR-6-170-x,137,emeryville,MUR-6-170-x,emeryville,0
MUR-4-135-100,138,emeryville,MUR-4-135-100,emeryville,0
MUR-6-170-x,139,emeryville,MUR-6-170-x,emeryville,0
CO-1.6-x-55,140,emeryville,CO-1.6-x-55,emeryville,0
CO-4-x-55,141,emeryville,CO-4-x-55,emeryville,0
ODH-1-x-55,142,emeryville,ODH-1-x-55,emeryville,0
MUR-1.6-60-55,143,emeryville,MUR-1.6-60-55,emeryville,0
OS,144,emeryville,OS,emeryville,0
ODH-1-x-55,145,emeryville,ODH-1-x-55,emeryville,0
ODH-1-x-55,146,emeryville,ODH-1-x-55,emeryville,0
MHR-1.6-60-55,147,emeryville,MHR-1.6-60-55,emeryville,2
MHR-1.6-60-55,148,emeryville,MHR-1.6-60-55,emeryville,2
ROW,149,emeryville,ROW,emeryville,0
Ind-0.5-x-55,150,emeryville,Ind-0.5-x-55,emeryville,0
Pub-1.6-x-55,151,emeryville,Pub-1.6-x-55,emeryville,0
MDR-0.5-35-55,152,emeryville,MDR-0.5-35-55,emeryville,1
MDR-0.5-35-30,153,emeryville,MDR-0.5-35-30,emeryville,1
MDR-0.5-35-30,154,emeryville,MDR-0.5-35-30,emeryville,1
MDR-0.5-35-30,155,emeryville,MDR-0.5-35-30,emeryville,1
MDR-0.5-35-30,156,emeryville,MDR-0.5-35-30,emeryville,1
Ind-1.6-x-55,157,emeryville,Ind-1.6-x-55,emeryville,0
OS,158,emeryville,OS,emeryville,0
CO-3-x-100,159,emeryville,CO-3-x-100,emeryville,0
CO-3-x-100,160,emeryville,CO-3-x-100,emeryville,0
OS,161,emeryville,OS,emeryville,0
ROW,162,emeryville,ROW,emeryville,0
MUR-4-135-100,163,emeryville,MUR-4-135-100,emeryville,0
OS,164,emeryville,OS,emeryville,0
MDR-0.5-35-30,165,emeryville,MDR-0.5-35-30,emeryville,1
MDR-0.5-35-30,166,emeryville,MDR-0.5-35-30,emeryville,1
MHR-1.6-60-55,167,emeryville,MHR-1.6-60-55,emeryville,2
MHR-1.6-60-55,168,emeryville,MHR-1.6-60-55,emeryville,2
MHR-1.6-60-55,169,emeryville,MHR-1.6-60-55,emeryville,2
MHR-1.6-60-55,170,emeryville,MHR-1.6-60-55,emeryville,2
MHR-1.6-60-55,171,emeryville,MHR-1.6-60-55,emeryville,2
MUR-4-135-100,172,emeryville,MUR-4-135-100,emeryville,0
MUR-4-135-100,173,emeryville,MUR-4-135-100,emeryville,0
MUR-4-135-100,174,emeryville,MUR-4-135-100,emeryville,0
MUR-4-135-100,175,emeryville,MUR-4-135-100_MultiFamily,emeryville,2
OS,176,emeryville,OS,emeryville,0
OS,177,emeryville,OS,emeryville,0
MUR-4-135-100,178,emeryville,MUR-4-135-100,emeryville,0
CO-3-x-100,179,emeryville,CO-3-x-100,emeryville,0
MUR-4-135-100,180,emeryville,MUR-4-135-100,emeryville,0
MUR-4-135-100,181,emeryville,MUR-4-135-100,emeryville,0
MUR-1.6-60-55,182,emeryville,MUR-1.6-60-55,emeryville,0
MDR-0.5-35-30,183,emeryville,MDR-0.5-35-30,emeryville,1
MDR-0.5-35-30,184,emeryville,MDR-0.5-35-30,emeryville,1
MUR-3-100-75,185,emeryville,MUR-3-100-75,emeryville,0
Pub-1.6-x-55,186,emeryville,Pub-1.6-x-55,emeryville,0
MUR-1.6-60-55,187,emeryville,MUR-1.6-60-55,emeryville,0
MUR-1.6-60-55,188,emeryville,MUR-1.6-60-55,emeryville,0
MUR-3-100-75,189,emeryville,MUR-3-100-75,emeryville,0
MUR-3-100-75,190,emeryville,MUR-3-100-75,emeryville,0
MUR-3-100-75,191,emeryville,MUR-3-100-75,emeryville,0
ROW,192,emeryville,ROW,emeryville,0
MUR-3-100-55,193,emeryville,MUR-3-100-55,emeryville,0
MUR-3-100-55,194,emeryville,MUR-3-100-55,emeryville,0
MUR-3-100-55,195,emeryville,MUR-3-100-55,emeryville,0
MUR-3-100-55,196,emeryville,MUR-3-100-55,emeryville,0
OS,197,emeryville,OS,emeryville,0
Ind-0.5-x-55,198,emeryville,Ind-0.5-x-55,emeryville,0
ROW,199,emeryville,ROW,emeryville,0
MUR-4-135-100,200,emeryville,MUR-4-135-100,emeryville,0
MUR-4-135-100,201,emeryville,MUR-4-135-100,emeryville,0
MUR-0.5-35-30,202,emeryville,MUR-0.5-35-30,emeryville,0
OS,203,emeryville,OS,emeryville,0
MDR-0.5-35-30,204,emeryville,MDR-0.5-35-30,emeryville,1
MUR-1.6-60-55,205,emeryville,MUR-1.6-60-55,emeryville,0
MUR-1.6-60-55,206,emeryville,MUR-1.6-60-55,emeryville,0
MDR-1.6-60-30,207,emeryville,MDR-1.6-60-30,emeryville,1
MUR-1.6-60-55,208,emeryville,MUR-1.6-60-55,emeryville,0
MDR-0.5-35-30,209,emeryville,MDR-0.5-35-30,emeryville,1
MUR-1.6-60-55,210,emeryville,MUR-1.6-60-55,emeryville,0
MUR-1.6-60-55,211,emeryville,MUR-1.6-60-55,emeryville,0
ROW,212,emeryville,ROW,emeryville,0
MDR-0.5-35-30,213,emeryville,MDR-0.5-35-30,emeryville,1
MDR-0.5-35-30,214,emeryville,MDR-0.5-35-30,emeryville,1
MUR-1.6-60-55,215,emeryville,MUR-1.6-60-55,emeryville,0
MDR-0.5-35-30,216,emeryville,MDR-0.5-35-30,emeryville,1
MDR-1.6-60-55,217,emeryville,MDR-1.6-60-55,emeryville,1
MDR-0.5-35-30,218,emeryville,MDR-0.5-35-30,emeryville,1
MDR-0.5-35-30,219,emeryville,MDR-0.5-35-30,emeryville,1
MDR-0.5-35-30,220,emeryville,MDR-0.5-35-30,emeryville,1
MDR-0.5-35-30,221,emeryville,MDR-0.5-35-30,emeryville,1
MDR-0.5-35-30,222,emeryville,MDR-0.5-35-30,emeryville,1
CO-3-x-55,223,emeryville,CO-3-x-55,emeryville,0
MUR-3-100-55,224,emeryville,MUR-3-100-55,emeryville,0
MHR-1.6-60-55,225,emeryville,MHR-1.6-60-55,emeryville,2
MHR-1.6-60-55,226,emeryville,MHR-1.6-60-55,emeryville,2
MHR-1.6-60-55,227,emeryville,MHR-1.6-60-55,emeryville,2
MHR-1.6-60-55,228,emeryville,MHR-1.6-60-55,emeryville,2
MDR-0.5-35-30,229,emeryville,MDR-0.5-35-30,emeryville,1
MDR-0.5-35-30,230,emeryville,MDR-0.5-35-30,emeryville,1
MDR-0.5-35-30,231,emeryville,MDR-0.5-35-30,emeryville,1
Park,232,emeryville,Park,emeryville,0
MDR-0.5-35-30,233,emeryville,MDR-0.5-35-30,emeryville,1
Park,234,emeryville,Park,emeryville,0
MU-1.6-x-55,235,emeryville,MU-1.6-x-55,emeryville,0
MDR-0.5-35-30,236,emeryville,MDR-0.5-35-30,emeryville,1
MUR-3-100-75,237,emeryville,MUR-3-100-75_MultiFamily,emeryville,2
CO-3-x-100,238,emeryville,CO-3-x-100,emeryville,0
CO-0.5-x-55,239,emeryville,CO-0.5-x-55,emeryville,0
MDR-0.5-35-30,240,emeryville,MDR-0.5-35-30,emeryville,1
MUR-6-170-55,241,emeryville,MUR-6-170-55,emeryville,0
MUR-6-170-55,242,emeryville,MUR-6-170-55,emeryville,0
ROW,243,emeryville,ROW,emeryville,0
MDR-0.5-35-30,244,emeryville,MDR-0.5-35-30,emeryville,1
MDR-0.5-35-30,245,emeryville,MDR-0.5-35-30,emeryville,1
MDR-0.5-35-30,246,emeryville,MDR-0.5-35-30,emeryville,1
MUR-6-170-55,247,emeryville,MUR-6-170-55,emeryville,0
MDR-0.5-35-30,248,emeryville,MDR-0.5-35-30,emeryville,1
MUR-1.6-60-55,249,emeryville,MUR-1.6-60-55_MultiFamily,emeryville,2
MUR-4-135-100,250,emeryville,MUR-4-135-100_MultiFamily,emeryville,2
MDR-0.5-35-30,251,emeryville,MDR-0.5-35-30,emeryville,1
MDR-0.5-35-30,252,emeryville,MDR-0.5-35-30,emeryville,1
MUR-4-135-100,253,emeryville,MUR-4-135-100,emeryville,0
OS,254,emeryville,OS,emeryville,0
MHR-1.6-60-55,255,emeryville,MHR-1.6-60-55,emeryville,2
MHR-1.6-60-55,256,emeryville,MHR-1.6-60-55,emeryville,2
OS,257,emeryville,OS,emeryville,0
MHR-1.6-60-55,258,emeryville,MHR-1.6-60-55,emeryville,2
MUR-3-100-75,259,emeryville,MUR-3-100-75_MultiFamily,emeryville,2
MUR-3-100-75,260,emeryville,MUR-3-100-75_MultiFamily,emeryville,2
Ind-1.6-x-55,261,emeryville,Ind-1.6-x-55,emeryville,0
MUR-0.5-35-30,262,emeryville,MUR-0.5-35-30,emeryville,0
MUR-6-170-55,263,emeryville,MUR-6-170-55,emeryville,0
MUR-1.6-60-55,264,emeryville,MUR-1.6-60-55,emeryville,0
MUR-1.6-60-55,265,emeryville,MUR-1.6-60-55,emeryville,0
MUR-1.6-60-55,266,emeryville,MUR-1.6-60-55,emeryville,0
MUR-1.6-60-55,267,emeryville,MUR-1.6-60-55,emeryville,0
MUR-1.6-60-55,268,emeryville,MUR-1.6-60-55,emeryville,0
MUR-1.6-60-55,269,emeryville,MUR-1.6-60-55,emeryville,0
MUR-1.6-60-55,270,emeryville,MUR-1.6-60-55_MultiFamily,emeryville,2
MUR-1.6-60-55,271,emeryville,MUR-1.6-60-55,emeryville,0
MUR-1.6-60-55,272,emeryville,MUR-1.6-60-55,emeryville,0
MUR-1.6-60-55,273,emeryville,MUR-1.6-60-55_MultiFamily,emeryville,2
MUR-1.6-60-55,274,emeryville,MUR-1.6-60-55_MultiFamily,emeryville,2
MUR-1.6-60-55,275,emeryville,MUR-1.6-60-55,emeryville,0
MUR-1.6-60-55,276,emeryville,MUR-1.6-60-55,emeryville,0
MUR-1.6-60-55,277,emeryville,MUR-1.6-60-55,emeryville,0
MDR-0.5-35-30,278,emeryville,MDR-0.5-35-30,emeryville,1
Pub-1.6-x-55,279,emeryville,Pub-1.6-x-55,emeryville,0
Pub-1.6-x-55,280,emeryville,Pub-1.6-x-55,emeryville,0
MUR-6-170-x,281,emeryville,MUR-6-170-x,emeryville,0
MUR-4-135-100,282,emeryville,MUR-4-135-100,emeryville,0
MUR-1.6-60-55,283,emeryville,MUR-1.6-60-55,emeryville,0
MDR-0.5-35-30,284,emeryville,MDR-0.5-35-30,emeryville,1
MDR-0.5-35-30,285,emeryville,MDR-0.5-35-30,emeryville,1
MUR-6-170-x,286,emeryville,MUR-6-170-x,emeryville,0
MUR-1.6-60-55,287,emeryville,MUR-1.6-60-55_MultiFamily,emeryville,2
MUR-1.6-60-55,288,emeryville,MUR-1.6-60-55,emeryville,0
MDR-0.5-35-30,289,emeryville,MDR-0.5-35-30,emeryville,1
MDR-0.5-35-30,290,emeryville,MDR-0.5-35-30,emeryville,1
MDR-0.5-35-30,291,emeryville,MDR-0.5-35-30,emeryville,1
ROW,292,emeryville,ROW,emeryville,0
MDR-0.5-35-30,293,emeryville,MDR-0.5-35-30,emeryville,1
MDR-0.5-35-30,294,emeryville,MDR-0.5-35-30,emeryville,1
MDR-0.5-35-30,295,emeryville,MDR-0.5-35-30,emeryville,1
MDR-0.5-35-30,296,emeryville,MDR-0.5-35-30,emeryville,1
MDR-0.5-35-30,297,emeryville,MDR-0.5-35-30,emeryville,1
MDR-0.5-35-30,298,emeryville,MDR-0.5-35-30,emeryville,1
MUR-1.6-60-55,299,emeryville,MUR-1.6-60-55,emeryville,0
MUR-1.6-60-55,300,emeryville,MUR-1.6-60-55,emeryville,0
MUR-1.6-60-55,301,emeryville,MUR-1.6-60-55,emeryville,0
MUR-1.6-60-55,302,emeryville,MUR-1.6-60-55,emeryville,0
MUR-3-100-75,303,emeryville,MUR-3-100-75,emeryville,0
MUR-1.6-60-55,304,emeryville,MUR-1.6-60-55_MultiFamily,emeryville,2
MUR-1.6-60-55,305,emeryville,MUR-1.6-60-55,emeryville,0
MUR-3-100-75,306,emeryville,MUR-3-100-75,emeryville,0
MUR-3-100-75,307,emeryville,MUR-3-100-75,emeryville,0
MUR-1.6-60-55,308,emeryville,MUR-1.6-60-55,emeryville,0
MUR-1.6-60-55,309,emeryville,MUR-1.6-60-55_MultiFamily,emeryville,2
MUR-1.6-60-55,310,emeryville,MUR-1.6-60-55,emeryville,0
MUR-1.6-60-55,311,emeryville,MUR-1.6-60-55,emeryville,0
MUR-1.6-60-55,312,emeryville,MUR-1.6-60-55,emeryville,0
MUR-1.6-60-55,313,emeryville,MUR-1.6-60-55,emeryville,0
MUR-3-100-75,314,emeryville,MUR-3-100-75,emeryville,0
MUR-1.6-60-55,315,emeryville,MUR-1.6-60-55_MultiFamily,emeryville,2
MUR-3-100-75,316,emeryville,MUR-3-100-75,emeryville,0
MUR-1.6-60-55,317,emeryville,MUR-1.6-60-55,emeryville,0
MUR-1.6-60-55,318,emeryville,MUR-1.6-60-55,emeryville,0
MUR-1.6-60-55,319,emeryville,MUR-1.6-60-55,emeryville,0
MUR-1.6-60-55,320,emeryville,MUR-1.6-60-55_MultiFamily,emeryville,2
MUR-1.6-60-30,321,emeryville,MUR-1.6-60-30,emeryville,2
MUR-1.6-60-55,322,emeryville,MUR-1.6-60-55,emeryville,0
MUR-6-170-x,323,emeryville,MUR-6-170-x,emeryville,0
MUR-6-170-x,324,emeryville,MUR-6-170-x,emeryville,0
MUR-6-170-55,325,emeryville,MUR-6-170-55,emeryville,0
MUR-6-170-x,326,emeryville,MUR-6-170-x,emeryville,0
MUR-1.6-60-55,327,emeryville,MUR-1.6-60-55,emeryville,0
ODH-1-x-55,328,emeryville,ODH-1-x-55,emeryville,0
ODH-1-x-55,329,emeryville,ODH-1-x-55,emeryville,0
MHR-1.6-60-55,330,emeryville,MHR-1.6-60-55,emeryville,2
CO-1.6-x-55,331,emeryville,CO-1.6-x-55,emeryville,0
MHR-1.6-60-55,332,emeryville,MHR-1.6-60-55,emeryville,2
MHR-1.6-60-55,333,emeryville,MHR-1.6-60-55,emeryville,2
MUR-1.6-60-55,334,emeryville,MUR-1.6-60-55_MultiFamily,emeryville,2
MUR-1.6-60-30,335,emeryville,MUR-1.6-60-30,emeryville,2
MUR-1.6-60-30,336,emeryville,MUR-1.6-60-30,emeryville,2
MHR-1.6-60-55,337,emeryville,MHR-1.6-60-55,emeryville,2
MHR-1.6-60-55,338,emeryville,MHR-1.6-60-55,emeryville,2
MHR-1.6-60-55,339,emeryville,MHR-1.6-60-55,emeryville,2
MUR-3-100-75,340,emeryville,MUR-3-100-75_MultiFamily,emeryville,2
MDR-0.5-35-30,341,emeryville,MDR-0.5-35-30,emeryville,1
MDR-0.5-35-30,342,emeryville,MDR-0.5-35-30,emeryville,1
MDR-0.5-35-30,343,emeryville,MDR-0.5-35-30,emeryville,1
MDR-0.5-35-30,344,emeryville,MDR-0.5-35-30,emeryville,1
MDR-0.5-35-30,345,emeryville,MDR-0.5-35-30,emeryville,1
MU-1.6-x-55,346,emeryville,MU-1.6-x-55,emeryville,0
MDR-0.5-35-30,347,emeryville,MDR-0.5-35-30,emeryville,1
ROW,348,emeryville,ROW,emeryville,0
ROW,349,emeryville,ROW,emeryville,0
MDR-0.5-35-30,350,emeryville,MDR-0.5-35-30,emeryville,1
MDR-0.5-35-30,351,emeryville,MDR-0.5-35-30,emeryville,1
MDR-0.5-35-30,352,emeryville,MDR-0.5-35-30,emeryville,1
MDR-0.5-35-30,353,emeryville,MDR-0.5-35-30,emeryville,1
MUR-6-170-55,354,emeryville,MUR-6-170-55,emeryville,0
MDR-0.5-35-30,355,emeryville,MDR-0.5-35-30,emeryville,1
Pub-1.6-x-55,356,emeryville,Pub-1.6-x-55,emeryville,0
MDR-0.5-35-30,357,emeryville,MDR-0.5-35-30,emeryville,1
MDR-0.5-35-30,358,emeryville,MDR-0.5-35-30,emeryville,1
MDR-0.5-35-30,359,emeryville,MDR-0.5-35-30,emeryville,1
ROW,360,emeryville,ROW,emeryville,0
MDR-0.5-35-30,361,emeryville,MDR-0.5-35-30,emeryville,1
MDR-0.5-35-30,362,emeryville,MDR-0.5-35-30,emeryville,1
MDR-0.5-35-30,363,emeryville,MDR-0.5-35-30,emeryville,1
MDR-0.5-35-30,364,emeryville,MDR-0.5-35-30,emeryville,1
MUR-1.6-60-55,365,emeryville,MUR-1.6-60-55,emeryville,0
Pub-1.6-x-55,366,emeryville,Pub-1.6-x-55,emeryville,0
Pub-1.6-x-55,367,emeryville,Pub-1.6-x-55,emeryville,0
MUR-3-100-75,368,emeryville,MUR-3-100-75_MultiFamily,emeryville,2
MUR-3-100-75,369,emeryville,MUR-3-100-75_MultiFamily,emeryville,2
MUR-3-100-75,370,emeryville,MUR-3-100-75_MultiFamily,emeryville,2
MUR-3-100-75,371,emeryville,MUR-3-100-75_MultiFamily,emeryville,2
MUR-3-100-75,372,emeryville,MUR-3-100-75,emeryville,0
MUR-3-100-75,373,emeryville,MUR-3-100-75,emeryville,0
MUR-1.6-60-55,374,emeryville,MUR-1.6-60-55,emeryville,0
MDR-0.5-35-30,375,emeryville,MDR-0.5-35-30,emeryville,1
MDR-0.5-35-30,376,emeryville,MDR-0.5-35-30,emeryville,1
MUR-1.6-60-55,377,emeryville,MUR-1.6-60-55,emeryville,0
ROW,378,emeryville,ROW,emeryville,0
MUR-1.6-60-55,379,emeryville,MUR-1.6-60-55,emeryville,0
MUR-1.6-60-55,380,emeryville,MUR-1.6-60-55,emeryville,0
MUR-1.6-60-55,381,emeryville,MUR-1.6-60-55,emeryville,0
MUR-1.6-60-55,382,emeryville,MUR-1.6-60-55,emeryville,0
MUR-1.6-60-55,383,emeryville,MUR-1.6-60-55_MultiFamily,emeryville,2
MUR-1.6-60-55,384,emeryville,MUR-1.6-60-55,emeryville,0
MUR-1.6-60-55,385,emeryville,MUR-1.6-60-55,emeryville,0
MUR-1.6-60-55,386,emeryville,MUR-1.6-60-55,emeryville,0
CO-3-x-55,387,emeryville,CO-3-x-55,emeryville,0
MDR-0.5-35-30,388,emeryville,MDR-0.5-35-30,emeryville,1
Pub-0.5-x-30,389,emeryville,Pub-0.5-x-30,emeryville,0
MDR-0.5-35-30,390,emeryville,MDR-0.5-35-30,emeryville,1
MDR-0.5-35-30,391,emeryville,MDR-0.5-35-30,emeryville,1
MDR-0.5-35-30,392,emeryville,MDR-0.5-35-30,emeryville,1
MDR-0.5-35-30,393,emeryville,MDR-0.5-35-30,emeryville,1
MDR-0.5-35-30,394,emeryville,MDR-0.5-35-30,emeryville,1
MUR-1.6-60-55,395,emeryville,MUR-1.6-60-55,emeryville,0
MDR-0.5-35-30,396,emeryville,MDR-0.5-35-30,emeryville,1
MDR-0.5-35-30,397,emeryville,MDR-0.5-35-30,emeryville,1
MUR-3-100-100,398,emeryville,MUR-3-100-100,emeryville,0
MDR-0.5-35-30,399,emeryville,MDR-0.5-35-30,emeryville,1
MDR-0.5-35-30,400,emeryville,MDR-0.5-35-30,emeryville,1
MDR-0.5-35-30,401,emeryville,MDR-0.5-35-30,emeryville,1
MDR-0.5-35-30,402,emeryville,MDR-0.5-35-30,emeryville,1
MDR-0.5-35-30,403,emeryville,MDR-0.5-35-30,emeryville,1
MDR-0.5-35-30,404,emeryville,MDR-0.5-35-30,emeryville,1
CO-3-x-55,405,emeryville,CO-3-x-55,emeryville,0
MUR-1.6-60-55,406,emeryville,MUR-1.6-60-55,emeryville,0
MDR-0.5-35-30,407,emeryville,MDR-0.5-35-30,emeryville,1
MDR-0.5-35-30,408,emeryville,MDR-0.5-35-30,emeryville,1
MDR-0.5-35-30,409,emeryville,MDR-0.5-35-30,emeryville,1
MDR-0.5-35-30,410,emeryville,MDR-0.5-35-30,emeryville,1
MDR-0.5-35-30,411,emeryville,MDR-0.5-35-30,emeryville,1
MDR-0.5-35-30,412,emeryville,MDR-0.5-35-30,emeryville,1
MDR-0.5-35-30,413,emeryville,MDR-0.5-35-30,emeryville,1
MDR-0.5-35-30,414,emeryville,MDR-0.5-35-30,emeryville,1
MDR-0.5-35-30,415,emeryville,MDR-0.5-35-30,emeryville,1
MDR-0.5-35-30,416,emeryville,MDR-0.5-35-30,emeryville,1
MDR-0.5-35-30,417,emeryville,MDR-0.5-35-30,emeryville,1
MDR-0.5-35-30,418,emeryville,MDR-0.5-35-30,emeryville,1
MDR-0.5-35-30,419,emeryville,MDR-0.5-35-30,emeryville,1
MDR-0.5-35-30,420,emeryville,MDR-0.5-35-30,emeryville,1
MUR-3-100-55,421,emeryville,MUR-3-100-55,emeryville,0
MUR-1.6-60-55,422,emeryville,MUR-1.6-60-55,emeryville,0
MDR-0.5-35-30,423,emeryville,MDR-0.5-35-30,emeryville,1
MDR-0.5-35-30,424,emeryville,MDR-0.5-35-30,emeryville,1
MDR-0.5-35-30,425,emeryville,MDR-0.5-35-30,emeryville,1
MUR-3-100-75,426,emeryville,MUR-3-100-75,emeryville,0
MDR-0.5-35-30,427,emeryville,MDR-0.5-35-30,emeryville,1
MDR-0.5-35-30,428,emeryville,MDR-0.5-35-30,emeryville,1
MDR-0.5-35-30,429,emeryville,MDR-0.5-35-30,emeryville,1
MDR-0.5-35-30,430,emeryville,MDR-0.5-35-30,emeryville,1
MDR-0.5-35-30,431,emeryville,MDR-0.5-35-30,emeryville,1
MUR-1.6-60-55,432,emeryville,MUR-1.6-60-55,emeryville,0
CO-3-x-100,433,emeryville,CO-3-x-100,emeryville,0
MDR-0.5-35-30,434,emeryville,MDR-0.5-35-30,emeryville,1
MUR-4-135-100,435,emeryville,MUR-4-135-100,emeryville,0
MDR-0.5-35-30,436,emeryville,MDR-0.5-35-30,emeryville,1
MUR-1.6-60-55,437,emeryville,MUR-1.6-60-55,emeryville,0
MUR-1.6-60-55,438,emeryville,MUR-1.6-60-55_MultiFamily,emeryville,2
MUR-1.6-60-55,439,emeryville,MUR-1.6-60-55_MultiFamily,emeryville,2
MUR-0.5-35-30,440,emeryville,MUR-0.5-35-30,emeryville,0
MUR-0.5-35-30,441,emeryville,MUR-0.5-35-30,emeryville,0
MUR-0.5-35-30,442,emeryville,MUR-0.5-35-30,emeryville,0
MUR-1.6-60-55,443,emeryville,MUR-1.6-60-55,emeryville,0
MUR-1.6-60-55,444,emeryville,MUR-1.6-60-55,emeryville,0
MDR-0.5-35-30,445,emeryville,MDR-0.5-35-30,emeryville,1
MUR-0.5-35-30,446,emeryville,MUR-0.5-35-30,emeryville,0
OS,447,emeryville,OS,emeryville,0
MUR-0.5-35-30,448,emeryville,MUR-0.5-35-30,emeryville,0
OS,449,emeryville,OS,emeryville,0
MUR-6-170-x,450,emeryville,MUR-6-170-x,emeryville,0
MUR-6-170-x,451,emeryville,MUR-6-170-x,emeryville,0
MUR-6-170-x,452,emeryville,MUR-6-170-x,emeryville,0
MUR-6-170-x,453,emeryville,MUR-6-170-x,emeryville,0
MUR-6-170-x,454,emeryville,MUR-6-170-x,emeryville,0
MHR-1.6-60-55,455,emeryville,MHR-1.6-60-55,emeryville,2
MHR-1.6-60-55,456,emeryville,MHR-1.6-60-55,emeryville,2
MHR-1.6-60-55,457,emeryville,MHR-1.6-60-55,emeryville,2
MHR-1.6-60-55,458,emeryville,MHR-1.6-60-55,emeryville,2
MHR-1.6-60-55,459,emeryville,MHR-1.6-60-55,emeryville,2
MHR-1.6-60-55,460,emeryville,MHR-1.6-60-55,emeryville,2
MHR-1.6-60-55,461,emeryville,MHR-1.6-60-55,emeryville,2
MHR-1.6-60-55,462,emeryville,MHR-1.6-60-55,emeryville,2
MHR-1.6-60-55,463,emeryville,MHR-1.6-60-55,emeryville,2
MHR-1.6-60-55,464,emeryville,MHR-1.6-60-55,emeryville,2
MHR-1.6-60-55,465,emeryville,MHR-1.6-60-55,emeryville,2
MHR-1.6-60-55,466,emeryville,MHR-1.6-60-55,emeryville,2
MUR-1.6-60-55,467,emeryville,MUR-1.6-60-55,emeryville,0
MHR-1.6-60-55,468,emeryville,MHR-1.6-60-55,emeryville,2
MUR-0.5-35-30,469,emeryville,MUR-0.5-35-30,emeryville,0
MUR-0.5-35-30,470,emeryville,MUR-0.5-35-30,emeryville,0
MDR-0.5-35-30,471,emeryville,MDR-0.5-35-30,emeryville,1
MDR-0.5-35-30,472,emeryville,MDR-0.5-35-30,emeryville,1
MDR-0.5-35-30,473,emeryville,MDR-0.5-35-30,emeryville,1
MDR-0.5-35-30,474,emeryville,MDR-0.5-35-30,emeryville,1
CO-1.6-x-55,475,emeryville,CO-1.6-x-55,emeryville,0
MDR-0.5-35-30,476,emeryville,MDR-0.5-35-30,emeryville,1
MDR-0.5-35-30,477,emeryville,MDR-0.5-35-30,emeryville,1
CO-4-x-100,478,emeryville,CO-4-x-100,emeryville,0
MDR-0.5-35-30,479,emeryville,MDR-0.5-35-30,emeryville,1
MUR-0.5-35-30,480,emeryville,MUR-0.5-35-30,emeryville,0
OS,481,emeryville,OS,emeryville,0
MDR-0.5-35-30,482,emeryville,MDR-0.5-35-30,emeryville,1
MUR-0.5-35-30,483,emeryville,MUR-0.5-35-30,emeryville,0
MDR-0.5-35-30,484,emeryville,MDR-0.5-35-30,emeryville,1
MUR-6-170-x,485,emeryville,MUR-6-170-x,emeryville,0
MUR-0.5-35-30,486,emeryville,MUR-0.5-35-30,emeryville,0
CO-1.6-x-55,487,emeryville,CO-1.6-x-55,emeryville,0
CO-1.6-x-55,488,emeryville,CO-1.6-x-55,emeryville,0
MDR-0.5-35-30,489,emeryville,MDR-0.5-35-30,emeryville,1
OS,490,emeryville,OS,emeryville,0
MUR-0.5-35-30,491,emeryville,MUR-0.5-35-30,emeryville,0
MDR-0.5-35-30,492,emeryville,MDR-0.5-35-30,emeryville,1
MUR-6-170-x,493,emeryville,MUR-6-170-x,emeryville,0
MUR-0.5-35-30,494,emeryville,MUR-0.5-35-30,emeryville,0
MDR-0.5-35-30,495,emeryville,MDR-0.5-35-30,emeryville,1
MDR-0.5-35-30,496,emeryville,MDR-0.5-35-30,emeryville,1
MDR-0.5-35-30,497,emeryville,MDR-0.5-35-30,emeryville,1
MUR-6-170-x,498,emeryville,MUR-6-170-x,emeryville,0
MUR-6-170-x,499,emeryville,MUR-6-170-x,emeryville,0
MDR-0.5-35-30,500,emeryville,MDR-0.5-35-30,emeryville,1
MDR-0.5-35-30,501,emeryville,MDR-0.5-35-30,emeryville,1
CO-4-x-55,502,emeryville,CO-4-x-55,emeryville,0
MDR-0.5-35-30,503,emeryville,MDR-0.5-35-30,emeryville,1
ROW,504,emeryville,ROW,emeryville,0
MDR-0.5-35-30,505,emeryville,MDR-0.5-35-30,emeryville,1
MDR-0.5-35-30,506,emeryville,MDR-0.5-35-30,emeryville,1
MDR-0.5-35-30,507,emeryville,MDR-0.5-35-30,emeryville,1
MDR-0.5-35-30,508,emeryville,MDR-0.5-35-30,emeryville,1
MDR-0.5-35-30,509,emeryville,MDR-0.5-35-30,emeryville,1
MDR-0.5-35-30,510,emeryville,MDR-0.5-35-30,emeryville,1
MDR-0.5-35-30,511,emeryville,MDR-0.5-35-30,emeryville,1
MHR-1.6-60-55,512,emeryville,MHR-1.6-60-55,emeryville,2
ODH-1-x-55,513,emeryville,ODH-1-x-55,emeryville,0
MDR-0.5-35-30,514,emeryville,MDR-0.5-35-30,emeryville,1
MDR-0.5-35-30,515,emeryville,MDR-0.5-35-30,emeryville,1
MDR-0.5-35-30,516,emeryville,MDR-0.5-35-30,emeryville,1
MDR-0.5-35-30,517,emeryville,MDR-0.5-35-30,emeryville,1
MDR-0.5-35-30,518,emeryville,MDR-0.5-35-30,emeryville,1
CO-4-x-55,519,emeryville,CO-4-x-55,emeryville,0
MDR-0.5-35-30,520,emeryville,MDR-0.5-35-30,emeryville,1
MDR-0.5-35-30,521,emeryville,MDR-0.5-35-30,emeryville,1
MDR-0.5-35-30,522,emeryville,MDR-0.5-35-30,emeryville,1
ODH-1-x-55,523,emeryville,ODH-1-x-55,emeryville,0
ODH-1-x-55,524,emeryville,ODH-1-x-55,emeryville,0
MDR-0.5-35-30,525,emeryville,MDR-0.5-35-30,emeryville,1
MDR-0.5-35-30,526,emeryville,MDR-0.5-35-30,emeryville,1
MDR-0.5-35-30,527,emeryville,MDR-0.5-35-30,emeryville,1
MUR-1.6-60-55,528,emeryville,MUR-1.6-60-55,emeryville,0
Pub-0.5-x-30,529,emeryville,Pub-0.5-x-30,emeryville,0
MDR-0.5-35-30,530,emeryville,MDR-0.5-35-30,emeryville,1
MDR-0.5-35-30,531,emeryville,MDR-0.5-35-30,emeryville,1
MDR-0.5-35-30,532,emeryville,MDR-0.5-35-30,emeryville,1
MDR-0.5-35-30,533,emeryville,MDR-0.5-35-30,emeryville,1
MDR-0.5-35-30,534,emeryville,MDR-0.5-35-30,emeryville,1
MDR-0.5-35-30,535,emeryville,MDR-0.5-35-30,emeryville,1
MDR-0.5-35-30,536,emeryville,MDR-0.5-35-30,emeryville,1
MDR-0.5-35-30,537,emeryville,MDR-0.5-35-30,emeryville,1
MDR-0.5-35-30,538,emeryville,MDR-0.5-35-30,emeryville,1
MDR-0.5-35-30,539,emeryville,MDR-0.5-35-30,emeryville,1
MDR-0.5-35-30,540,emeryville,MDR-0.5-35-30,emeryville,1
Pub-1.6-x-55,541,emeryville,Pub-1.6-x-55,emeryville,0
MDR-0.5-35-30,542,emeryville,MDR-0.5-35-30,emeryville,1
MDR-0.5-35-30,543,emeryville,MDR-0.5-35-30,emeryville,1
MDR-0.5-35-30,544,emeryville,MDR-0.5-35-30,emeryville,1
MDR-0.5-35-30,545,emeryville,MDR-0.5-35-30,emeryville,1
MDR-0.5-35-30,546,emeryville,MDR-0.5-35-30,emeryville,1
MDR-0.5-35-30,547,emeryville,MDR-0.5-35-30,emeryville,1
MDR-0.5-35-30,548,emeryville,MDR-0.5-35-30,emeryville,1
MDR-0.5-35-30,549,emeryville,MDR-0.5-35-30,emeryville,1
Pub-1.6-x-55,550,emeryville,Pub-1.6-x-55,emeryville,0
MDR-0.5-35-30,551,emeryville,MDR-0.5-35-30,emeryville,1
MDR-0.5-35-30,552,emeryville,MDR-0.5-35-30,emeryville,1
MDR-0.5-35-30,553,emeryville,MDR-0.5-35-30,emeryville,1
MDR-0.5-35-30,554,emeryville,MDR-0.5-35-30,emeryville,1
MDR-0.5-35-30,555,emeryville,MDR-0.5-35-30,emeryville,1
MDR-0.5-35-30,556,emeryville,MDR-0.5-35-30,emeryville,1
MDR-0.5-35-30,557,emeryville,MDR-0.5-35-30,emeryville,1
MUR-6-170-55,558,emeryville,MUR-6-170-55,emeryville,0
MUR-3-100-75,559,emeryville,MUR-3-100-75_MultiFamily,emeryville,2
MUR-3-100-75,560,emeryville,MUR-3-100-75_MultiFamily,emeryville,2
MUR-3-100-75,561,emeryville,MUR-3-100-75_MultiFamily,emeryville,2
MUR-3-100-75,562,emeryville,MUR-3-100-75_MultiFamily,emeryville,2
MDR-0.5-35-30,563,emeryville,MDR-0.5-35-30,emeryville,1
MDR-0.5-35-30,564,emeryville,MDR-0.5-35-30,emeryville,1
MDR-0.5-35-30,565,emeryville,MDR-0.5-35-30,emeryville,1
MUR-0.5-35-30,566,emeryville,MUR-0.5-35-30,emeryville,0
MUR-0.5-35-30,567,emeryville,MUR-0.5-35-30,emeryville,0
MDR-0.5-35-30,568,emeryville,MDR-0.5-35-30,emeryville,1
MDR-0.5-35-30,569,emeryville,MDR-0.5-35-30,emeryville,1
MDR-0.5-35-30,570,emeryville,MDR-0.5-35-30,emeryville,1
MDR-0.5-35-30,571,emeryville,MDR-0.5-35-30,emeryville,1
MDR-0.5-35-30,572,emeryville,MDR-0.5-35-30,emeryville,1
MDR-0.5-35-30,573,emeryville,MDR-0.5-35-30,emeryville,1
MDR-0.5-35-30,574,emeryville,MDR-0.5-35-30,emeryville,1
MDR-0.5-35-30,575,emeryville,MDR-0.5-35-30,emeryville,1
MDR-0.5-35-30,576,emeryville,MDR-0.5-35-30,emeryville,1
MDR-0.5-35-30,577,emeryville,MDR-0.5-35-30,emeryville,1
OS,578,emeryville,OS,emeryville,0
OS,579,emeryville,OS,emeryville,0
MUR-1.6-60-55,580,emeryville,MUR-1.6-60-55_MultiFamily,emeryville,2
MDR-0.5-35-30,581,emeryville,MDR-0.5-35-30,emeryville,1
MDR-0.5-35-30,582,emeryville,MDR-0.5-35-30,emeryville,1
MUR-0.5-35-30,583,emeryville,MUR-0.5-35-30,emeryville,0
OS,584,emeryville,OS,emeryville,0
MUR-6-170-x,585,emeryville,MUR-6-170-x,emeryville,0
MDR-0.5-35-30,586,emeryville,MDR-0.5-35-30,emeryville,1
MUR-0.5-35-30,587,emeryville,MUR-0.5-35-30,emeryville,0
MDR-0.5-35-30,588,emeryville,MDR-0.5-35-30,emeryville,1
MUR-4-135-55,589,emeryville,MUR-4-135-55,emeryville,0
MDR-0.5-35-30,590,emeryville,MDR-0.5-35-30,emeryville,1
MUR-0.5-35-30,591,emeryville,MUR-0.5-35-30,emeryville,0
MDR-0.5-35-30,592,emeryville,MDR-0.5-35-30,emeryville,1
Pub-0.5-x-30,593,emeryville,Pub-0.5-x-30,emeryville,0
MDR-0.5-35-30,594,emeryville,MDR-0.5-35-30,emeryville,1
OS,595,emeryville,OS,emeryville,0
Pub-0.5-x-30,596,emeryville,Pub-0.5-x-30,emeryville,0
ROW,597,emeryville,ROW,emeryville,0
MDR-0.5-35-30,598,emeryville,MDR-0.5-35-30,emeryville,1
MDR-0.5-35-30,599,emeryville,MDR-0.5-35-30,emeryville,1
MUR-6-170-x,600,emeryville,MUR-6-170-x_MultiFamily,emeryville,2
OS,601,emeryville,OS,emeryville,0
MDR-0.5-35-30,602,emeryville,MDR-0.5-35-30,emeryville,1
MDR-0.5-35-30,603,emeryville,MDR-0.5-35-30,emeryville,1
MDR-0.5-35-30,604,emeryville,MDR-0.5-35-30,emeryville,1
MDR-0.5-35-30,605,emeryville,MDR-0.5-35-30,emeryville,1
MUR-6-170-x,606,emeryville,MUR-6-170-x,emeryville,0
CO-1.6-x-55,607,emeryville,CO-1.6-x-55,emeryville,0
ROW,608,emeryville,ROW,emeryville,0
MDR-0.5-35-30,609,emeryville,MDR-0.5-35-30,emeryville,1
MU-0.5-x-30,610,emeryville,MU-0.5-x-30,emeryville,0
MDR-0.5-35-30,611,emeryville,MDR-0.5-35-30,emeryville,1
MDR-0.5-35-30,612,emeryville,MDR-0.5-35-30,emeryville,1
ROW,613,emeryville,ROW,emeryville,0
MDR-0.5-35-30,614,emeryville,MDR-0.5-35-30,emeryville,1
OS,615,emeryville,OS,emeryville,0
MU-0.5-x-30,616,emeryville,MU-0.5-x-30,emeryville,0
MDR-0.5-35-30,617,emeryville,MDR-0.5-35-30,emeryville,1
MDR-0.5-35-30,618,emeryville,MDR-0.5-35-30,emeryville,1
MU-1.6-x-55,619,emeryville,MU-1.6-x-55,emeryville,0
MDR-0.5-35-30,620,emeryville,MDR-0.5-35-30,emeryville,1
MDR-0.5-35-30,621,emeryville,MDR-0.5-35-30,emeryville,1
MUR-6-170-55,622,emeryville,MUR-6-170-55,emeryville,0
MDR-0.5-35-30,623,emeryville,MDR-0.5-35-30,emeryville,1
CO-4-x-55,624,emeryville,CO-4-x-55,emeryville,0
MDR-0.5-35-30,625,emeryville,MDR-0.5-35-30,emeryville,1
CO-1.6-x-55,626,emeryville,CO-1.6-x-55,emeryville,0
CO-1.6-x-55,627,emeryville,CO-1.6-x-55,emeryville,0
MDR-0.5-35-30,628,emeryville,MDR-0.5-35-30,emeryville,1
MDR-0.5-35-30,629,emeryville,MDR-0.5-35-30,emeryville,1
MDR-0.5-35-30,630,emeryville,MDR-0.5-35-30,emeryville,1
MDR-0.5-35-30,631,emeryville,MDR-0.5-35-30,emeryville,1
MDR-0.5-35-30,632,emeryville,MDR-0.5-35-30,emeryville,1
MDR-0.5-35-30,633,emeryville,MDR-0.5-35-30,emeryville,1
MDR-0.5-35-30,634,emeryville,MDR-0.5-35-30,emeryville,1
MDR-0.5-35-30,635,emeryville,MDR-0.5-35-30,emeryville,1
MDR-0.5-35-30,636,emeryville,MDR-0.5-35-30,emeryville,1
MDR-0.5-35-30,637,emeryville,MDR-0.5-35-30,emeryville,1
Ind-1.6-x-55,638,emeryville,Ind-1.6-x-55,emeryville,0
Ind-1.6-x-55,639,emeryville,Ind-1.6-x-55,emeryville,0
Ind-1.6-x-55,640,emeryville,Ind-1.6-x-55,emeryville,0
Ind-1.6-x-55,641,emeryville,Ind-1.6-x-55,emeryville,0
MHR-1.6-60-55,642,emeryville,MHR-1.6-60-55,emeryville,2
Mar-0.5-x-55,643,emeryville,Mar-0.5-x-55,emeryville,0
Water,644,emeryville,Water,emeryville,3
Ind-0.5-x-55,645,emeryville,Ind-0.5-x-55,emeryville,0
MDR-0.5-35-30,646,emeryville,MDR-0.5-35-30,emeryville,1
MDR-0.5-35-30,647,emeryville,MDR-0.5-35-30,emeryville,1
MDR-0.5-35-30,648,emeryville,MDR-0.5-35-30,emeryville,1
MHR-1.6-60-55,649,emeryville,MHR-1.6-60-55,emeryville,2
MDR-0.5-35-30,650,emeryville,MDR-0.5-35-30,emeryville,1
MHR-1.6-60-55,651,emeryville,MHR-1.6-60-55,emeryville,2
MDR-0.5-35-30,652,emeryville,MDR-0.5-35-30,emeryville,1
MU-4-x-x,653,emeryville,MU-4-x-x,emeryville,0
MDR-0.5-35-30,654,emeryville,MDR-0.5-35-30,emeryville,1
MDR-0.5-35-30,655,emeryville,MDR-0.5-35-30,emeryville,1
MDR-0.5-35-30,656,emeryville,MDR-0.5-35-30,emeryville,1
MDR-0.5-35-30,657,emeryville,MDR-0.5-35-30,emeryville,1
MDR-0.5-35-30,658,emeryville,MDR-0.5-35-30,emeryville,1
MUR-6-170-55,659,emeryville,MUR-6-170-55,emeryville,0
ROW,660,emeryville,ROW,emeryville,0
MDR-0.5-35-30,661,emeryville,MDR-0.5-35-30,emeryville,1
MDR-0.5-35-30,662,emeryville,MDR-0.5-35-30,emeryville,1
Mar-0.5-x-55,663,emeryville,Mar-0.5-x-55,emeryville,0
MDR-0.5-35-30,664,emeryville,MDR-0.5-35-30,emeryville,1
MDR-0.5-35-30,665,emeryville,MDR-0.5-35-30,emeryville,1
MU-4-x-x,666,emeryville,MU-4-x-x,emeryville,0
MDR-0.5-35-30,667,emeryville,MDR-0.5-35-30,emeryville,1
MDR-0.5-35-30,668,emeryville,MDR-0.5-35-30,emeryville,1
MDR-0.5-35-30,669,emeryville,MDR-0.5-35-30,emeryville,1
MDR-0.5-35-30,670,emeryville,MDR-0.5-35-30,emeryville,1
MDR-0.5-35-30,671,emeryville,MDR-0.5-35-30,emeryville,1
MDR-0.5-35-30,672,emeryville,MDR-0.5-35-30,emeryville,1
MUR-6-170-55,673,emeryville,MUR-6-170-55,emeryville,0
MDR-0.5-35-30,674,emeryville,MDR-0.5-35-30,emeryville,1
MDR-0.5-35-30,675,emeryville,MDR-0.5-35-30,emeryville,1
MDR-0.5-35-30,676,emeryville,MDR-0.5-35-30,emeryville,1
MDR-0.5-35-30,677,emeryville,MDR-0.5-35-30,emeryville,1
MUR-1.6-60-55,678,emeryville,MUR-1.6-60-55,emeryville,0
MUR-1.6-60-55,679,emeryville,MUR-1.6-60-55,emeryville,0
MDR-0.5-35-30,680,emeryville,MDR-0.5-35-30,emeryville,1
MDR-0.5-35-30,681,emeryville,MDR-0.5-35-30,emeryville,1
MU-1.6-x-55,682,emeryville,MU-1.6-x-55,emeryville,0
MDR-0.5-35-30,683,emeryville,MDR-0.5-35-30,emeryville,1
MDR-0.5-35-30,684,emeryville,MDR-0.5-35-30,emeryville,1
MUR-1.6-60-55,685,emeryville,MUR-1.6-60-55,emeryville,0
MDR-0.5-35-30,686,emeryville,MDR-0.5-35-30,emeryville,1
MDR-0.5-35-30,687,emeryville,MDR-0.5-35-30,emeryville,1
MUR-1.6-60-55,688,emeryville,MUR-1.6-60-55,emeryville,0
MDR-0.5-35-30,689,emeryville,MDR-0.5-35-30,emeryville,1
MUR-6-170-55,690,emeryville,MUR-6-170-55,emeryville,0
MHR-1.6-60-55,691,emeryville,MHR-1.6-60-55,emeryville,2
MHR-1.6-60-55,692,emeryville,MHR-1.6-60-55,emeryville,2
OS,693,emeryville,OS,emeryville,0
OS,694,emeryville,OS,emeryville,0
MHR-1.6-60-55,695,emeryville,MHR-1.6-60-55,emeryville,2
MHR-1.6-60-55,696,emeryville,MHR-1.6-60-55,emeryville,2
MUR-3-100-75,697,emeryville,MUR-3-100-75,emeryville,0
ROW,698,emeryville,ROW,emeryville,0
MDR-0.5-35-30,699,emeryville,MDR-0.5-35-30,emeryville,1
ROW,700,emeryville,ROW,emeryville,0
MDR-0.5-35-30,701,emeryville,MDR-0.5-35-30,emeryville,1
MDR-0.5-35-30,702,emeryville,MDR-0.5-35-30,emeryville,1
MDR-0.5-35-30,703,emeryville,MDR-0.5-35-30,emeryville,1
MDR-0.5-35-30,704,emeryville,MDR-0.5-35-30,emeryville,1
MDR-0.5-35-30,705,emeryville,MDR-0.5-35-30,emeryville,1
MDR-0.5-35-30,706,emeryville,MDR-0.5-35-30,emeryville,1
MDR-0.5-35-30,707,emeryville,MDR-0.5-35-30,emeryville,1
MDR-0.5-35-30,708,emeryville,MDR-0.5-35-30,emeryville,1
MDR-0.5-35-30,709,emeryville,MDR-0.5-35-30,emeryville,1
MDR-0.5-35-30,710,emeryville,MDR-0.5-35-30,emeryville,1
MDR-0.5-35-30,711,emeryville,MDR-0.5-35-30,emeryville,1
OS,712,emeryville,OS,emeryville,0
MDR-0.5-35-30,713,emeryville,MDR-0.5-35-30,emeryville,1
MDR-0.5-35-30,714,emeryville,MDR-0.5-35-30,emeryville,1
ROW,715,emeryville,ROW,emeryville,0
MUR-6-170-55,716,emeryville,MUR-6-170-55,emeryville,0
MUR-6-170-55,717,emeryville,MUR-6-170-55,emeryville,0
CO-3-x-100,718,emeryville,CO-3-x-100,emeryville,0
MDR-0.5-35-30,719,emeryville,MDR-0.5-35-30,emeryville,1
ROW,720,emeryville,ROW,emeryville,0
MUR-1.6-60-55,721,emeryville,MUR-1.6-60-55,emeryville,0
MUR-0.5-35-30,722,emeryville,MUR-0.5-35-30,emeryville,0
MDR-0.5-35-30,723,emeryville,MDR-0.5-35-30,emeryville,1
Ind-0.5-x-55,724,emeryville,Ind-0.5-x-55,emeryville,0
MDR-0.5-35-30,725,emeryville,MDR-0.5-35-30,emeryville,1
MDR-0.5-35-30,726,emeryville,MDR-0.5-35-30,emeryville,1
ROW,727,emeryville,ROW,emeryville,0
MUR-3-100-55,728,emeryville,MUR-3-100-55,emeryville,0
MDR-0.5-35-30,729,emeryville,MDR-0.5-35-30,emeryville,1
MDR-0.5-35-30,730,emeryville,MDR-0.5-35-30,emeryville,1
MHR-1.6-60-55,731,emeryville,MHR-1.6-60-55,emeryville,2
OS,732,emeryville,OS,emeryville,0
MHR-1.6-60-55,733,emeryville,MHR-1.6-60-55,emeryville,2
MDR-0.5-35-30,734,emeryville,MDR-0.5-35-30,emeryville,1
MDR-0.5-35-30,735,emeryville,MDR-0.5-35-30,emeryville,1
MDR-0.5-35-30,736,emeryville,MDR-0.5-35-30,emeryville,1
MDR-0.5-35-30,737,emeryville,MDR-0.5-35-30,emeryville,1
MDR-0.5-35-30,738,emeryville,MDR-0.5-35-30,emeryville,1
MU-4-x-55,739,emeryville,MU-4-x-55,emeryville,0
MDR-0.5-35-30,740,emeryville,MDR-0.5-35-30,emeryville,1
OS,741,emeryville,OS,emeryville,0
ODH-1-x-55,742,emeryville,ODH-1-x-55,emeryville,0
MDR-0.5-35-30,743,emeryville,MDR-0.5-35-30,emeryville,1
Pub-1.6-x-55,744,emeryville,Pub-1.6-x-55,emeryville,0
ROW,745,emeryville,ROW,emeryville,0
MDR-0.5-35-30,746,emeryville,MDR-0.5-35-30,emeryville,1
MDR-1.6-60-55,747,emeryville,MDR-1.6-60-55,emeryville,1
MDR-1.6-60-55,748,emeryville,MDR-1.6-60-55,emeryville,1
MDR-1.6-60-55,749,emeryville,MDR-1.6-60-55,emeryville,1
MDR-1.6-60-55,750,emeryville,MDR-1.6-60-55,emeryville,1
MUR-3-100-75,751,emeryville,MUR-3-100-75_MultiFamily,emeryville,2
MDR-1.6-60-55,752,emeryville,MDR-1.6-60-55,emeryville,1
MUR-1.6-60-55,753,emeryville,MUR-1.6-60-55_MultiFamily,emeryville,2
MUR-3-100-75,754,emeryville,MUR-3-100-75_MultiFamily,emeryville,2
MDR-1.6-60-55,755,emeryville,MDR-1.6-60-55,emeryville,1
MDR-1.6-60-55,756,emeryville,MDR-1.6-60-55,emeryville,1
MDR-1.6-60-55,757,emeryville,MDR-1.6-60-55,emeryville,1
MDR-1.6-60-55,758,emeryville,MDR-1.6-60-55,emeryville,1
MDR-1.6-60-55,759,emeryville,MDR-1.6-60-55,emeryville,1
ROW,760,emeryville,ROW,emeryville,0
OS,761,emeryville,OS,emeryville,0
MDR-0.5-35-30,762,emeryville,MDR-0.5-35-30,emeryville,1
MUR-3-100-75,763,emeryville,MUR-3-100-75,emeryville,0
ROW,764,emeryville,ROW,emeryville,0
ROW,765,emeryville,ROW,emeryville,0
MUR-6-135-x,766,emeryville,MUR-6-135-x,emeryville,0
Ind-1.6-x-55,767,emeryville,Ind-1.6-x-55,emeryville,0
Ind-1.6-x-55,768,emeryville,Ind-1.6-x-55,emeryville,0
MDR-0.5-35-30,769,emeryville,MDR-0.5-35-30,emeryville,1
ROW,770,emeryville,ROW,emeryville,0
MDR-0.5-35-30,771,emeryville,MDR-0.5-35-30,emeryville,1
MDR-0.5-35-30,772,emeryville,MDR-0.5-35-30,emeryville,1
MDR-0.5-35-30,773,emeryville,MDR-0.5-35-30,emeryville,1
MDR-0.5-35-30,774,emeryville,MDR-0.5-35-30,emeryville,1
MDR-0.5-35-30,775,emeryville,MDR-0.5-35-30,emeryville,1
MDR-0.5-35-30,776,emeryville,MDR-0.5-35-30,emeryville,1
MDR-0.5-35-30,777,emeryville,MDR-0.5-35-30,emeryville,1
MDR-0.5-35-30,778,emeryville,MDR-0.5-35-30,emeryville,1
MDR-0.5-35-30,779,emeryville,MDR-0.5-35-30,emeryville,1
MUR-1.6-60-55,780,emeryville,MUR-1.6-60-55,emeryville,0
MDR-0.5-35-30,781,emeryville,MDR-0.5-35-30,emeryville,1
MDR-0.5-35-30,782,emeryville,MDR-0.5-35-30,emeryville,1
MDR-0.5-35-30,783,emeryville,MDR-0.5-35-30,emeryville,1
MDR-0.5-35-30,784,emeryville,MDR-0.5-35-30,emeryville,1
MUR-1.6-60-55,785,emeryville,MUR-1.6-60-55,emeryville,0
MDR-0.5-35-30,786,emeryville,MDR-0.5-35-30,emeryville,1
MUR-1.6-60-55,787,emeryville,MUR-1.6-60-55,emeryville,0
MDR-0.5-35-30,788,emeryville,MDR-0.5-35-30,emeryville,1
MDR-0.5-35-30,789,emeryville,MDR-0.5-35-30,emeryville,1
MDR-0.5-35-30,790,emeryville,MDR-0.5-35-30,emeryville,1
MDR-0.5-35-30,791,emeryville,MDR-0.5-35-30,emeryville,1
MDR-0.5-35-30,792,emeryville,MDR-0.5-35-30,emeryville,1
MDR-0.5-35-30,793,emeryville,MDR-0.5-35-30,emeryville,1
MDR-0.5-35-30,794,emeryville,MDR-0.5-35-30,emeryville,1
MDR-0.5-35-30,795,emeryville,MDR-0.5-35-30,emeryville,1
MDR-0.5-35-30,796,emeryville,MDR-0.5-35-30,emeryville,1
Ind-1.6-x-55,797,emeryville,Ind-1.6-x-55,emeryville,0
Ind-1.6-x-55,798,emeryville,Ind-1.6-x-55,emeryville,0
Ind-1.6-x-55,799,emeryville,Ind-1.6-x-55,emeryville,0
Ind-1.6-x-55,800,emeryville,Ind-1.6-x-55,emeryville,0
Ind-1.6-x-55,801,emeryville,Ind-1.6-x-55,emeryville,0
Ind-1.6-x-55,802,emeryville,Ind-1.6-x-55,emeryville,0
Ind-1.6-x-55,803,emeryville,Ind-1.6-x-55,emeryville,0
MDR-0.5-35-30,804,emeryville,MDR-0.5-35-30,emeryville,1
MDR-0.5-35-30,805,emeryville,MDR-0.5-35-30,emeryville,1
Ind-3-x-55,806,emeryville,Ind-3-x-55,emeryville,0
MUR-6-135-x,807,emeryville,MUR-6-135-x,emeryville,0
MUR-6-135-x,808,emeryville,MUR-6-135-x,emeryville,0
Ind-3-x-55,809,emeryville,Ind-3-x-55,emeryville,0
Ind-3-x-55,810,emeryville,Ind-3-x-55,emeryville,0
Ind-3-x-55,811,emeryville,Ind-3-x-55,emeryville,0
Ind-1.6-x-55,812,emeryville,Ind-1.6-x-55,emeryville,0
Ind-3-x-55,813,emeryville,Ind-3-x-55,emeryville,0
Ind-3-x-55,814,emeryville,Ind-3-x-55,emeryville,0
Ind-1.6-x-55,815,emeryville,Ind-1.6-x-55,emeryville,0
ROW,816,emeryville,ROW,emeryville,0
Ind-1.6-x-55,817,emeryville,Ind-1.6-x-55,emeryville,0
Ind-3-x-55,818,emeryville,Ind-3-x-55,emeryville,0
Ind-1.6-x-55,819,emeryville,Ind-1.6-x-55,emeryville,0
Ind-3-x-55,820,emeryville,Ind-3-x-55,emeryville,0
Ind-3-x-55,821,emeryville,Ind-3-x-55,emeryville,0
Ind-3-x-55,822,emeryville,Ind-3-x-55,emeryville,0
MUR-6-135-x,823,emeryville,MUR-6-135-x,emeryville,0
Ind-1.6-x-55,824,emeryville,Ind-1.6-x-55,emeryville,0
ROW,825,emeryville,ROW,emeryville,0
Ind-1.6-x-55,826,emeryville,Ind-1.6-x-55,emeryville,0
Ind-1.6-x-55,827,emeryville,Ind-1.6-x-55,emeryville,0
Ind-1.6-x-55,828,emeryville,Ind-1.6-x-55,emeryville,0
Ind-3-x-55,829,emeryville,Ind-3-x-55,emeryville,0
Ind-1.6-x-55,830,emeryville,Ind-1.6-x-55,emeryville,0
Ind-1.6-x-55,831,emeryville,Ind-1.6-x-55,emeryville,0
Ind-1.6-x-55,832,emeryville,Ind-1.6-x-55,emeryville,0
Ind-1.6-x-55,833,emeryville,Ind-1.6-x-55,emeryville,0
Ind-1.6-x-55,834,emeryville,Ind-1.6-x-55,emeryville,0
Ind-1.6-x-55,835,emeryville,Ind-1.6-x-55,emeryville,0
Ind-1.6-x-55,836,emeryville,Ind-1.6-x-55,emeryville,0
Ind-1.6-x-55,837,emeryville,Ind-1.6-x-55,emeryville,0
MDR-0.5-35-30,838,emeryville,MDR-0.5-35-30,emeryville,1
MDR-0.5-35-30,839,emeryville,MDR-0.5-35-30,emeryville,1
MDR-0.5-35-30,840,emeryville,MDR-0.5-35-30,emeryville,1
MDR-0.5-35-30,841,emeryville,MDR-0.5-35-30,emeryville,1
MDR-0.5-35-30,842,emeryville,MDR-0.5-35-30,emeryville,1
MDR-0.5-35-30,843,emeryville,MDR-0.5-35-30,emeryville,1
MUR-0.5-35-30,844,emeryville,MUR-0.5-35-30,emeryville,0
MUR-3-100-75,845,emeryville,MUR-3-100-75,emeryville,0
MUR-3-100-75,846,emeryville,MUR-3-100-75,emeryville,0
MDR-1.6-60-55,847,emeryville,MDR-1.6-60-55,emeryville,1
MDR-1.6-60-55,848,emeryville,MDR-1.6-60-55,emeryville,1
MUR-4-135-100,849,emeryville,MUR-4-135-100,emeryville,0
MDR-1.6-60-55,850,emeryville,MDR-1.6-60-55,emeryville,1
MDR-1.6-60-55,851,emeryville,MDR-1.6-60-55,emeryville,1
MDR-1.6-60-55,852,emeryville,MDR-1.6-60-55,emeryville,1
MUR-1.6-60-55,853,emeryville,MUR-1.6-60-55_MultiFamily,emeryville,2
MUR-3-100-75,854,emeryville,MUR-3-100-75_MultiFamily,emeryville,2
MUR-3-100-75,855,emeryville,MUR-3-100-75,emeryville,0
MUR-1.6-60-55,856,emeryville,MUR-1.6-60-55,emeryville,0
MDR-1.6-60-55,857,emeryville,MDR-1.6-60-55,emeryville,1
MDR-1.6-60-55,858,emeryville,MDR-1.6-60-55,emeryville,1
MUR-3-100-75,859,emeryville,MUR-3-100-75,emeryville,0
MUR-3-100-75,860,emeryville,MUR-3-100-75,emeryville,0
MUR-3-100-75,861,emeryville,MUR-3-100-75_MultiFamily,emeryville,2
MDR-1.6-60-55,862,emeryville,MDR-1.6-60-55,emeryville,1
MDR-1.6-60-55,863,emeryville,MDR-1.6-60-55,emeryville,1
MDR-1.6-60-55,864,emeryville,MDR-1.6-60-55,emeryville,1
MDR-1.6-60-55,865,emeryville,MDR-1.6-60-55,emeryville,1
MDR-1.6-60-55,866,emeryville,MDR-1.6-60-55,emeryville,1
MUR-3-100-75,867,emeryville,MUR-3-100-75,emeryville,0
MUR-3-100-75,868,emeryville,MUR-3-100-75_MultiFamily,emeryville,2
MDR-1.6-60-55,869,emeryville,MDR-1.6-60-55,emeryville,1
MDR-1.6-60-55,870,emeryville,MDR-1.6-60-55,emeryville,1
MUR-3-100-75,871,emeryville,MUR-3-100-75,emeryville,0
MDR-1.6-60-55,872,emeryville,MDR-1.6-60-55,emeryville,1
MDR-1.6-60-55,873,emeryville,MDR-1.6-60-55,emeryville,1
MUR-3-100-75,874,emeryville,MUR-3-100-75_MultiFamily,emeryville,2
MDR-1.6-60-55,875,emeryville,MDR-1.6-60-55,emeryville,1
MUR-3-100-75,876,emeryville,MUR-3-100-75_MultiFamily,emeryville,2
MDR-1.6-60-55,877,emeryville,MDR-1.6-60-55,emeryville,1
MDR-1.6-60-55,878,emeryville,MDR-1.6-60-55,emeryville,1
MDR-1.6-60-55,879,emeryville,MDR-1.6-60-55,emeryville,1
MUR-3-100-75,880,emeryville,MUR-3-100-75_MultiFamily,emeryville,2
MUR-3-100-75,881,emeryville,MUR-3-100-75,emeryville,0
MUR-3-100-75,882,emeryville,MUR-3-100-75_MultiFamily,emeryville,2
MUR-3-100-75,883,emeryville,MUR-3-100-75,emeryville,0
MUR-3-100-75,884,emeryville,MUR-3-100-75,emeryville,0
MUR-3-100-75,885,emeryville,MUR-3-100-75,emeryville,0
MDR-1.6-60-55,886,emeryville,MDR-1.6-60-55,emeryville,1
MDR-1.6-60-55,887,emeryville,MDR-1.6-60-55,emeryville,1
MUR-3-100-75,888,emeryville,MUR-3-100-75_MultiFamily,emeryville,2
MUR-3-100-75,889,emeryville,MUR-3-100-75_MultiFamily,emeryville,2
CO-3-x-55,890,emeryville,CO-3-x-55,emeryville,0
MHR-1.6-60-55,891,emeryville,MHR-1.6-60-55,emeryville,2
MHR-1.6-60-55,892,emeryville,MHR-1.6-60-55,emeryville,2
MHR-1.6-60-55,893,emeryville,MHR-1.6-60-55,emeryville,2
MHR-1.6-60-55,894,emeryville,MHR-1.6-60-55,emeryville,2
MHR-1.6-60-55,895,emeryville,MHR-1.6-60-55,emeryville,2
MHR-1.6-60-55,896,emeryville,MHR-1.6-60-55,emeryville,2
MUR-6-135-x,897,emeryville,MUR-6-135-x,emeryville,0
Water,898,emeryville,Water,emeryville,3
RHD-4-135-55,899,emeryville,RHD-4-135-55,emeryville,2
RHD-4-135-55,900,emeryville,RHD-4-135-55,emeryville,2
ROW,901,emeryville,ROW,emeryville,0
MU-4-x-55,902,emeryville,MU-4-x-55,emeryville,0
MU-3-x-55,903,emeryville,MU-3-x-55,emeryville,0
MU-3-x-55,904,emeryville,MU-3-x-55,emeryville,0
MDR-0.5-35-30,905,emeryville,MDR-0.5-35-30,emeryville,1
MDR-0.5-35-30,906,emeryville,MDR-0.5-35-30,emeryville,1
MDR-0.5-35-30,907,emeryville,MDR-0.5-35-30,emeryville,1
MDR-0.5-35-30,908,emeryville,MDR-0.5-35-30,emeryville,1
MDR-0.5-35-30,909,emeryville,MDR-0.5-35-30,emeryville,1
MDR-0.5-35-30,910,emeryville,MDR-0.5-35-30,emeryville,1
MDR-0.5-35-30,911,emeryville,MDR-0.5-35-30,emeryville,1
MDR-0.5-35-30,912,emeryville,MDR-0.5-35-30,emeryville,1
MHR-1.6-60-55,913,emeryville,MHR-1.6-60-55,emeryville,2
MHR-1.6-60-55,914,emeryville,MHR-1.6-60-55,emeryville,2
MHR-1.6-60-55,915,emeryville,MHR-1.6-60-55,emeryville,2
MUR-1.6-60-55,916,emeryville,MUR-1.6-60-55,emeryville,0
MUR-1.6-60-55,917,emeryville,MUR-1.6-60-55,emeryville,0
MUR-1.6-60-55,918,emeryville,MUR-1.6-60-55,emeryville,0
RHD-3-100-55,919,emeryville,RHD-3-100-55,emeryville,2
MHR-1.6-60-55,920,emeryville,MHR-1.6-60-55,emeryville,2
MHR-1.6-60-55,921,emeryville,MHR-1.6-60-55,emeryville,2
MHR-1.6-60-55,922,emeryville,MHR-1.6-60-55,emeryville,2
MHR-1.6-60-55,923,emeryville,MHR-1.6-60-55,emeryville,2
MHR-1.6-60-55,924,emeryville,MHR-1.6-60-55,emeryville,2
MHR-1.6-60-55,925,emeryville,MHR-1.6-60-55,emeryville,2
MHR-1.6-60-55,926,emeryville,MHR-1.6-60-55,emeryville,2
MHR-1.6-60-55,927,emeryville,MHR-1.6-60-55,emeryville,2
MHR-1.6-60-55,928,emeryville,MHR-1.6-60-55,emeryville,2
OS,929,emeryville,OS,emeryville,0
MHR-1.6-60-55,930,emeryville,MHR-1.6-60-55,emeryville,2
MDR-1.6-60-55,931,emeryville,MDR-1.6-60-55,emeryville,1
MDR-0.5-35-30,932,emeryville,MDR-0.5-35-30,emeryville,1
MDR-0.5-35-30,933,emeryville,MDR-0.5-35-30,emeryville,1
MDR-0.5-35-30,934,emeryville,MDR-0.5-35-30,emeryville,1
MUR-4-135-55,935,emeryville,MUR-4-135-55_MultiFamily,emeryville,2
MUR-6-170-x,936,emeryville,MUR-6-170-x,emeryville,0
MUR-6-170-x,937,emeryville,MUR-6-170-x,emeryville,0
MDR-0.5-35-30,938,emeryville,MDR-0.5-35-30,emeryville,1
MDR-0.5-35-30,939,emeryville,MDR-0.5-35-30,emeryville,1
MDR-0.5-35-30,940,emeryville,MDR-0.5-35-30,emeryville,1
MHR-1.6-60-55,941,emeryville,MHR-1.6-60-55,emeryville,2
MHR-1.6-60-55,942,emeryville,MHR-1.6-60-55,emeryville,2
MHR-1.6-60-55,943,emeryville,MHR-1.6-60-55,emeryville,2
ROW,944,emeryville,ROW,emeryville,0
ROW,945,emeryville,ROW,emeryville,0
MHR-1.6-60-55,946,emeryville,MHR-1.6-60-55,emeryville,2
MHR-1.6-60-55,947,emeryville,MHR-1.6-60-55,emeryville,2
MHR-1.6-60-55,948,emeryville,MHR-1.6-60-55,emeryville,2
MHR-1.6-60-55,949,emeryville,MHR-1.6-60-55,emeryville,2
MHR-1.6-60-55,950,emeryville,MHR-1.6-60-55,emeryville,2
MHR-1.6-60-55,951,emeryville,MHR-1.6-60-55,emeryville,2
MHR-1.6-60-55,952,emeryville,MHR-1.6-60-55,emeryville,2
MHR-1.6-60-55,953,emeryville,MHR-1.6-60-55,emeryville,2
MDR-0.5-35-30,954,emeryville,MDR-0.5-35-30,emeryville,1
MDR-0.5-35-30,955,emeryville,MDR-0.5-35-30,emeryville,1
MDR-0.5-35-30,956,emeryville,MDR-0.5-35-30,emeryville,1
MDR-0.5-35-30,957,emeryville,MDR-0.5-35-30,emeryville,1
ROW,958,emeryville,ROW,emeryville,0
MDR-0.5-35-30,959,emeryville,MDR-0.5-35-30,emeryville,1
MDR-0.5-35-30,960,emeryville,MDR-0.5-35-30,emeryville,1
MDR-0.5-35-30,961,emeryville,MDR-0.5-35-30,emeryville,1
ROW,962,emeryville,ROW,emeryville,0
MHR-1.6-60-55,963,emeryville,MHR-1.6-60-55,emeryville,2
MUR-6-170-x,964,emeryville,MUR-6-170-x_MultiFamily,emeryville,2
MU-4-x-55,965,emeryville,MU-4-x-55,emeryville,0
MU-4-x-55,966,emeryville,MU-4-x-55,emeryville,0
OS,967,emeryville,OS,emeryville,0
MDR-0.5-35-30,968,emeryville,MDR-0.5-35-30,emeryville,1
MDR-0.5-35-30,969,emeryville,MDR-0.5-35-30,emeryville,1
MHR-1.6-60-55,970,emeryville,MHR-1.6-60-55,emeryville,2
MUR-1.6-60-55,971,emeryville,MUR-1.6-60-55,emeryville,0
MDR-0.5-35-30,972,emeryville,MDR-0.5-35-30,emeryville,1
MDR-0.5-35-30,973,emeryville,MDR-0.5-35-30,emeryville,1
MDR-0.5-35-30,974,emeryville,MDR-0.5-35-30,emeryville,1
ROW,975,emeryville,ROW,emeryville,0
ROW,976,emeryville,ROW,emeryville,0
OS,977,emeryville,OS,emeryville,0
Water,978,emeryville,Water,emeryville,3
MUR-6-170-x,979,emeryville,MUR-6-170-x,emeryville,0
MU-4-x-55,980,emeryville,MU-4-x-55,emeryville,0
MU-4-x-55,981,emeryville,MU-4-x-55,emeryville,0
MDR-0.5-35-30,982,emeryville,MDR-0.5-35-30,emeryville,1
Ind-1.6-x-55,983,emeryville,Ind-1.6-x-55,emeryville,0
OS,984,emeryville,OS,emeryville,0
MUR-6-170-x,985,emeryville,MUR-6-170-x,emeryville,0
MUR-6-170-x,986,emeryville,MUR-6-170-x_MultiFamily,emeryville,2
MU-4-x-55,987,emeryville,MU-4-x-55,emeryville,0
ROW,988,emeryville,ROW,emeryville,0
RHD-4-135-55,989,emeryville,RHD-4-135-55,emeryville,2
ROW,990,emeryville,ROW,emeryville,0
OS,991,emeryville,OS,emeryville,0
OS,992,emeryville,OS,emeryville,0
MUR-1.6-60-55,993,emeryville,MUR-1.6-60-55,emeryville,0
MHR-1.6-60-55,994,emeryville,MHR-1.6-60-55,emeryville,2
MHR-1.6-60-55,995,emeryville,MHR-1.6-60-55,emeryville,2
MHR-1.6-60-55,996,emeryville,MHR-1.6-60-55,emeryville,2
MHR-1.6-60-55,997,emeryville,MHR-1.6-60-55,emeryville,2
MUR-3-100-75,998,emeryville,MUR-3-100-75,emeryville,0
OS,999,emeryville,OS,emeryville,0
OS,1000,emeryville,OS,emeryville,0
OS,1001,emeryville,OS,emeryville,0
Water,1002,emeryville,Water,emeryville,3
MUR-3-100-75,1003,emeryville,MUR-3-100-75_MultiFamily,emeryville,2
OS,1004,emeryville,OS,emeryville,0
MUR-1.6-60-55,1005,emeryville,MUR-1.6-60-55,emeryville,0
MUR-0.5-35-30,1006,emeryville,MUR-0.5-35-30,emeryville,0
MUR-0.5-35-30,1007,emeryville,MUR-0.5-35-30,emeryville,0
MUR-0.5-35-55,1008,emeryville,MUR-0.5-35-55,emeryville,0
MUR-0.5-35-30,1009,emeryville,MUR-0.5-35-30,emeryville,0
MDR-0.5-35-30,1010,emeryville,MDR-0.5-35-30,emeryville,1
MUR-3-100-100,1011,emeryville,MUR-3-100-100,emeryville,0
MDR-0.5-35-30,1012,emeryville,MDR-0.5-35-30,emeryville,1
Mar-0.5-x-55,1013,emeryville,Mar-0.5-x-55,emeryville,0
Mar-0.5-x-55,1014,emeryville,Mar-0.5-x-55,emeryville,0
Water,1015,emeryville,Water,emeryville,3
Pub-1.6-x-55,1016,emeryville,Pub-1.6-x-55,emeryville,0
Pub-1.6-x-55,1017,emeryville,Pub-1.6-x-55,emeryville,0
Pub-1.6-x-55,1018,emeryville,Pub-1.6-x-55,emeryville,0
Pub-1.6-x-55,1019,emeryville,Pub-1.6-x-55,emeryville,0
ROW,1020,emeryville,ROW,emeryville,0
MUR-4-135-100,1021,emeryville,MUR-4-135-100,emeryville,0
CO-3-x-55,1022,emeryville,CO-3-x-55,emeryville,0
MUR-4-135-100,1023,emeryville,MUR-4-135-100,emeryville,0
MUR-4-135-100,1024,emeryville,MUR-4-135-100,emeryville,0
MUR-6-170-x,1025,emeryville,MUR-6-170-x,emeryville,0
MUR-6-170-55,1026,emeryville,MUR-6-170-55,emeryville,0
MUR-6-170-55,1027,emeryville,MUR-6-170-55,emeryville,0
MUR-3-100-55,1028,emeryville,MUR-3-100-55,emeryville,0
CO-3-x-100,1029,emeryville,CO-3-x-100,emeryville,0
MUR-6-170-55,1030,emeryville,MUR-6-170-55,emeryville,0
ROW,1031,emeryville,ROW,emeryville,0
OS,1032,emeryville,OS,emeryville,0
OS,1033,emeryville,OS,emeryville,0
MHR-1.6-60-55,1034,emeryville,MHR-1.6-60-55,emeryville,2
MHR-1.6-60-55,1035,emeryville,MHR-1.6-60-55,emeryville,2
CO-3-x-100,1036,emeryville,CO-3-x-100,emeryville,0
CO-1.6-x-55,1037,emeryville,CO-1.6-x-55,emeryville,0
Ind-0.5-x-55,1038,emeryville,Ind-0.5-x-55,emeryville,0
CO-1.6-x-55,1039,emeryville,CO-1.6-x-55,emeryville,0
MU-1.6-x-55,1040,emeryville,MU-1.6-x-55,emeryville,0
MUR-6-170-55,1041,emeryville,MUR-6-170-55,emeryville,0
MU-1.6-x-55,1042,emeryville,MU-1.6-x-55,emeryville,0
MUR-3-100-55,1043,emeryville,MUR-3-100-55,emeryville,0
OS,1044,emeryville,OS,emeryville,0
OS,1045,emeryville,OS,emeryville,0
ROW,1046,emeryville,ROW,emeryville,0
MU-4-x-100,1047,emeryville,MU-4-x-100,emeryville,0
MU-4-x-100,1048,emeryville,MU-4-x-100,emeryville,0
ROW,1049,emeryville,ROW,emeryville,0
ROW,1050,emeryville,ROW,emeryville,0
MUR-6-170-55,1051,emeryville,MUR-6-170-55,emeryville,0
ROW,1052,emeryville,ROW,emeryville,0
MUR-1.6-60-55,1053,emeryville,MUR-1.6-60-55,emeryville,0
MUR-6-170-x,1054,emeryville,MUR-6-170-x,emeryville,0
MUR-6-170-55,1055,emeryville,MUR-6-170-55,emeryville,0
MUR-1.6-60-55,1056,emeryville,MUR-1.6-60-55,emeryville,0
ROW,1057,emeryville,ROW,emeryville,0
MUR-1.6-60-55,1058,emeryville,MUR-1.6-60-55,emeryville,0
ROW,1059,emeryville,ROW,emeryville,0
ROW,1060,emeryville,ROW,emeryville,0
MU-4-x-x,1061,emeryville,MU-4-x-x,emeryville,0
CO-3-x-100,1062,emeryville,CO-3-x-100,emeryville,0
OS,1063,emeryville,OS,emeryville,0
OS,1064,emeryville,OS,emeryville,0
MUR-1.6-60-55,1065,emeryville,MUR-1.6-60-55_MultiFamily,emeryville,2
ROW,1066,emeryville,ROW,emeryville,0
MDR-0.5-35-55,1067,emeryville,MDR-0.5-35-55,emeryville,1
MUR-1.6-60-55,1068,emeryville,MUR-1.6-60-55,emeryville,0
ROW,1069,emeryville,ROW,emeryville,0
MUR-1.6-60-55,1070,emeryville,MUR-1.6-60-55,emeryville,0
ROW,1071,emeryville,ROW,emeryville,0
Ind-0.5-x-55,1072,emeryville,Ind-0.5-x-55,emeryville,0
MUR-0.5-35-55,1073,emeryville,MUR-0.5-35-55,emeryville,0
CO-1.6-x-55,1074,emeryville,CO-1.6-x-55,emeryville,0
MUR-4-135-100,1075,emeryville,MUR-4-135-100_MultiFamily,emeryville,2
MU-4-x-x,1076,emeryville,MU-4-x-x,emeryville,0
MU-4-x-x,1077,emeryville,MU-4-x-x,emeryville,0
ROW,1078,emeryville,ROW,emeryville,0
ROW,1079,emeryville,ROW,emeryville,0
MUR-6-170-x,1080,emeryville,MUR-6-170-x,emeryville,0
OS,1081,emeryville,OS,emeryville,0
MUR-6-170-x,1082,emeryville,MUR-6-170-x,emeryville,0
CO-3-x-55,1083,emeryville,CO-3-x-55,emeryville,0
ROW,1084,emeryville,ROW,emeryville,0
MUR-6-170-55,1085,emeryville,MUR-6-170-55,emeryville,0
ROW,1086,emeryville,ROW,emeryville,0
MU-4-x-x,1087,emeryville,MU-4-x-x,emeryville,0
ROW,1088,emeryville,ROW,emeryville,0
Pub-0.5-x-55,1089,emeryville,Pub-0.5-x-55,emeryville,0
OS,1090,emeryville,OS,emeryville,0
OS,1091,emeryville,OS,emeryville,0
ROW,1092,emeryville,ROW,emeryville,0
MUR-6-170-x,1093,emeryville,MUR-6-170-x,emeryville,0
MUR-4-135-100,1094,emeryville,MUR-4-135-100,emeryville,0
MUR-4-135-100,1095,emeryville,MUR-4-135-100,emeryville,0
MUR-4-135-55,1096,emeryville,MUR-4-135-55,emeryville,0
ROW,1097,emeryville,ROW,emeryville,0
ROW,1098,emeryville,ROW,emeryville,0
MU-4-x-55,1099,emeryville,MU-4-x-55,emeryville,0
MU-4-x-55,1100,emeryville,MU-4-x-55,emeryville,0
ROW,1101,emeryville,ROW,emeryville,0
MUR-3-100-75,1102,emeryville,MUR-3-100-75_MultiFamily,emeryville,2
MUR-3-100-75,1103,emeryville,MUR-3-100-75,emeryville,0
MUR-3-100-75,1104,emeryville,MUR-3-100-75,emeryville,0
MUR-3-100-75,1105,emeryville,MUR-3-100-75,emeryville,0
MUR-3-100-75,1106,emeryville,MUR-3-100-75_MultiFamily,emeryville,2
MDR-0.5-35-30,1107,emeryville,MDR-0.5-35-30,emeryville,1
MDR-0.5-35-30,1108,emeryville,MDR-0.5-35-30,emeryville,1
MDR-0.5-35-30,1109,emeryville,MDR-0.5-35-30,emeryville,1
MDR-0.5-35-30,1110,emeryville,MDR-0.5-35-30,emeryville,1
MUR-1.6-60-55,1111,emeryville,MUR-1.6-60-55_MultiFamily,emeryville,2
MUR-1.6-60-55,1112,emeryville,MUR-1.6-60-55,emeryville,0
MDR-0.5-35-30,1113,emeryville,MDR-0.5-35-30,emeryville,1
MDR-0.5-35-30,1114,emeryville,MDR-0.5-35-30,emeryville,1
CO-1.6-x-55,1115,emeryville,CO-1.6-x-55,emeryville,0
MU-1.6-x-55,1116,emeryville,MU-1.6-x-55,emeryville,0
ROW,1117,emeryville,ROW,emeryville,0
MDR-0.5-35-30,1118,emeryville,MDR-0.5-35-30,emeryville,1
MDR-0.5-35-30,1119,emeryville,MDR-0.5-35-30,emeryville,1
MDR-0.5-35-30,1120,emeryville,MDR-0.5-35-30,emeryville,1
MDR-0.5-35-30,1121,emeryville,MDR-0.5-35-30,emeryville,1
MDR-0.5-35-30,1122,emeryville,MDR-0.5-35-30,emeryville,1
MDR-0.5-35-30,1123,emeryville,MDR-0.5-35-30,emeryville,1
MDR-0.5-35-30,1124,emeryville,MDR-0.5-35-30,emeryville,1
MDR-0.5-35-30,1125,emeryville,MDR-0.5-35-30,emeryville,1
MDR-0.5-35-30,1126,emeryville,MDR-0.5-35-30,emeryville,1
MDR-0.5-35-30,1127,emeryville,MDR-0.5-35-30,emeryville,1
MDR-0.5-35-30,1128,emeryville,MDR-0.5-35-30,emeryville,1
MDR-0.5-35-30,1129,emeryville,MDR-0.5-35-30,emeryville,1
MUR-1.6-60-55,1130,emeryville,MUR-1.6-60-55,emeryville,0
MDR-0.5-35-30,1131,emeryville,MDR-0.5-35-30,emeryville,1
MDR-0.5-35-30,1132,emeryville,MDR-0.5-35-30,emeryville,1
MDR-0.5-35-30,1133,emeryville,MDR-0.5-35-30,emeryville,1
MDR-0.5-35-30,1134,emeryville,MDR-0.5-35-30,emeryville,1
MDR-0.5-35-30,1135,emeryville,MDR-0.5-35-30,emeryville,1
MDR-0.5-35-30,1136,emeryville,MDR-0.5-35-30,emeryville,1
MDR-0.5-35-30,1137,emeryville,MDR-0.5-35-30,emeryville,1
MDR-0.5-35-30,1138,emeryville,MDR-0.5-35-30,emeryville,1
MDR-0.5-35-30,1139,emeryville,MDR-0.5-35-30,emeryville,1
MDR-0.5-35-30,1140,emeryville,MDR-0.5-35-30,emeryville,1
MDR-0.5-35-30,1141,emeryville,MDR-0.5-35-30,emeryville,1
MDR-0.5-35-30,1142,emeryville,MDR-0.5-35-30,emeryville,1
MDR-0.5-35-30,1143,emeryville,MDR-0.5-35-30,emeryville,1
MDR-0.5-35-30,1144,emeryville,MDR-0.5-35-30,emeryville,1
MDR-0.5-35-30,1145,emeryville,MDR-0.5-35-30,emeryville,1
MDR-0.5-35-30,1146,emeryville,MDR-0.5-35-30,emeryville,1
MDR-0.5-35-30,1147,emeryville,MDR-0.5-35-30,emeryville,1
MDR-0.5-35-30,1148,emeryville,MDR-0.5-35-30,emeryville,1
MDR-0.5-35-30,1149,emeryville,MDR-0.5-35-30,emeryville,1
MDR-0.5-35-30,1150,emeryville,MDR-0.5-35-30,emeryville,1
MDR-0.5-35-30,1151,emeryville,MDR-0.5-35-30,emeryville,1
MDR-0.5-35-30,1152,emeryville,MDR-0.5-35-30,emeryville,1
MDR-0.5-35-30,1153,emeryville,MDR-0.5-35-30,emeryville,1
MDR-0.5-35-30,1154,emeryville,MDR-0.5-35-30,emeryville,1
MDR-0.5-35-30,1155,emeryville,MDR-0.5-35-30,emeryville,1
MDR-0.5-35-30,1156,emeryville,MDR-0.5-35-30,emeryville,1
MDR-0.5-35-30,1157,emeryville,MDR-0.5-35-30,emeryville,1
MDR-0.5-35-30,1158,emeryville,MDR-0.5-35-30,emeryville,1
MDR-0.5-35-30,1159,emeryville,MDR-0.5-35-30,emeryville,1
MDR-0.5-35-30,1160,emeryville,MDR-0.5-35-30,emeryville,1
MDR-0.5-35-30,1161,emeryville,MDR-0.5-35-30,emeryville,1
MDR-0.5-35-30,1162,emeryville,MDR-0.5-35-30,emeryville,1
MDR-0.5-35-30,1163,emeryville,MDR-0.5-35-30,emeryville,1
MDR-0.5-35-30,1164,emeryville,MDR-0.5-35-30,emeryville,1
MDR-0.5-35-30,1165,emeryville,MDR-0.5-35-30,emeryville,1
MDR-0.5-35-30,1166,emeryville,MDR-0.5-35-30,emeryville,1
MDR-0.5-35-30,1167,emeryville,MDR-0.5-35-30,emeryville,1
MDR-0.5-35-30,1168,emeryville,MDR-0.5-35-30,emeryville,1
MDR-0.5-35-30,1169,emeryville,MDR-0.5-35-30,emeryville,1
MDR-0.5-35-30,1170,emeryville,MDR-0.5-35-30,emeryville,1
MDR-0.5-35-30,1171,emeryville,MDR-0.5-35-30,emeryville,1
MUR-1.6-60-55,1172,emeryville,MUR-1.6-60-55,emeryville,0
MUR-1.6-60-55,1173,emeryville,MUR-1.6-60-55,emeryville,0
MUR-1.6-60-55,1174,emeryville,MUR-1.6-60-55,emeryville,0
MUR-1.6-60-55,1175,emeryville,MUR-1.6-60-55,emeryville,0
MDR-0.5-35-30,1176,emeryville,MDR-0.5-35-30,emeryville,1
MDR-0.5-35-30,1177,emeryville,MDR-0.5-35-30,emeryville,1
MDR-0.5-35-30,1178,emeryville,MDR-0.5-35-30,emeryville,1
MDR-0.5-35-30,1179,emeryville,MDR-0.5-35-30,emeryville,1
