Name,timestamp,begin,end,altitudeMo,tessellate,extrude,visibility,drawOrder,icon,snippet,Zoning
TC-T,NA,NA,NA,clampToGround,-1,0,-1,NA,NA,NA,NA
TC-P(I),NA,NA,NA,clampToGround,-1,0,-1,NA,NA,NA,NA
P-2002-91,NA,NA,NA,clampToGround,-1,0,-1,NA,NA,NA,NA
P-2007-229(I),NA,NA,NA,clampToGround,-1,0,-1,NA,NA,NA,NA
TC-P,NA,NA,NA,clampToGround,-1,0,-1,NA,NA,NA,NA
C-G,NA,NA,NA,clampToGround,-1,0,-1,NA,NA,NA,NA
C-G(I),NA,NA,NA,clampToGround,-1,0,-1,NA,NA,NA,NA
R-3-23,NA,NA,NA,clampToGround,-1,0,-1,0,NA,NA,2
P-2013-269,NA,NA,NA,clampToGround,-1,0,-1,NA,NA,NA,NA
TC-P,NA,NA,NA,clampToGround,-1,0,-1,NA,NA,NA,NA
P-2006-10,NA,NA,NA,clampToGround,-1,0,-1,NA,NA,NA,NA
C-G,NA,NA,NA,clampToGround,-1,0,-1,NA,NA,NA,NA
P-2013-201,NA,NA,NA,clampToGround,-1,0,-1,NA,NA,NA,NA
P-2006-153,NA,NA,NA,clampToGround,-1,0,-1,NA,NA,NA,NA
C-N,NA,NA,NA,clampToGround,-1,0,-1,NA,NA,NA,NA
MX,NA,NA,NA,clampToGround,-1,0,-1,NA,NA,NA,NA
C-G,NA,NA,NA,clampToGround,-1,0,-1,NA,NA,NA,NA
MX,NA,NA,NA,clampToGround,-1,0,-1,NA,NA,NA,NA
C-N(HOD)(H-I),NA,NA,NA,clampToGround,-1,0,-1,NA,NA,NA,NA
C-O,NA,NA,NA,clampToGround,-1,0,-1,NA,NA,NA,NA
TC-P(HOD)(H-I),NA,NA,NA,clampToGround,-1,0,-1,NA,NA,NA,NA
P-2002-63(HOD),NA,NA,NA,clampToGround,-1,0,-1,NA,NA,NA,NA
P-2014-323(HOD),NA,NA,NA,clampToGround,-1,0,-1,NA,NA,NA,NA
P-2001-34(HOD),NA,NA,NA,clampToGround,-1,0,-1,NA,NA,NA,NA
C-N,NA,NA,NA,clampToGround,-1,0,-1,NA,NA,NA,NA
C-N,NA,NA,NA,clampToGround,-1,0,-1,NA,NA,NA,NA
C-N,NA,NA,NA,clampToGround,-1,0,-1,NA,NA,NA,NA
C-N,NA,NA,NA,clampToGround,-1,0,-1,NA,NA,NA,NA
C-G,NA,NA,NA,clampToGround,-1,0,-1,NA,NA,NA,NA
C-G,NA,NA,NA,clampToGround,-1,0,-1,NA,NA,NA,NA
C-O,NA,NA,NA,clampToGround,-1,0,-1,NA,NA,NA,NA
C-G,NA,NA,NA,clampToGround,-1,0,-1,NA,NA,NA,NA
C-N,NA,NA,NA,clampToGround,-1,0,-1,NA,NA,NA,NA
C-N,NA,NA,NA,clampToGround,-1,0,-1,NA,NA,NA,NA
C-N,NA,NA,NA,clampToGround,-1,0,-1,NA,NA,NA,NA
C-N,NA,NA,NA,clampToGround,-1,0,-1,NA,NA,NA,NA
C-G(HOD)(H-I),NA,NA,NA,clampToGround,-1,0,-1,NA,NA,NA,NA
C-G,NA,NA,NA,clampToGround,-1,0,-1,NA,NA,NA,NA
C-N,NA,NA,NA,clampToGround,-1,0,-1,NA,NA,NA,NA
C-N,NA,NA,NA,clampToGround,-1,0,-1,NA,NA,NA,NA
C-O,NA,NA,NA,clampToGround,-1,0,-1,NA,NA,NA,NA
C-O,NA,NA,NA,clampToGround,-1,0,-1,NA,NA,NA,NA
C-G,NA,NA,NA,clampToGround,-1,0,-1,NA,NA,NA,NA
C-G(HOD)(H-I),NA,NA,NA,clampToGround,-1,0,-1,NA,NA,NA,NA
CC-UN,NA,NA,NA,clampToGround,-1,0,-1,NA,NA,NA,NA
C-O,NA,NA,NA,clampToGround,-1,0,-1,NA,NA,NA,NA
C-G,NA,NA,NA,clampToGround,-1,0,-1,NA,NA,NA,NA
C-O,NA,NA,NA,clampToGround,-1,0,-1,NA,NA,NA,NA
C-O,NA,NA,NA,clampToGround,-1,0,-1,NA,NA,NA,NA
C-G,NA,NA,NA,clampToGround,-1,0,-1,NA,NA,NA,NA
C-O,NA,NA,NA,clampToGround,-1,0,-1,NA,NA,NA,NA
C-O,NA,NA,NA,clampToGround,-1,0,-1,NA,NA,NA,NA
C-O,NA,NA,NA,clampToGround,-1,0,-1,NA,NA,NA,NA
C-G,NA,NA,NA,clampToGround,-1,0,-1,NA,NA,NA,NA
CC-UO,NA,NA,NA,clampToGround,-1,0,-1,NA,NA,NA,NA
CC-UO,NA,NA,NA,clampToGround,-1,0,-1,NA,NA,NA,NA
C-O(H-I),NA,NA,NA,clampToGround,-1,0,-1,NA,NA,NA,NA
R-3-18,NA,NA,NA,clampToGround,-1,0,-1,0,NA,NA,2
TC-T(I),NA,NA,NA,clampToGround,-1,0,-1,NA,NA,NA,NA
CC-UO,NA,NA,NA,clampToGround,-1,0,-1,NA,NA,NA,NA
C-N,NA,NA,NA,clampToGround,-1,0,-1,NA,NA,NA,NA
C-O,NA,NA,NA,clampToGround,-1,0,-1,NA,NA,NA,NA
C-O,NA,NA,NA,clampToGround,-1,0,-1,NA,NA,NA,NA
C-O,NA,NA,NA,clampToGround,-1,0,-1,NA,NA,NA,NA
P-2003-2,NA,NA,NA,clampToGround,-1,0,-1,NA,NA,NA,NA
C-O,NA,NA,NA,clampToGround,-1,0,-1,NA,NA,NA,NA
C-O,NA,NA,NA,clampToGround,-1,0,-1,NA,NA,NA,NA
P-2014-84,NA,NA,NA,clampToGround,-1,0,-1,NA,NA,NA,NA
C-R,NA,NA,NA,clampToGround,-1,0,-1,NA,NA,NA,NA
C-R,NA,NA,NA,clampToGround,-1,0,-1,NA,NA,NA,NA
C-G,NA,NA,NA,clampToGround,-1,0,-1,NA,NA,NA,NA
C-G,NA,NA,NA,clampToGround,-1,0,-1,NA,NA,NA,NA
C-G(HOD)(H-I),NA,NA,NA,clampToGround,-1,0,-1,NA,NA,NA,NA
C-G,NA,NA,NA,clampToGround,-1,0,-1,NA,NA,NA,NA
C-G,NA,NA,NA,clampToGround,-1,0,-1,NA,NA,NA,NA
CC-UN,NA,NA,NA,clampToGround,-1,0,-1,NA,NA,NA,NA
CC-UN,NA,NA,NA,clampToGround,-1,0,-1,NA,NA,NA,NA
MX,NA,NA,NA,clampToGround,-1,0,-1,NA,NA,NA,NA
C-G,NA,NA,NA,clampToGround,-1,0,-1,NA,NA,NA,NA
MX,NA,NA,NA,clampToGround,-1,0,-1,NA,NA,NA,NA
MX,NA,NA,NA,clampToGround,-1,0,-1,NA,NA,NA,NA
C-N,NA,NA,NA,clampToGround,-1,0,-1,NA,NA,NA,NA
C-G,NA,NA,NA,clampToGround,-1,0,-1,NA,NA,NA,NA
R-3-18,NA,NA,NA,clampToGround,-1,0,-1,0,NA,NA,2
C-G,NA,NA,NA,clampToGround,-1,0,-1,NA,NA,NA,NA
I-G,NA,NA,NA,clampToGround,-1,0,-1,NA,NA,NA,NA
C-G,NA,NA,NA,clampToGround,-1,0,-1,NA,NA,NA,NA
I-S,NA,NA,NA,clampToGround,-1,0,-1,NA,NA,NA,NA
I-S,NA,NA,NA,clampToGround,-1,0,-1,NA,NA,NA,NA
P-2017-285,NA,NA,NA,clampToGround,-1,0,-1,NA,NA,NA,NA
I-S,NA,NA,NA,clampToGround,-1,0,-1,NA,NA,NA,NA
I-T,NA,NA,NA,clampToGround,-1,0,-1,NA,NA,NA,NA
P-81-15A,NA,NA,NA,clampToGround,-1,0,-1,NA,NA,NA,NA
P-81-15PP,NA,NA,NA,clampToGround,-1,0,-1,NA,NA,NA,NA
P-81-15NN,NA,NA,NA,clampToGround,-1,0,-1,NA,NA,NA,NA
P-2015-23,NA,NA,NA,clampToGround,-1,0,-1,NA,NA,NA,NA
P-81-15GG,NA,NA,NA,clampToGround,-1,0,-1,NA,NA,NA,NA
P-81-15CC,NA,NA,NA,clampToGround,-1,0,-1,NA,NA,NA,NA
P-81-15i,NA,NA,NA,clampToGround,-1,0,-1,NA,NA,NA,NA
P-81-15B,NA,NA,NA,clampToGround,-1,0,-1,NA,NA,NA,NA
P-81-15,NA,NA,NA,clampToGround,-1,0,-1,NA,NA,NA,NA
I-T,NA,NA,NA,clampToGround,-1,0,-1,NA,NA,NA,NA
I-T,NA,NA,NA,clampToGround,-1,0,-1,NA,NA,NA,NA
P-2000-214,NA,NA,NA,clampToGround,-1,0,-1,NA,NA,NA,NA
C-R,NA,NA,NA,clampToGround,-1,0,-1,NA,NA,NA,NA
C-G,NA,NA,NA,clampToGround,-1,0,-1,NA,NA,NA,NA
C-O,NA,NA,NA,clampToGround,-1,0,-1,NA,NA,NA,NA
CC-UO,NA,NA,NA,clampToGround,-1,0,-1,NA,NA,NA,NA
CC-UO,NA,NA,NA,clampToGround,-1,0,-1,NA,NA,NA,NA
CC-TN,NA,NA,NA,clampToGround,-1,0,-1,NA,NA,NA,NA
CC-UN,NA,NA,NA,clampToGround,-1,0,-1,NA,NA,NA,NA
CC-UO,NA,NA,NA,clampToGround,-1,0,-1,NA,NA,NA,NA
CC-UN,NA,NA,NA,clampToGround,-1,0,-1,NA,NA,NA,NA
CC-UN,NA,NA,NA,clampToGround,-1,0,-1,NA,NA,NA,NA
CC-UN,NA,NA,NA,clampToGround,-1,0,-1,NA,NA,NA,NA
CC-UN,NA,NA,NA,clampToGround,-1,0,-1,NA,NA,NA,NA
D-E,NA,NA,NA,clampToGround,-1,0,-1,NA,NA,NA,NA
D-E,NA,NA,NA,clampToGround,-1,0,-1,NA,NA,NA,NA
D-CA,NA,NA,NA,clampToGround,-1,0,-1,NA,NA,NA,NA
D-MD,NA,NA,NA,clampToGround,-1,0,-1,NA,NA,NA,NA
D-MD,NA,NA,NA,clampToGround,-1,0,-1,NA,NA,NA,NA
D-CC,NA,NA,NA,clampToGround,-1,0,-1,NA,NA,NA,NA
I-S,NA,NA,NA,clampToGround,-1,0,-1,NA,NA,NA,NA
I-S,NA,NA,NA,clampToGround,-1,0,-1,NA,NA,NA,NA
C-O,NA,NA,NA,clampToGround,-1,0,-1,NA,NA,NA,NA
C-G,NA,NA,NA,clampToGround,-1,0,-1,NA,NA,NA,NA
I-T,NA,NA,NA,clampToGround,-1,0,-1,NA,NA,NA,NA
I-S,NA,NA,NA,clampToGround,-1,0,-1,NA,NA,NA,NA
PF,NA,NA,NA,clampToGround,-1,0,-1,NA,NA,NA,NA
C-G,NA,NA,NA,clampToGround,-1,0,-1,NA,NA,NA,NA
I-T,NA,NA,NA,clampToGround,-1,0,-1,NA,NA,NA,NA
I-T,NA,NA,NA,clampToGround,-1,0,-1,NA,NA,NA,NA
I-T,NA,NA,NA,clampToGround,-1,0,-1,NA,NA,NA,NA
C-G,NA,NA,NA,clampToGround,-1,0,-1,NA,NA,NA,NA
P-2002-76,NA,NA,NA,clampToGround,-1,0,-1,NA,NA,NA,NA
RR COR,NA,NA,NA,clampToGround,-1,0,-1,0,NA,NA,3
RR COR,NA,NA,NA,clampToGround,-1,0,-1,0,NA,NA,3
RR COR,NA,NA,NA,clampToGround,-1,0,-1,0,NA,NA,3
RR COR,NA,NA,NA,clampToGround,-1,0,-1,0,NA,NA,3
I-S,NA,NA,NA,clampToGround,-1,0,-1,NA,NA,NA,NA
C-O,NA,NA,NA,clampToGround,-1,0,-1,NA,NA,NA,NA
I-T,NA,NA,NA,clampToGround,-1,0,-1,NA,NA,NA,NA
C-N,NA,NA,NA,clampToGround,-1,0,-1,NA,NA,NA,NA
C-G,NA,NA,NA,clampToGround,-1,0,-1,NA,NA,NA,NA
OS,NA,NA,NA,clampToGround,-1,0,-1,NA,NA,NA,NA
C-G,NA,NA,NA,clampToGround,-1,0,-1,NA,NA,NA,NA
I-T,NA,NA,NA,clampToGround,-1,0,-1,NA,NA,NA,NA
I-T,NA,NA,NA,clampToGround,-1,0,-1,NA,NA,NA,NA
P-74-3,NA,NA,NA,clampToGround,-1,0,-1,NA,NA,NA,NA
P,NA,NA,NA,clampToGround,-1,0,-1,NA,NA,NA,NA
I-T,NA,NA,NA,clampToGround,-1,0,-1,NA,NA,NA,NA
RR COR,NA,NA,NA,clampToGround,-1,0,-1,0,NA,NA,3
RR COR,NA,NA,NA,clampToGround,-1,0,-1,0,NA,NA,3
RR COR,NA,NA,NA,clampToGround,-1,0,-1,0,NA,NA,3
RR COR,NA,NA,NA,clampToGround,-1,0,-1,0,NA,NA,3
MX(I),NA,NA,NA,clampToGround,-1,0,-1,NA,NA,NA,NA
I-S,NA,NA,NA,clampToGround,-1,0,-1,NA,NA,NA,NA
C-N,NA,NA,NA,clampToGround,-1,0,-1,NA,NA,NA,NA
TC-T,NA,NA,NA,clampToGround,-1,0,-1,NA,NA,NA,NA
ROW,NA,NA,NA,clampToGround,-1,0,-1,0,NA,NA,3
I-S,NA,NA,NA,clampToGround,-1,0,-1,NA,NA,NA,NA
MX,NA,NA,NA,clampToGround,-1,0,-1,NA,NA,NA,NA
R-3-18,NA,NA,NA,clampToGround,-1,0,-1,0,NA,NA,2
MX,NA,NA,NA,clampToGround,-1,0,-1,NA,NA,NA,NA
P-2000-214,NA,NA,NA,clampToGround,-1,0,-1,NA,NA,NA,NA
C-O,NA,NA,NA,clampToGround,-1,0,-1,NA,NA,NA,NA
I-G,NA,NA,NA,clampToGround,-1,0,-1,NA,NA,NA,NA
RR COR,NA,NA,NA,clampToGround,-1,0,-1,0,NA,NA,3
C-R,NA,NA,NA,clampToGround,-1,0,-1,NA,NA,NA,NA
C-G,NA,NA,NA,clampToGround,-1,0,-1,NA,NA,NA,NA
RR COR,NA,NA,NA,clampToGround,-1,0,-1,0,NA,NA,3
RR COR,NA,NA,NA,clampToGround,-1,0,-1,0,NA,NA,3
RR COR,NA,NA,NA,clampToGround,-1,0,-1,0,NA,NA,3
OS,NA,NA,NA,clampToGround,-1,0,-1,NA,NA,NA,NA
RR COR,NA,NA,NA,clampToGround,-1,0,-1,0,NA,NA,3
RR COR,NA,NA,NA,clampToGround,-1,0,-1,0,NA,NA,3
MX,NA,NA,NA,clampToGround,-1,0,-1,NA,NA,NA,NA
C-G,NA,NA,NA,clampToGround,-1,0,-1,NA,NA,NA,NA
CC-TN,NA,NA,NA,clampToGround,-1,0,-1,NA,NA,NA,NA
RR COR,NA,NA,NA,clampToGround,-1,0,-1,0,NA,NA,3
RR COR,NA,NA,NA,clampToGround,-1,0,-1,0,NA,NA,3
RR COR,NA,NA,NA,clampToGround,-1,0,-1,0,NA,NA,3
ROW,NA,NA,NA,clampToGround,-1,0,-1,0,NA,NA,3
OS,NA,NA,NA,clampToGround,-1,0,-1,NA,NA,NA,NA
P-79-7,NA,NA,NA,clampToGround,-1,0,-1,NA,NA,NA,NA
C-G,NA,NA,NA,clampToGround,-1,0,-1,NA,NA,NA,NA
C-G,NA,NA,NA,clampToGround,-1,0,-1,NA,NA,NA,NA
C-G,NA,NA,NA,clampToGround,-1,0,-1,NA,NA,NA,NA
C-N,NA,NA,NA,clampToGround,-1,0,-1,NA,NA,NA,NA
RR COR,NA,NA,NA,clampToGround,-1,0,-1,0,NA,NA,3
R-1-6(H-I),NA,NA,NA,clampToGround,-1,0,-1,0,NA,NA,1
P-84-10,NA,NA,NA,clampToGround,-1,0,-1,NA,NA,NA,NA
R-1-X-6(H-I),NA,NA,NA,clampToGround,-1,0,-1,0,NA,NA,1
RR COR,NA,NA,NA,clampToGround,-1,0,-1,0,NA,NA,3
RR COR,NA,NA,NA,clampToGround,-1,0,-1,0,NA,NA,3
RR COR,NA,NA,NA,clampToGround,-1,0,-1,0,NA,NA,3
RR COR,NA,NA,NA,clampToGround,-1,0,-1,0,NA,NA,3
RR COR,NA,NA,NA,clampToGround,-1,0,-1,0,NA,NA,3
RR COR,NA,NA,NA,clampToGround,-1,0,-1,0,NA,NA,3
RR COR,NA,NA,NA,clampToGround,-1,0,-1,0,NA,NA,3
RR COR,NA,NA,NA,clampToGround,-1,0,-1,0,NA,NA,3
OS,NA,NA,NA,clampToGround,-1,0,-1,NA,NA,NA,NA
R-1-8(H-I),NA,NA,NA,clampToGround,-1,0,-1,0,NA,NA,1
RR COR,NA,NA,NA,clampToGround,-1,0,-1,0,NA,NA,3
RR COR,NA,NA,NA,clampToGround,-1,0,-1,0,NA,NA,3
RR COR,NA,NA,NA,clampToGround,-1,0,-1,0,NA,NA,3
RR COR,NA,NA,NA,clampToGround,-1,0,-1,0,NA,NA,3
I-T,NA,NA,NA,clampToGround,-1,0,-1,NA,NA,NA,NA
I-T,NA,NA,NA,clampToGround,-1,0,-1,NA,NA,NA,NA
C-R,NA,NA,NA,clampToGround,-1,0,-1,NA,NA,NA,NA
I-T,NA,NA,NA,clampToGround,-1,0,-1,NA,NA,NA,NA
P-2011-100,NA,NA,NA,clampToGround,-1,0,-1,NA,NA,NA,NA
RR COR,NA,NA,NA,clampToGround,-1,0,-1,0,NA,NA,3
RR COR,NA,NA,NA,clampToGround,-1,0,-1,0,NA,NA,3
I-S,NA,NA,NA,clampToGround,-1,0,-1,NA,NA,NA,NA
I-S,NA,NA,NA,clampToGround,-1,0,-1,NA,NA,NA,NA
RR COR,NA,NA,NA,clampToGround,-1,0,-1,0,NA,NA,3
RR COR,NA,NA,NA,clampToGround,-1,0,-1,0,NA,NA,3
RR COR,NA,NA,NA,clampToGround,-1,0,-1,0,NA,NA,3
RR COR,NA,NA,NA,clampToGround,-1,0,-1,0,NA,NA,3
RR COR,NA,NA,NA,clampToGround,-1,0,-1,0,NA,NA,3
P-2014-338(HOD),NA,NA,NA,clampToGround,-1,0,-1,NA,NA,NA,NA
RR COR,NA,NA,NA,clampToGround,-1,0,-1,0,NA,NA,3
RR COR,NA,NA,NA,clampToGround,-1,0,-1,0,NA,NA,3
RR COR,NA,NA,NA,clampToGround,-1,0,-1,0,NA,NA,3
OS,NA,NA,NA,clampToGround,-1,0,-1,NA,NA,NA,NA
TC-P(HOD),NA,NA,NA,clampToGround,-1,0,-1,NA,NA,NA,NA
P-2011-232(HOD),NA,NA,NA,clampToGround,-1,0,-1,NA,NA,NA,NA
C-G,NA,NA,NA,clampToGround,-1,0,-1,NA,NA,NA,NA
MX,NA,NA,NA,clampToGround,-1,0,-1,NA,NA,NA,NA
TC-P,NA,NA,NA,clampToGround,-1,0,-1,NA,NA,NA,NA
TC-P,NA,NA,NA,clampToGround,-1,0,-1,NA,NA,NA,NA
C-G,NA,NA,NA,clampToGround,-1,0,-1,NA,NA,NA,NA
C-G,NA,NA,NA,clampToGround,-1,0,-1,NA,NA,NA,NA
C-O,NA,NA,NA,clampToGround,-1,0,-1,NA,NA,NA,NA
C-G,NA,NA,NA,clampToGround,-1,0,-1,NA,NA,NA,NA
I-T,NA,NA,NA,clampToGround,-1,0,-1,NA,NA,NA,NA
C-G,NA,NA,NA,clampToGround,-1,0,-1,NA,NA,NA,NA
P-90-16,NA,NA,NA,clampToGround,-1,0,-1,NA,NA,NA,NA
P-87-9,NA,NA,NA,clampToGround,-1,0,-1,NA,NA,NA,NA
P-90-9,NA,NA,NA,clampToGround,-1,0,-1,NA,NA,NA,NA
P-90-9,NA,NA,NA,clampToGround,-1,0,-1,NA,NA,NA,NA
OS,NA,NA,NA,clampToGround,-1,0,-1,NA,NA,NA,NA
P-90-9,NA,NA,NA,clampToGround,-1,0,-1,NA,NA,NA,NA
OS,NA,NA,NA,clampToGround,-1,0,-1,NA,NA,NA,NA
OS,NA,NA,NA,clampToGround,-1,0,-1,NA,NA,NA,NA
P-90-16,NA,NA,NA,clampToGround,-1,0,-1,NA,NA,NA,NA
P-77-7,NA,NA,NA,clampToGround,-1,0,-1,NA,NA,NA,NA
P-87-9,NA,NA,NA,clampToGround,-1,0,-1,NA,NA,NA,NA
P-90-9,NA,NA,NA,clampToGround,-1,0,-1,NA,NA,NA,NA
P-76-6,NA,NA,NA,clampToGround,-1,0,-1,NA,NA,NA,NA
OS,NA,NA,NA,clampToGround,-1,0,-1,NA,NA,NA,NA
P-90-13,NA,NA,NA,clampToGround,-1,0,-1,NA,NA,NA,NA
P-84-1,NA,NA,NA,clampToGround,-1,0,-1,NA,NA,NA,NA
P-76-3,NA,NA,NA,clampToGround,-1,0,-1,NA,NA,NA,NA
OS,NA,NA,NA,clampToGround,-1,0,-1,NA,NA,NA,NA
P-90-17,NA,NA,NA,clampToGround,-1,0,-1,NA,NA,NA,NA
P-96-11,NA,NA,NA,clampToGround,-1,0,-1,NA,NA,NA,NA
P-86-15,NA,NA,NA,clampToGround,-1,0,-1,NA,NA,NA,NA
P-90-14,NA,NA,NA,clampToGround,-1,0,-1,NA,NA,NA,NA
P-87-3,NA,NA,NA,clampToGround,-1,0,-1,NA,NA,NA,NA
P-90-17,NA,NA,NA,clampToGround,-1,0,-1,NA,NA,NA,NA
P-87-3,NA,NA,NA,clampToGround,-1,0,-1,NA,NA,NA,NA
OS,NA,NA,NA,clampToGround,-1,0,-1,NA,NA,NA,NA
P-76-3,NA,NA,NA,clampToGround,-1,0,-1,NA,NA,NA,NA
P-2001-34(HOD),NA,NA,NA,clampToGround,-1,0,-1,NA,NA,NA,NA
OS,NA,NA,NA,clampToGround,-1,0,-1,NA,NA,NA,NA
OS(HOD),NA,NA,NA,clampToGround,-1,0,-1,NA,NA,NA,NA
OS(HOD),NA,NA,NA,clampToGround,-1,0,-1,NA,NA,NA,NA
P-2006-344(HOD),NA,NA,NA,clampToGround,-1,0,-1,NA,NA,NA,NA
P-2001-34(HOD),NA,NA,NA,clampToGround,-1,0,-1,NA,NA,NA,NA
OS,NA,NA,NA,clampToGround,-1,0,-1,NA,NA,NA,NA
OS(HOD),NA,NA,NA,clampToGround,-1,0,-1,NA,NA,NA,NA
OS(HOD),NA,NA,NA,clampToGround,-1,0,-1,NA,NA,NA,NA
OS,NA,NA,NA,clampToGround,-1,0,-1,NA,NA,NA,NA
OS,NA,NA,NA,clampToGround,-1,0,-1,NA,NA,NA,NA
OS,NA,NA,NA,clampToGround,-1,0,-1,NA,NA,NA,NA
OS,NA,NA,NA,clampToGround,-1,0,-1,NA,NA,NA,NA
OS,NA,NA,NA,clampToGround,-1,0,-1,NA,NA,NA,NA
OS,NA,NA,NA,clampToGround,-1,0,-1,NA,NA,NA,NA
P-90-9,NA,NA,NA,clampToGround,-1,0,-1,NA,NA,NA,NA
OS(HOD),NA,NA,NA,clampToGround,-1,0,-1,NA,NA,NA,NA
OS,NA,NA,NA,clampToGround,-1,0,-1,NA,NA,NA,NA
OS(HOD),NA,NA,NA,clampToGround,-1,0,-1,NA,NA,NA,NA
OS(Q),NA,NA,NA,clampToGround,-1,0,-1,NA,NA,NA,NA
P-2000-237,NA,NA,NA,clampToGround,-1,0,-1,NA,NA,NA,NA
OS,NA,NA,NA,clampToGround,-1,0,-1,NA,NA,NA,NA
OS,NA,NA,NA,clampToGround,-1,0,-1,NA,NA,NA,NA
P-76-7,NA,NA,NA,clampToGround,-1,0,-1,NA,NA,NA,NA
P-78-1,NA,NA,NA,clampToGround,-1,0,-1,NA,NA,NA,NA
OS,NA,NA,NA,clampToGround,-1,0,-1,NA,NA,NA,NA
OS,NA,NA,NA,clampToGround,-1,0,-1,NA,NA,NA,NA
OS,NA,NA,NA,clampToGround,-1,0,-1,NA,NA,NA,NA
OS,NA,NA,NA,clampToGround,-1,0,-1,NA,NA,NA,NA
OS,NA,NA,NA,clampToGround,-1,0,-1,NA,NA,NA,NA
OS,NA,NA,NA,clampToGround,-1,0,-1,NA,NA,NA,NA
OS,NA,NA,NA,clampToGround,-1,0,-1,NA,NA,NA,NA
OS,NA,NA,NA,clampToGround,-1,0,-1,NA,NA,NA,NA
P-76-3,NA,NA,NA,clampToGround,-1,0,-1,NA,NA,NA,NA
OS,NA,NA,NA,clampToGround,-1,0,-1,NA,NA,NA,NA
OS,NA,NA,NA,clampToGround,-1,0,-1,NA,NA,NA,NA
P-84-14,NA,NA,NA,clampToGround,-1,0,-1,NA,NA,NA,NA
P-90-13,NA,NA,NA,clampToGround,-1,0,-1,NA,NA,NA,NA
P-84-13,NA,NA,NA,clampToGround,-1,0,-1,NA,NA,NA,NA
OS,NA,NA,NA,clampToGround,-1,0,-1,NA,NA,NA,NA
OS,NA,NA,NA,clampToGround,-1,0,-1,NA,NA,NA,NA
P-86-1,NA,NA,NA,clampToGround,-1,0,-1,NA,NA,NA,NA
P-84-14,NA,NA,NA,clampToGround,-1,0,-1,NA,NA,NA,NA
P-88-2,NA,NA,NA,clampToGround,-1,0,-1,NA,NA,NA,NA
OS,NA,NA,NA,clampToGround,-1,0,-1,NA,NA,NA,NA
OS,NA,NA,NA,clampToGround,-1,0,-1,NA,NA,NA,NA
OS,NA,NA,NA,clampToGround,-1,0,-1,NA,NA,NA,NA
OS,NA,NA,NA,clampToGround,-1,0,-1,NA,NA,NA,NA
PF,NA,NA,NA,clampToGround,-1,0,-1,NA,NA,NA,NA
P-2007-195,NA,NA,NA,clampToGround,-1,0,-1,NA,NA,NA,NA
OS,NA,NA,NA,clampToGround,-1,0,-1,NA,NA,NA,NA
OS,NA,NA,NA,clampToGround,-1,0,-1,NA,NA,NA,NA
P-2001-34(HOD),NA,NA,NA,clampToGround,-1,0,-1,NA,NA,NA,NA
OS,NA,NA,NA,clampToGround,-1,0,-1,NA,NA,NA,NA
OS,NA,NA,NA,clampToGround,-1,0,-1,NA,NA,NA,NA
OS,NA,NA,NA,clampToGround,-1,0,-1,NA,NA,NA,NA
OS,NA,NA,NA,clampToGround,-1,0,-1,NA,NA,NA,NA
P-80-15,NA,NA,NA,clampToGround,-1,0,-1,NA,NA,NA,NA
P-95-7,NA,NA,NA,clampToGround,-1,0,-1,NA,NA,NA,NA
P-76-2,NA,NA,NA,clampToGround,-1,0,-1,NA,NA,NA,NA
OS,NA,NA,NA,clampToGround,-1,0,-1,NA,NA,NA,NA
OS,NA,NA,NA,clampToGround,-1,0,-1,NA,NA,NA,NA
OS,NA,NA,NA,clampToGround,-1,0,-1,NA,NA,NA,NA
OS,NA,NA,NA,clampToGround,-1,0,-1,NA,NA,NA,NA
P-69-1,NA,NA,NA,clampToGround,-1,0,-1,NA,NA,NA,NA
OS,NA,NA,NA,clampToGround,-1,0,-1,NA,NA,NA,NA
OS,NA,NA,NA,clampToGround,-1,0,-1,NA,NA,NA,NA
OS,NA,NA,NA,clampToGround,-1,0,-1,NA,NA,NA,NA
P-94-1,NA,NA,NA,clampToGround,-1,0,-1,NA,NA,NA,NA
P-95-2,NA,NA,NA,clampToGround,-1,0,-1,NA,NA,NA,NA
OS,NA,NA,NA,clampToGround,-1,0,-1,NA,NA,NA,NA
P-81-8,NA,NA,NA,clampToGround,-1,0,-1,NA,NA,NA,NA
OS,NA,NA,NA,clampToGround,-1,0,-1,NA,NA,NA,NA
OS,NA,NA,NA,clampToGround,-1,0,-1,NA,NA,NA,NA
OS,NA,NA,NA,clampToGround,-1,0,-1,NA,NA,NA,NA
P-73-1,NA,NA,NA,clampToGround,-1,0,-1,NA,NA,NA,NA
OS,NA,NA,NA,clampToGround,-1,0,-1,NA,NA,NA,NA
OS,NA,NA,NA,clampToGround,-1,0,-1,NA,NA,NA,NA
OS,NA,NA,NA,clampToGround,-1,0,-1,NA,NA,NA,NA
OS,NA,NA,NA,clampToGround,-1,0,-1,NA,NA,NA,NA
OS,NA,NA,NA,clampToGround,-1,0,-1,NA,NA,NA,NA
P-78-3,NA,NA,NA,clampToGround,-1,0,-1,NA,NA,NA,NA
OS,NA,NA,NA,clampToGround,-1,0,-1,NA,NA,NA,NA
P-76-4,NA,NA,NA,clampToGround,-1,0,-1,NA,NA,NA,NA
P-68-1,NA,NA,NA,clampToGround,-1,0,-1,NA,NA,NA,NA
P-71-6,NA,NA,NA,clampToGround,-1,0,-1,NA,NA,NA,NA
OS,NA,NA,NA,clampToGround,-1,0,-1,NA,NA,NA,NA
OS,NA,NA,NA,clampToGround,-1,0,-1,NA,NA,NA,NA
OS,NA,NA,NA,clampToGround,-1,0,-1,NA,NA,NA,NA
OS,NA,NA,NA,clampToGround,-1,0,-1,NA,NA,NA,NA
OS,NA,NA,NA,clampToGround,-1,0,-1,NA,NA,NA,NA
OS,NA,NA,NA,clampToGround,-1,0,-1,NA,NA,NA,NA
OS,NA,NA,NA,clampToGround,-1,0,-1,NA,NA,NA,NA
OS,NA,NA,NA,clampToGround,-1,0,-1,NA,NA,NA,NA
RR COR,NA,NA,NA,clampToGround,-1,0,-1,0,NA,NA,3
OS,NA,NA,NA,clampToGround,-1,0,-1,NA,NA,NA,NA
OS,NA,NA,NA,clampToGround,-1,0,-1,NA,NA,NA,NA
OS,NA,NA,NA,clampToGround,-1,0,-1,NA,NA,NA,NA
OS,NA,NA,NA,clampToGround,-1,0,-1,NA,NA,NA,NA
OS,NA,NA,NA,clampToGround,-1,0,-1,NA,NA,NA,NA
OS,NA,NA,NA,clampToGround,-1,0,-1,NA,NA,NA,NA
OS,NA,NA,NA,clampToGround,-1,0,-1,NA,NA,NA,NA
OS,NA,NA,NA,clampToGround,-1,0,-1,NA,NA,NA,NA
OS,NA,NA,NA,clampToGround,-1,0,-1,NA,NA,NA,NA
OS,NA,NA,NA,clampToGround,-1,0,-1,NA,NA,NA,NA
OS,NA,NA,NA,clampToGround,-1,0,-1,NA,NA,NA,NA
OS,NA,NA,NA,clampToGround,-1,0,-1,NA,NA,NA,NA
OS,NA,NA,NA,clampToGround,-1,0,-1,NA,NA,NA,NA
OS,NA,NA,NA,clampToGround,-1,0,-1,NA,NA,NA,NA
OS,NA,NA,NA,clampToGround,-1,0,-1,NA,NA,NA,NA
OS,NA,NA,NA,clampToGround,-1,0,-1,NA,NA,NA,NA
OS,NA,NA,NA,clampToGround,-1,0,-1,NA,NA,NA,NA
OS,NA,NA,NA,clampToGround,-1,0,-1,NA,NA,NA,NA
P-2005-186,NA,NA,NA,clampToGround,-1,0,-1,NA,NA,NA,NA
P-90-16,NA,NA,NA,clampToGround,-1,0,-1,NA,NA,NA,NA
P-87-9,NA,NA,NA,clampToGround,-1,0,-1,NA,NA,NA,NA
P-90-9,NA,NA,NA,clampToGround,-1,0,-1,NA,NA,NA,NA
P-90-9,NA,NA,NA,clampToGround,-1,0,-1,NA,NA,NA,NA
P-90-9,NA,NA,NA,clampToGround,-1,0,-1,NA,NA,NA,NA
P-90-9,NA,NA,NA,clampToGround,-1,0,-1,NA,NA,NA,NA
P-90-9,NA,NA,NA,clampToGround,-1,0,-1,NA,NA,NA,NA
OS,NA,NA,NA,clampToGround,-1,0,-1,NA,NA,NA,NA
P-90-9,NA,NA,NA,clampToGround,-1,0,-1,NA,NA,NA,NA
OS,NA,NA,NA,clampToGround,-1,0,-1,NA,NA,NA,NA
P-90-9,NA,NA,NA,clampToGround,-1,0,-1,NA,NA,NA,NA
P-90-9,NA,NA,NA,clampToGround,-1,0,-1,NA,NA,NA,NA
P-90-9,NA,NA,NA,clampToGround,-1,0,-1,NA,NA,NA,NA
P-90-9,NA,NA,NA,clampToGround,-1,0,-1,NA,NA,NA,NA
OS,NA,NA,NA,clampToGround,-1,0,-1,NA,NA,NA,NA
OS,NA,NA,NA,clampToGround,-1,0,-1,NA,NA,NA,NA
OS,NA,NA,NA,clampToGround,-1,0,-1,NA,NA,NA,NA
OS,NA,NA,NA,clampToGround,-1,0,-1,NA,NA,NA,NA
OS,NA,NA,NA,clampToGround,-1,0,-1,NA,NA,NA,NA
OS,NA,NA,NA,clampToGround,-1,0,-1,NA,NA,NA,NA
OS,NA,NA,NA,clampToGround,-1,0,-1,NA,NA,NA,NA
OS,NA,NA,NA,clampToGround,-1,0,-1,NA,NA,NA,NA
OS,NA,NA,NA,clampToGround,-1,0,-1,NA,NA,NA,NA
OS,NA,NA,NA,clampToGround,-1,0,-1,NA,NA,NA,NA
OS,NA,NA,NA,clampToGround,-1,0,-1,NA,NA,NA,NA
OS,NA,NA,NA,clampToGround,-1,0,-1,NA,NA,NA,NA
OS,NA,NA,NA,clampToGround,-1,0,-1,NA,NA,NA,NA
OS,NA,NA,NA,clampToGround,-1,0,-1,NA,NA,NA,NA
P-84-1,NA,NA,NA,clampToGround,-1,0,-1,NA,NA,NA,NA
P-84-14,NA,NA,NA,clampToGround,-1,0,-1,NA,NA,NA,NA
P-88-2,NA,NA,NA,clampToGround,-1,0,-1,NA,NA,NA,NA
P-84-14,NA,NA,NA,clampToGround,-1,0,-1,NA,NA,NA,NA
P-83-14,NA,NA,NA,clampToGround,-1,0,-1,NA,NA,NA,NA
P-96-12(HOD),NA,NA,NA,clampToGround,-1,0,-1,NA,NA,NA,NA
P-87-17,NA,NA,NA,clampToGround,-1,0,-1,NA,NA,NA,NA
P-87-17(HOD),NA,NA,NA,clampToGround,-1,0,-1,NA,NA,NA,NA
P-89-13(HOD),NA,NA,NA,clampToGround,-1,0,-1,NA,NA,NA,NA
P-79-14,NA,NA,NA,clampToGround,-1,0,-1,NA,NA,NA,NA
P-87-7(HOD),NA,NA,NA,clampToGround,-1,0,-1,NA,NA,NA,NA
P-89-13,NA,NA,NA,clampToGround,-1,0,-1,NA,NA,NA,NA
P-87-7,NA,NA,NA,clampToGround,-1,0,-1,NA,NA,NA,NA
P-89-13(HOD),NA,NA,NA,clampToGround,-1,0,-1,NA,NA,NA,NA
P-79-14,NA,NA,NA,clampToGround,-1,0,-1,NA,NA,NA,NA
P-89-13,NA,NA,NA,clampToGround,-1,0,-1,NA,NA,NA,NA
OS(HOD),NA,NA,NA,clampToGround,-1,0,-1,NA,NA,NA,NA
OS,NA,NA,NA,clampToGround,-1,0,-1,NA,NA,NA,NA
OS,NA,NA,NA,clampToGround,-1,0,-1,NA,NA,NA,NA
OS,NA,NA,NA,clampToGround,-1,0,-1,NA,NA,NA,NA
P-71-3(HOD),NA,NA,NA,clampToGround,-1,0,-1,NA,NA,NA,NA
P-84-14,NA,NA,NA,clampToGround,-1,0,-1,NA,NA,NA,NA
P-84-14,NA,NA,NA,clampToGround,-1,0,-1,NA,NA,NA,NA
P-90-14,NA,NA,NA,clampToGround,-1,0,-1,NA,NA,NA,NA
P-89-21A,NA,NA,NA,clampToGround,-1,0,-1,NA,NA,NA,NA
OS,NA,NA,NA,clampToGround,-1,0,-1,NA,NA,NA,NA
P-2005-131,NA,NA,NA,clampToGround,-1,0,-1,NA,NA,NA,NA
OS,NA,NA,NA,clampToGround,-1,0,-1,NA,NA,NA,NA
OS,NA,NA,NA,clampToGround,-1,0,-1,NA,NA,NA,NA
OS,NA,NA,NA,clampToGround,-1,0,-1,NA,NA,NA,NA
OS,NA,NA,NA,clampToGround,-1,0,-1,NA,NA,NA,NA
OS,NA,NA,NA,clampToGround,-1,0,-1,NA,NA,NA,NA
OS,NA,NA,NA,clampToGround,-1,0,-1,NA,NA,NA,NA
OS,NA,NA,NA,clampToGround,-1,0,-1,NA,NA,NA,NA
OS,NA,NA,NA,clampToGround,-1,0,-1,NA,NA,NA,NA
P-90-16,NA,NA,NA,clampToGround,-1,0,-1,NA,NA,NA,NA
P-87-9,NA,NA,NA,clampToGround,-1,0,-1,NA,NA,NA,NA
OS,NA,NA,NA,clampToGround,-1,0,-1,NA,NA,NA,NA
OS,NA,NA,NA,clampToGround,-1,0,-1,NA,NA,NA,NA
P-77-7,NA,NA,NA,clampToGround,-1,0,-1,NA,NA,NA,NA
P-84-1,NA,NA,NA,clampToGround,-1,0,-1,NA,NA,NA,NA
P-90-9,NA,NA,NA,clampToGround,-1,0,-1,NA,NA,NA,NA
OS,NA,NA,NA,clampToGround,-1,0,-1,NA,NA,NA,NA
OS(HOD),NA,NA,NA,clampToGround,-1,0,-1,NA,NA,NA,NA
OS,NA,NA,NA,clampToGround,-1,0,-1,NA,NA,NA,NA
OS,NA,NA,NA,clampToGround,-1,0,-1,NA,NA,NA,NA
I-T,NA,NA,NA,clampToGround,-1,0,-1,NA,NA,NA,NA
OS,NA,NA,NA,clampToGround,-1,0,-1,NA,NA,NA,NA
OS,NA,NA,NA,clampToGround,-1,0,-1,NA,NA,NA,NA
OS,NA,NA,NA,clampToGround,-1,0,-1,NA,NA,NA,NA
OS,NA,NA,NA,clampToGround,-1,0,-1,NA,NA,NA,NA
OS,NA,NA,NA,clampToGround,-1,0,-1,NA,NA,NA,NA
OS(HOD),NA,NA,NA,clampToGround,-1,0,-1,NA,NA,NA,NA
OS(HOD),NA,NA,NA,clampToGround,-1,0,-1,NA,NA,NA,NA
OS(HOD),NA,NA,NA,clampToGround,-1,0,-1,NA,NA,NA,NA
P-90-9,NA,NA,NA,clampToGround,-1,0,-1,NA,NA,NA,NA
P-90-9,NA,NA,NA,clampToGround,-1,0,-1,NA,NA,NA,NA
P-90-9,NA,NA,NA,clampToGround,-1,0,-1,NA,NA,NA,NA
OS,NA,NA,NA,clampToGround,-1,0,-1,NA,NA,NA,NA
P-92-4,NA,NA,NA,clampToGround,-1,0,-1,NA,NA,NA,NA
OS,NA,NA,NA,clampToGround,-1,0,-1,NA,NA,NA,NA
OS,NA,NA,NA,clampToGround,-1,0,-1,NA,NA,NA,NA
OS,NA,NA,NA,clampToGround,-1,0,-1,NA,NA,NA,NA
OS,NA,NA,NA,clampToGround,-1,0,-1,NA,NA,NA,NA
OS,NA,NA,NA,clampToGround,-1,0,-1,NA,NA,NA,NA
OS,NA,NA,NA,clampToGround,-1,0,-1,NA,NA,NA,NA
OS,NA,NA,NA,clampToGround,-1,0,-1,NA,NA,NA,NA
P-69-7,NA,NA,NA,clampToGround,-1,0,-1,NA,NA,NA,NA
P-85-26,NA,NA,NA,clampToGround,-1,0,-1,NA,NA,NA,NA
OS,NA,NA,NA,clampToGround,-1,0,-1,0,NA,NA,3
P-2013-126(Q),NA,NA,NA,clampToGround,-1,0,-1,NA,NA,NA,NA
OS(Q),NA,NA,NA,clampToGround,-1,0,-1,NA,NA,NA,NA
OS,NA,NA,NA,clampToGround,-1,0,-1,NA,NA,NA,NA
OS,NA,NA,NA,clampToGround,-1,0,-1,NA,NA,NA,NA
OS,NA,NA,NA,clampToGround,-1,0,-1,NA,NA,NA,NA
OS,NA,NA,NA,clampToGround,-1,0,-1,NA,NA,NA,NA
OS,NA,NA,NA,clampToGround,-1,0,-1,NA,NA,NA,NA
OS,NA,NA,NA,clampToGround,-1,0,-1,NA,NA,NA,NA
P-84-2,NA,NA,NA,clampToGround,-1,0,-1,NA,NA,NA,NA
P-85-2,NA,NA,NA,clampToGround,-1,0,-1,NA,NA,NA,NA
P-85-2,NA,NA,NA,clampToGround,-1,0,-1,NA,NA,NA,NA
OS(Q),NA,NA,NA,clampToGround,-1,0,-1,NA,NA,NA,NA
OS,NA,NA,NA,clampToGround,-1,0,-1,NA,NA,NA,NA
OS,NA,NA,NA,clampToGround,-1,0,-1,NA,NA,NA,NA
OS,NA,NA,NA,clampToGround,-1,0,-1,NA,NA,NA,NA
OS,NA,NA,NA,clampToGround,-1,0,-1,NA,NA,NA,NA
OS(HOD),NA,NA,NA,clampToGround,-1,0,-1,NA,NA,NA,NA
OS,NA,NA,NA,clampToGround,-1,0,-1,NA,NA,NA,NA
RR COR,NA,NA,NA,clampToGround,-1,0,-1,0,NA,NA,3
OS,NA,NA,NA,clampToGround,-1,0,-1,NA,NA,NA,NA
OS,NA,NA,NA,clampToGround,-1,0,-1,NA,NA,NA,NA
OS,NA,NA,NA,clampToGround,-1,0,-1,NA,NA,NA,NA
P-81-15C,NA,NA,NA,clampToGround,-1,0,-1,NA,NA,NA,NA
OS,NA,NA,NA,clampToGround,-1,0,-1,NA,NA,NA,NA
OS,NA,NA,NA,clampToGround,-1,0,-1,NA,NA,NA,NA
P-65-4,NA,NA,NA,clampToGround,-1,0,-1,NA,NA,NA,NA
OS,NA,NA,NA,clampToGround,-1,0,-1,NA,NA,NA,NA
OS,NA,NA,NA,clampToGround,-1,0,-1,NA,NA,NA,NA
OS,NA,NA,NA,clampToGround,-1,0,-1,NA,NA,NA,NA
OS,NA,NA,NA,clampToGround,-1,0,-1,NA,NA,NA,NA
OS,NA,NA,NA,clampToGround,-1,0,-1,NA,NA,NA,NA
OS,NA,NA,NA,clampToGround,-1,0,-1,NA,NA,NA,NA
OS,NA,NA,NA,clampToGround,-1,0,-1,NA,NA,NA,NA
OS,NA,NA,NA,clampToGround,-1,0,-1,NA,NA,NA,NA
OS,NA,NA,NA,clampToGround,-1,0,-1,NA,NA,NA,NA
OS(HOD),NA,NA,NA,clampToGround,-1,0,-1,NA,NA,NA,NA
OS,NA,NA,NA,clampToGround,-1,0,-1,NA,NA,NA,NA
OS,NA,NA,NA,clampToGround,-1,0,-1,NA,NA,NA,NA
OS,NA,NA,NA,clampToGround,-1,0,-1,NA,NA,NA,NA
OS,NA,NA,NA,clampToGround,-1,0,-1,NA,NA,NA,NA
OS,NA,NA,NA,clampToGround,-1,0,-1,NA,NA,NA,NA
P-63-2,NA,NA,NA,clampToGround,-1,0,-1,NA,NA,NA,NA
OS,NA,NA,NA,clampToGround,-1,0,-1,NA,NA,NA,NA
P-90-9,NA,NA,NA,clampToGround,-1,0,-1,NA,NA,NA,NA
P-90-9,NA,NA,NA,clampToGround,-1,0,-1,NA,NA,NA,NA
P-90-9,NA,NA,NA,clampToGround,-1,0,-1,NA,NA,NA,NA
OS,NA,NA,NA,clampToGround,-1,0,-1,NA,NA,NA,NA
OS,NA,NA,NA,clampToGround,-1,0,-1,NA,NA,NA,NA
OS,NA,NA,NA,clampToGround,-1,0,-1,NA,NA,NA,NA
OS,NA,NA,NA,clampToGround,-1,0,-1,NA,NA,NA,NA
OS,NA,NA,NA,clampToGround,-1,0,-1,NA,NA,NA,NA
OS,NA,NA,NA,clampToGround,-1,0,-1,NA,NA,NA,NA
OS,NA,NA,NA,clampToGround,-1,0,-1,NA,NA,NA,NA
P-78-2,NA,NA,NA,clampToGround,-1,0,-1,NA,NA,NA,NA
OS,NA,NA,NA,clampToGround,-1,0,-1,NA,NA,NA,NA
OS(HOD),NA,NA,NA,clampToGround,-1,0,-1,NA,NA,NA,NA
OS,NA,NA,NA,clampToGround,-1,0,-1,NA,NA,NA,NA
OS,NA,NA,NA,clampToGround,-1,0,-1,NA,NA,NA,NA
OS,NA,NA,NA,clampToGround,-1,0,-1,NA,NA,NA,NA
OS(HOD),NA,NA,NA,clampToGround,-1,0,-1,NA,NA,NA,NA
OS,NA,NA,NA,clampToGround,-1,0,-1,NA,NA,NA,NA
OS(HOD),NA,NA,NA,clampToGround,-1,0,-1,NA,NA,NA,NA
OS,NA,NA,NA,clampToGround,-1,0,-1,NA,NA,NA,NA
OS,NA,NA,NA,clampToGround,-1,0,-1,NA,NA,NA,NA
OS,NA,NA,NA,clampToGround,-1,0,-1,NA,NA,NA,NA
P-80-14,NA,NA,NA,clampToGround,-1,0,-1,NA,NA,NA,NA
OS,NA,NA,NA,clampToGround,-1,0,-1,NA,NA,NA,NA
OS,NA,NA,NA,clampToGround,-1,0,-1,NA,NA,NA,NA
OS,NA,NA,NA,clampToGround,-1,0,-1,NA,NA,NA,NA
OS,NA,NA,NA,clampToGround,-1,0,-1,NA,NA,NA,NA
OS,NA,NA,NA,clampToGround,-1,0,-1,NA,NA,NA,NA
P-76-3,NA,NA,NA,clampToGround,-1,0,-1,NA,NA,NA,NA
OS,NA,NA,NA,clampToGround,-1,0,-1,NA,NA,NA,NA
P-90-13,NA,NA,NA,clampToGround,-1,0,-1,NA,NA,NA,NA
P-76-3,NA,NA,NA,clampToGround,-1,0,-1,NA,NA,NA,NA
OS,NA,NA,NA,clampToGround,-1,0,-1,NA,NA,NA,NA
OS,NA,NA,NA,clampToGround,-1,0,-1,NA,NA,NA,NA
P-90-9,NA,NA,NA,clampToGround,-1,0,-1,NA,NA,NA,NA
OS,NA,NA,NA,clampToGround,-1,0,-1,NA,NA,NA,NA
OS,NA,NA,NA,clampToGround,-1,0,-1,NA,NA,NA,NA
OS,NA,NA,NA,clampToGround,-1,0,-1,NA,NA,NA,NA
OS(I),NA,NA,NA,clampToGround,-1,0,-1,NA,NA,NA,NA
OS,NA,NA,NA,clampToGround,-1,0,-1,NA,NA,NA,NA
OS,NA,NA,NA,clampToGround,-1,0,-1,NA,NA,NA,NA
P-78-2,NA,NA,NA,clampToGround,-1,0,-1,NA,NA,NA,NA
P-78-2,NA,NA,NA,clampToGround,-1,0,-1,NA,NA,NA,NA
P-78-2,NA,NA,NA,clampToGround,-1,0,-1,NA,NA,NA,NA
P-78-2,NA,NA,NA,clampToGround,-1,0,-1,NA,NA,NA,NA
OS,NA,NA,NA,clampToGround,-1,0,-1,NA,NA,NA,NA
OS,NA,NA,NA,clampToGround,-1,0,-1,NA,NA,NA,NA
OS,NA,NA,NA,clampToGround,-1,0,-1,NA,NA,NA,NA
P-2014-65,NA,NA,NA,clampToGround,-1,0,-1,NA,NA,NA,NA
P-68-11,NA,NA,NA,clampToGround,-1,0,-1,NA,NA,NA,NA
P-81-15,NA,NA,NA,clampToGround,-1,0,-1,NA,NA,NA,NA
P-78-3,NA,NA,NA,clampToGround,-1,0,-1,NA,NA,NA,NA
OS,NA,NA,NA,clampToGround,-1,0,-1,NA,NA,NA,NA
OS,NA,NA,NA,clampToGround,-1,0,-1,NA,NA,NA,NA
OS,NA,NA,NA,clampToGround,-1,0,-1,NA,NA,NA,NA
P-96-5,NA,NA,NA,clampToGround,-1,0,-1,NA,NA,NA,NA
OS,NA,NA,NA,clampToGround,-1,0,-1,NA,NA,NA,NA
P-96-5,NA,NA,NA,clampToGround,-1,0,-1,NA,NA,NA,NA
OS,NA,NA,NA,clampToGround,-1,0,-1,NA,NA,NA,NA
P-90-5(HOD),NA,NA,NA,clampToGround,-1,0,-1,NA,NA,NA,NA
P-87-7(HOD),NA,NA,NA,clampToGround,-1,0,-1,NA,NA,NA,NA
P-90-5(HOD),NA,NA,NA,clampToGround,-1,0,-1,NA,NA,NA,NA
P-90-9,NA,NA,NA,clampToGround,-1,0,-1,NA,NA,NA,NA
P-90-9,NA,NA,NA,clampToGround,-1,0,-1,NA,NA,NA,NA
P-90-9,NA,NA,NA,clampToGround,-1,0,-1,NA,NA,NA,NA
P-90-9,NA,NA,NA,clampToGround,-1,0,-1,NA,NA,NA,NA
OS,NA,NA,NA,clampToGround,-1,0,-1,NA,NA,NA,NA
OS,NA,NA,NA,clampToGround,-1,0,-1,NA,NA,NA,NA
OS,NA,NA,NA,clampToGround,-1,0,-1,NA,NA,NA,NA
P-71-6,NA,NA,NA,clampToGround,-1,0,-1,NA,NA,NA,NA
OS,NA,NA,NA,clampToGround,-1,0,-1,NA,NA,NA,NA
OS,NA,NA,NA,clampToGround,-1,0,-1,NA,NA,NA,NA
OS,NA,NA,NA,clampToGround,-1,0,-1,NA,NA,NA,NA
OS,NA,NA,NA,clampToGround,-1,0,-1,NA,NA,NA,NA
OS,NA,NA,NA,clampToGround,-1,0,-1,NA,NA,NA,NA
OS,NA,NA,NA,clampToGround,-1,0,-1,NA,NA,NA,NA
OS,NA,NA,NA,clampToGround,-1,0,-1,NA,NA,NA,NA
OS,NA,NA,NA,clampToGround,-1,0,-1,NA,NA,NA,NA
OS,NA,NA,NA,clampToGround,-1,0,-1,NA,NA,NA,NA
OS,NA,NA,NA,clampToGround,-1,0,-1,NA,NA,NA,NA
OS,NA,NA,NA,clampToGround,-1,0,-1,NA,NA,NA,NA
OS,NA,NA,NA,clampToGround,-1,0,-1,NA,NA,NA,NA
OS,NA,NA,NA,clampToGround,-1,0,-1,NA,NA,NA,NA
OS,NA,NA,NA,clampToGround,-1,0,-1,NA,NA,NA,NA
OS,NA,NA,NA,clampToGround,-1,0,-1,NA,NA,NA,NA
OS,NA,NA,NA,clampToGround,-1,0,-1,NA,NA,NA,NA
P-73-1,NA,NA,NA,clampToGround,-1,0,-1,NA,NA,NA,NA
P-73-1,NA,NA,NA,clampToGround,-1,0,-1,NA,NA,NA,NA
OS,NA,NA,NA,clampToGround,-1,0,-1,NA,NA,NA,NA
OS,NA,NA,NA,clampToGround,-1,0,-1,NA,NA,NA,NA
P-2002-336,NA,NA,NA,clampToGround,-1,0,-1,NA,NA,NA,NA
OS,NA,NA,NA,clampToGround,-1,0,-1,NA,NA,NA,NA
P-85-21,NA,NA,NA,clampToGround,-1,0,-1,NA,NA,NA,NA
OS,NA,NA,NA,clampToGround,-1,0,-1,NA,NA,NA,NA
OS,NA,NA,NA,clampToGround,-1,0,-1,NA,NA,NA,NA
P-87-3,NA,NA,NA,clampToGround,-1,0,-1,NA,NA,NA,NA
OS,NA,NA,NA,clampToGround,-1,0,-1,NA,NA,NA,NA
P-2001-34(HOD),NA,NA,NA,clampToGround,-1,0,-1,NA,NA,NA,NA
OS,NA,NA,NA,clampToGround,-1,0,-1,NA,NA,NA,NA
OS,NA,NA,NA,clampToGround,-1,0,-1,NA,NA,NA,NA
P-2001-34(HOD),NA,NA,NA,clampToGround,-1,0,-1,NA,NA,NA,NA
OS,NA,NA,NA,clampToGround,-1,0,-1,NA,NA,NA,NA
P-2001-34(HOD),NA,NA,NA,clampToGround,-1,0,-1,NA,NA,NA,NA
P-2001-34(HOD),NA,NA,NA,clampToGround,-1,0,-1,NA,NA,NA,NA
OS,NA,NA,NA,clampToGround,-1,0,-1,NA,NA,NA,NA
OS(HOD),NA,NA,NA,clampToGround,-1,0,-1,NA,NA,NA,NA
OS,NA,NA,NA,clampToGround,-1,0,-1,NA,NA,NA,NA
OS,NA,NA,NA,clampToGround,-1,0,-1,NA,NA,NA,NA
OS,NA,NA,NA,clampToGround,-1,0,-1,NA,NA,NA,NA
OS,NA,NA,NA,clampToGround,-1,0,-1,NA,NA,NA,NA
OS,NA,NA,NA,clampToGround,-1,0,-1,NA,NA,NA,NA
OS,NA,NA,NA,clampToGround,-1,0,-1,NA,NA,NA,NA
OS,NA,NA,NA,clampToGround,-1,0,-1,NA,NA,NA,NA
OS(HOD),NA,NA,NA,clampToGround,-1,0,-1,NA,NA,NA,NA
OS,NA,NA,NA,clampToGround,-1,0,-1,NA,NA,NA,NA
P-90-9,NA,NA,NA,clampToGround,-1,0,-1,NA,NA,NA,NA
OS,NA,NA,NA,clampToGround,-1,0,-1,NA,NA,NA,NA
OS,NA,NA,NA,clampToGround,-1,0,-1,NA,NA,NA,NA
P-77-4,NA,NA,NA,clampToGround,-1,0,-1,NA,NA,NA,NA
P-81-15,NA,NA,NA,clampToGround,-1,0,-1,NA,NA,NA,NA
OS,NA,NA,NA,clampToGround,-1,0,-1,NA,NA,NA,NA
OS,NA,NA,NA,clampToGround,-1,0,-1,NA,NA,NA,NA
OS,NA,NA,NA,clampToGround,-1,0,-1,NA,NA,NA,NA
PF(H-I),NA,NA,NA,clampToGround,-1,0,-1,NA,NA,NA,NA
PF(H-I),NA,NA,NA,clampToGround,-1,0,-1,NA,NA,NA,NA
PF,NA,NA,NA,clampToGround,-1,0,-1,NA,NA,NA,NA
PF(H-I),NA,NA,NA,clampToGround,-1,0,-1,NA,NA,NA,NA
PF(H-I),NA,NA,NA,clampToGround,-1,0,-1,NA,NA,NA,NA
OS,NA,NA,NA,clampToGround,-1,0,-1,NA,NA,NA,NA
PF,NA,NA,NA,clampToGround,-1,0,-1,NA,NA,NA,NA
PF(HOD)(H-I),NA,NA,NA,clampToGround,-1,0,-1,NA,NA,NA,NA
PF(H-I),NA,NA,NA,clampToGround,-1,0,-1,NA,NA,NA,NA
PF,NA,NA,NA,clampToGround,-1,0,-1,NA,NA,NA,NA
PF,NA,NA,NA,clampToGround,-1,0,-1,NA,NA,NA,NA
PF(I),NA,NA,NA,clampToGround,-1,0,-1,NA,NA,NA,NA
PF,NA,NA,NA,clampToGround,-1,0,-1,NA,NA,NA,NA
PF(H-I),NA,NA,NA,clampToGround,-1,0,-1,NA,NA,NA,NA
PF(H-I),NA,NA,NA,clampToGround,-1,0,-1,NA,NA,NA,NA
PF(HOD)(H-I),NA,NA,NA,clampToGround,-1,0,-1,NA,NA,NA,NA
PF(H-I),NA,NA,NA,clampToGround,-1,0,-1,NA,NA,NA,NA
PF(HOD)(H-I),NA,NA,NA,clampToGround,-1,0,-1,NA,NA,NA,NA
PF,NA,NA,NA,clampToGround,-1,0,-1,NA,NA,NA,NA
PF,NA,NA,NA,clampToGround,-1,0,-1,NA,NA,NA,NA
PF,NA,NA,NA,clampToGround,-1,0,-1,NA,NA,NA,NA
PF(H-I),NA,NA,NA,clampToGround,-1,0,-1,NA,NA,NA,NA
PF,NA,NA,NA,clampToGround,-1,0,-1,NA,NA,NA,NA
PF,NA,NA,NA,clampToGround,-1,0,-1,NA,NA,NA,NA
PF,NA,NA,NA,clampToGround,-1,0,-1,NA,NA,NA,NA
PF,NA,NA,NA,clampToGround,-1,0,-1,NA,NA,NA,NA
PF,NA,NA,NA,clampToGround,-1,0,-1,NA,NA,NA,NA
PF,NA,NA,NA,clampToGround,-1,0,-1,NA,NA,NA,NA
PF,NA,NA,NA,clampToGround,-1,0,-1,NA,NA,NA,NA
PF(H-I),NA,NA,NA,clampToGround,-1,0,-1,NA,NA,NA,NA
PF(H-I),NA,NA,NA,clampToGround,-1,0,-1,NA,NA,NA,NA
PF(H-I),NA,NA,NA,clampToGround,-1,0,-1,NA,NA,NA,NA
PF(HOD)(H-I),NA,NA,NA,clampToGround,-1,0,-1,NA,NA,NA,NA
PF(HOD),NA,NA,NA,clampToGround,-1,0,-1,NA,NA,NA,NA
PF,NA,NA,NA,clampToGround,-1,0,-1,NA,NA,NA,NA
PF(HOD),NA,NA,NA,clampToGround,-1,0,-1,NA,NA,NA,NA
PF,NA,NA,NA,clampToGround,-1,0,-1,NA,NA,NA,NA
PF,NA,NA,NA,clampToGround,-1,0,-1,NA,NA,NA,NA
PF,NA,NA,NA,clampToGround,-1,0,-1,NA,NA,NA,NA
PF,NA,NA,NA,clampToGround,-1,0,-1,NA,NA,NA,NA
PF,NA,NA,NA,clampToGround,-1,0,-1,NA,NA,NA,NA
PF,NA,NA,NA,clampToGround,-1,0,-1,NA,NA,NA,NA
PF,NA,NA,NA,clampToGround,-1,0,-1,NA,NA,NA,NA
PF,NA,NA,NA,clampToGround,-1,0,-1,NA,NA,NA,NA
PF,NA,NA,NA,clampToGround,-1,0,-1,NA,NA,NA,NA
PF,NA,NA,NA,clampToGround,-1,0,-1,NA,NA,NA,NA
PF,NA,NA,NA,clampToGround,-1,0,-1,NA,NA,NA,NA
PF,NA,NA,NA,clampToGround,-1,0,-1,NA,NA,NA,NA
PF(HOD),NA,NA,NA,clampToGround,-1,0,-1,NA,NA,NA,NA
PF(H-I),NA,NA,NA,clampToGround,-1,0,-1,NA,NA,NA,NA
PF(H-I),NA,NA,NA,clampToGround,-1,0,-1,NA,NA,NA,NA
PF,NA,NA,NA,clampToGround,-1,0,-1,NA,NA,NA,NA
PF,NA,NA,NA,clampToGround,-1,0,-1,NA,NA,NA,NA
PF,NA,NA,NA,clampToGround,-1,0,-1,NA,NA,NA,NA
PF,NA,NA,NA,clampToGround,-1,0,-1,NA,NA,NA,NA
PF,NA,NA,NA,clampToGround,-1,0,-1,NA,NA,NA,NA
PF(H-I),NA,NA,NA,clampToGround,-1,0,-1,NA,NA,NA,NA
PF(H-I),NA,NA,NA,clampToGround,-1,0,-1,NA,NA,NA,NA
PF,NA,NA,NA,clampToGround,-1,0,-1,NA,NA,NA,NA
PF,NA,NA,NA,clampToGround,-1,0,-1,NA,NA,NA,NA
PF,NA,NA,NA,clampToGround,-1,0,-1,NA,NA,NA,NA
PF,NA,NA,NA,clampToGround,-1,0,-1,NA,NA,NA,NA
PF,NA,NA,NA,clampToGround,-1,0,-1,NA,NA,NA,NA
PF,NA,NA,NA,clampToGround,-1,0,-1,NA,NA,NA,NA
PF,NA,NA,NA,clampToGround,-1,0,-1,NA,NA,NA,NA
PF,NA,NA,NA,clampToGround,-1,0,-1,NA,NA,NA,NA
PF,NA,NA,NA,clampToGround,-1,0,-1,NA,NA,NA,NA
PF,NA,NA,NA,clampToGround,-1,0,-1,NA,NA,NA,NA
PF,NA,NA,NA,clampToGround,-1,0,-1,NA,NA,NA,NA
PF,NA,NA,NA,clampToGround,-1,0,-1,NA,NA,NA,NA
P-79-17(HOD),NA,NA,NA,clampToGround,-1,0,-1,NA,NA,NA,NA
PF(HOD),NA,NA,NA,clampToGround,-1,0,-1,NA,NA,NA,NA
PF(HOD),NA,NA,NA,clampToGround,-1,0,-1,NA,NA,NA,NA
PF,NA,NA,NA,clampToGround,-1,0,-1,NA,NA,NA,NA
PF,NA,NA,NA,clampToGround,-1,0,-1,NA,NA,NA,NA
PF,NA,NA,NA,clampToGround,-1,0,-1,NA,NA,NA,NA
PF(H-I),NA,NA,NA,clampToGround,-1,0,-1,NA,NA,NA,NA
PF,NA,NA,NA,clampToGround,-1,0,-1,NA,NA,NA,NA
PF,NA,NA,NA,clampToGround,-1,0,-1,NA,NA,NA,NA
PF,NA,NA,NA,clampToGround,-1,0,-1,NA,NA,NA,NA
PF,NA,NA,NA,clampToGround,-1,0,-1,NA,NA,NA,NA
PF,NA,NA,NA,clampToGround,-1,0,-1,NA,NA,NA,NA
PF,NA,NA,NA,clampToGround,-1,0,-1,NA,NA,NA,NA
PF,NA,NA,NA,clampToGround,-1,0,-1,NA,NA,NA,NA
PF,NA,NA,NA,clampToGround,-1,0,-1,NA,NA,NA,NA
PF,NA,NA,NA,clampToGround,-1,0,-1,NA,NA,NA,NA
PF,NA,NA,NA,clampToGround,-1,0,-1,NA,NA,NA,NA
PF,NA,NA,NA,clampToGround,-1,0,-1,NA,NA,NA,NA
PF,NA,NA,NA,clampToGround,-1,0,-1,NA,NA,NA,NA
P-81-15,NA,NA,NA,clampToGround,-1,0,-1,NA,NA,NA,NA
PF,NA,NA,NA,clampToGround,-1,0,-1,NA,NA,NA,NA
PF(Q)(H-I),NA,NA,NA,clampToGround,-1,0,-1,NA,NA,NA,NA
PF,NA,NA,NA,clampToGround,-1,0,-1,NA,NA,NA,NA
PF(HOD),NA,NA,NA,clampToGround,-1,0,-1,NA,NA,NA,NA
R-1-6,NA,NA,NA,clampToGround,-1,0,-1,0,NA,NA,1
P-67-1,NA,NA,NA,clampToGround,-1,0,-1,NA,NA,NA,NA
R-1-6,NA,NA,NA,clampToGround,-1,0,-1,0,NA,NA,1
P-2016-270,NA,NA,NA,clampToGround,-1,0,-1,NA,NA,NA,NA
P-2014-195,NA,NA,NA,clampToGround,-1,0,-1,NA,NA,NA,NA
R-1-6(H-I),NA,NA,NA,clampToGround,-1,0,-1,0,NA,NA,1
R-1-40,NA,NA,NA,clampToGround,-1,0,-1,0,NA,NA,1
P-2006-173,NA,NA,NA,clampToGround,-1,0,-1,NA,NA,NA,NA
P-2004-78,NA,NA,NA,clampToGround,-1,0,-1,NA,NA,NA,NA
R-G-X-28,NA,NA,NA,clampToGround,-1,0,-1,0,NA,NA,2
R-G-29,NA,NA,NA,clampToGround,-1,0,-1,0,NA,NA,2
P-85-10,NA,NA,NA,clampToGround,-1,0,-1,NA,NA,NA,NA
P-80-17,NA,NA,NA,clampToGround,-1,0,-1,NA,NA,NA,NA
P-2011-154,NA,NA,NA,clampToGround,-1,0,-1,NA,NA,NA,NA
R-G-X-27.28,NA,NA,NA,clampToGround,-1,0,-1,0,NA,NA,2
P-95-8,NA,NA,NA,clampToGround,-1,0,-1,NA,NA,NA,NA
R-G-29,NA,NA,NA,clampToGround,-1,0,-1,0,NA,NA,2
R-G-29,NA,NA,NA,clampToGround,-1,0,-1,0,NA,NA,2
P-94-4,NA,NA,NA,clampToGround,-1,0,-1,NA,NA,NA,NA
R-3-18,NA,NA,NA,clampToGround,-1,0,-1,0,NA,NA,2
R-3-18,NA,NA,NA,clampToGround,-1,0,-1,0,NA,NA,2
P-87-12,NA,NA,NA,clampToGround,-1,0,-1,NA,NA,NA,NA
P-2013-188,NA,NA,NA,clampToGround,-1,0,-1,NA,NA,NA,NA
R-G-29,NA,NA,NA,clampToGround,-1,0,-1,0,NA,NA,2
R-G-29,NA,NA,NA,clampToGround,-1,0,-1,0,NA,NA,2
R-3-18,NA,NA,NA,clampToGround,-1,0,-1,0,NA,NA,2
P-71-3,NA,NA,NA,clampToGround,-1,0,-1,NA,NA,NA,NA
P-2005-348,NA,NA,NA,clampToGround,-1,0,-1,NA,NA,NA,NA
R-G-29,NA,NA,NA,clampToGround,-1,0,-1,0,NA,NA,2
R-3-18,NA,NA,NA,clampToGround,-1,0,-1,0,NA,NA,2
R-3-23,NA,NA,NA,clampToGround,-1,0,-1,0,NA,NA,2
R-1-8,NA,NA,NA,clampToGround,-1,0,-1,0,NA,NA,1
P-2006-344(HOD),NA,NA,NA,clampToGround,-1,0,-1,NA,NA,NA,NA
P-2005-239(HOD),NA,NA,NA,clampToGround,-1,0,-1,NA,NA,NA,NA
R-G-24(HOD)(H-I),NA,NA,NA,clampToGround,-1,0,-1,0,NA,NA,2
R-G-24(HOD)(H-I),NA,NA,NA,clampToGround,-1,0,-1,0,NA,NA,2
R-G-24(HOD)(H-I),NA,NA,NA,clampToGround,-1,0,-1,0,NA,NA,2
R-G-24(HOD)(H-I),NA,NA,NA,clampToGround,-1,0,-1,0,NA,NA,2
R-G-24(HOD)(H-I),NA,NA,NA,clampToGround,-1,0,-1,0,NA,NA,2
R-G-24(HOD)(H-I),NA,NA,NA,clampToGround,-1,0,-1,0,NA,NA,2
R-G-24(HOD)(H-I),NA,NA,NA,clampToGround,-1,0,-1,0,NA,NA,2
P-2004-308,NA,NA,NA,clampToGround,-1,0,-1,NA,NA,NA,NA
P-2004-92(I),NA,NA,NA,clampToGround,-1,0,-1,NA,NA,NA,NA
OS,NA,NA,NA,clampToGround,-1,0,-1,NA,NA,NA,NA
R-1-6,NA,NA,NA,clampToGround,-1,0,-1,0,NA,NA,1
R-1-8,NA,NA,NA,clampToGround,-1,0,-1,0,NA,NA,1
P-83-14(Q),NA,NA,NA,clampToGround,-1,0,-1,NA,NA,NA,NA
P-86-13,NA,NA,NA,clampToGround,-1,0,-1,NA,NA,NA,NA
P-86-19,NA,NA,NA,clampToGround,-1,0,-1,NA,NA,NA,NA
P-2005-292,NA,NA,NA,clampToGround,-1,0,-1,NA,NA,NA,NA
R-G-X-35.39,NA,NA,NA,clampToGround,-1,0,-1,0,NA,NA,2
P-2000-352,NA,NA,NA,clampToGround,-1,0,-1,NA,NA,NA,NA
P-68-11,NA,NA,NA,clampToGround,-1,0,-1,NA,NA,NA,NA
R-3-18,NA,NA,NA,clampToGround,-1,0,-1,0,NA,NA,2
R-G-29,NA,NA,NA,clampToGround,-1,0,-1,0,NA,NA,2
R-3-18,NA,NA,NA,clampToGround,-1,0,-1,0,NA,NA,2
P-89-13(HOD),NA,NA,NA,clampToGround,-1,0,-1,NA,NA,NA,NA
P-79-14,NA,NA,NA,clampToGround,-1,0,-1,NA,NA,NA,NA
P-89-13,NA,NA,NA,clampToGround,-1,0,-1,NA,NA,NA,NA
P-87-7,NA,NA,NA,clampToGround,-1,0,-1,NA,NA,NA,NA
P-79-14,NA,NA,NA,clampToGround,-1,0,-1,NA,NA,NA,NA
R-1-20(H-I),NA,NA,NA,clampToGround,-1,0,-1,0,NA,NA,1
P-89-13,NA,NA,NA,clampToGround,-1,0,-1,NA,NA,NA,NA
R-1-10(H-I),NA,NA,NA,clampToGround,-1,0,-1,0,NA,NA,1
P-72-2,NA,NA,NA,clampToGround,-1,0,-1,NA,NA,NA,NA
P-72-2(HOD),NA,NA,NA,clampToGround,-1,0,-1,NA,NA,NA,NA
R-1-8(H-I),NA,NA,NA,clampToGround,-1,0,-1,0,NA,NA,1
R-1-8(H-I),NA,NA,NA,clampToGround,-1,0,-1,0,NA,NA,1
R-1-8(HOD)(H-I),NA,NA,NA,clampToGround,-1,0,-1,0,NA,NA,1
R-1-8(HOD)(H-I),NA,NA,NA,clampToGround,-1,0,-1,0,NA,NA,1
R-1-10(H-I),NA,NA,NA,clampToGround,-1,0,-1,0,NA,NA,1
R-1-10(HOD)(H-I),NA,NA,NA,clampToGround,-1,0,-1,0,NA,NA,1
P-2012-109,NA,NA,NA,clampToGround,-1,0,-1,NA,NA,NA,NA
OS,NA,NA,NA,clampToGround,-1,0,-1,NA,NA,NA,NA
P-2013-103,NA,NA,NA,clampToGround,-1,0,-1,NA,NA,NA,NA
P-2014-20,NA,NA,NA,clampToGround,-1,0,-1,NA,NA,NA,NA
OS,NA,NA,NA,clampToGround,-1,0,-1,NA,NA,NA,NA
P-2002-336,NA,NA,NA,clampToGround,-1,0,-1,NA,NA,NA,NA
P-85-21,NA,NA,NA,clampToGround,-1,0,-1,NA,NA,NA,NA
R-1-10,NA,NA,NA,clampToGround,-1,0,-1,0,NA,NA,1
P-2012-109,NA,NA,NA,clampToGround,-1,0,-1,NA,NA,NA,NA
R-1-8,NA,NA,NA,clampToGround,-1,0,-1,0,NA,NA,1
R-1-6(HOD)(H-I),NA,NA,NA,clampToGround,-1,0,-1,0,NA,NA,1
R-1-6,NA,NA,NA,clampToGround,-1,0,-1,0,NA,NA,1
R-1-6,NA,NA,NA,clampToGround,-1,0,-1,0,NA,NA,1
R-1-6,NA,NA,NA,clampToGround,-1,0,-1,0,NA,NA,1
R-1-6,NA,NA,NA,clampToGround,-1,0,-1,0,NA,NA,1
R-1-6,NA,NA,NA,clampToGround,-1,0,-1,0,NA,NA,1
R-1-6,NA,NA,NA,clampToGround,-1,0,-1,0,NA,NA,1
R-1-6,NA,NA,NA,clampToGround,-1,0,-1,0,NA,NA,1
R-G-X-30.92,NA,NA,NA,clampToGround,-1,0,-1,0,NA,NA,2
R-G-40,NA,NA,NA,clampToGround,-1,0,-1,0,NA,NA,2
P-81-11,NA,NA,NA,clampToGround,-1,0,-1,NA,NA,NA,NA
P-95-3,NA,NA,NA,clampToGround,-1,0,-1,NA,NA,NA,NA
P-2005-73,NA,NA,NA,clampToGround,-1,0,-1,NA,NA,NA,NA
P-2005-73,NA,NA,NA,clampToGround,-1,0,-1,NA,NA,NA,NA
R-3-15,NA,NA,NA,clampToGround,-1,0,-1,0,NA,NA,2
P-90-6,NA,NA,NA,clampToGround,-1,0,-1,NA,NA,NA,NA
P-77-8,NA,NA,NA,clampToGround,-1,0,-1,NA,NA,NA,NA
R-3-30,NA,NA,NA,clampToGround,-1,0,-1,0,NA,NA,2
P-99-3,NA,NA,NA,clampToGround,-1,0,-1,NA,NA,NA,NA
P-90-19,NA,NA,NA,clampToGround,-1,0,-1,NA,NA,NA,NA
P-90-19,NA,NA,NA,clampToGround,-1,0,-1,NA,NA,NA,NA
P-2000-142,NA,NA,NA,clampToGround,-1,0,-1,NA,NA,NA,NA
P-83-7,NA,NA,NA,clampToGround,-1,0,-1,NA,NA,NA,NA
P-94-2,NA,NA,NA,clampToGround,-1,0,-1,NA,NA,NA,NA
P-79-6,NA,NA,NA,clampToGround,-1,0,-1,NA,NA,NA,NA
P-68-11,NA,NA,NA,clampToGround,-1,0,-1,NA,NA,NA,NA
P-81-15OO,NA,NA,NA,clampToGround,-1,0,-1,NA,NA,NA,NA
P-81-15Q,NA,NA,NA,clampToGround,-1,0,-1,NA,NA,NA,NA
P-81-15R,NA,NA,NA,clampToGround,-1,0,-1,NA,NA,NA,NA
P-81-15S,NA,NA,NA,clampToGround,-1,0,-1,NA,NA,NA,NA
P-81-15T,NA,NA,NA,clampToGround,-1,0,-1,NA,NA,NA,NA
P-81-15U,NA,NA,NA,clampToGround,-1,0,-1,NA,NA,NA,NA
P-81-15Y,NA,NA,NA,clampToGround,-1,0,-1,NA,NA,NA,NA
"P-81-15K,M",NA,NA,NA,clampToGround,-1,0,-1,NA,NA,NA,NA
P-81-15E,NA,NA,NA,clampToGround,-1,0,-1,NA,NA,NA,NA
P-81-15F,NA,NA,NA,clampToGround,-1,0,-1,NA,NA,NA,NA
P-81-15FF,NA,NA,NA,clampToGround,-1,0,-1,NA,NA,NA,NA
P-81-15G,NA,NA,NA,clampToGround,-1,0,-1,NA,NA,NA,NA
P-81-15G,NA,NA,NA,clampToGround,-1,0,-1,NA,NA,NA,NA
P-81-15H,NA,NA,NA,clampToGround,-1,0,-1,NA,NA,NA,NA
P-79-11,NA,NA,NA,clampToGround,-1,0,-1,NA,NA,NA,NA
R-G-29,NA,NA,NA,clampToGround,-1,0,-1,0,NA,NA,2
R-G-29,NA,NA,NA,clampToGround,-1,0,-1,0,NA,NA,2
R-G-29,NA,NA,NA,clampToGround,-1,0,-1,0,NA,NA,2
P-2005-292,NA,NA,NA,clampToGround,-1,0,-1,NA,NA,NA,NA
R-3-70,NA,NA,NA,clampToGround,-1,0,-1,0,NA,NA,2
R-3-70,NA,NA,NA,clampToGround,-1,0,-1,0,NA,NA,2
R-3-70,NA,NA,NA,clampToGround,-1,0,-1,0,NA,NA,2
P-67-1,NA,NA,NA,clampToGround,-1,0,-1,NA,NA,NA,NA
R-G-19,NA,NA,NA,clampToGround,-1,0,-1,0,NA,NA,2
P-87-13,NA,NA,NA,clampToGround,-1,0,-1,NA,NA,NA,NA
P-65-8,NA,NA,NA,clampToGround,-1,0,-1,NA,NA,NA,NA
R-G-X-18,NA,NA,NA,clampToGround,-1,0,-1,0,NA,NA,2
R-G-19,NA,NA,NA,clampToGround,-1,0,-1,0,NA,NA,2
R-G-24,NA,NA,NA,clampToGround,-1,0,-1,0,NA,NA,2
R-G-24,NA,NA,NA,clampToGround,-1,0,-1,0,NA,NA,2
R-3-18,NA,NA,NA,clampToGround,-1,0,-1,0,NA,NA,2
R-G-24,NA,NA,NA,clampToGround,-1,0,-1,0,NA,NA,2
R-3-18,NA,NA,NA,clampToGround,-1,0,-1,0,NA,NA,2
R-G-24,NA,NA,NA,clampToGround,-1,0,-1,0,NA,NA,2
R-3-18,NA,NA,NA,clampToGround,-1,0,-1,0,NA,NA,2
P-2005-73,NA,NA,NA,clampToGround,-1,0,-1,NA,NA,NA,NA
P-2015-122,NA,NA,NA,clampToGround,-1,0,-1,NA,NA,NA,NA
P-2010-3,NA,NA,NA,clampToGround,-1,0,-1,NA,NA,NA,NA
R-G-19,NA,NA,NA,clampToGround,-1,0,-1,0,NA,NA,2
R-G-19,NA,NA,NA,clampToGround,-1,0,-1,0,NA,NA,2
R-G-19,NA,NA,NA,clampToGround,-1,0,-1,0,NA,NA,2
R-G-19,NA,NA,NA,clampToGround,-1,0,-1,0,NA,NA,2
R-3-23,NA,NA,NA,clampToGround,-1,0,-1,0,NA,NA,2
R-3-23,NA,NA,NA,clampToGround,-1,0,-1,0,NA,NA,2
R-3-23,NA,NA,NA,clampToGround,-1,0,-1,0,NA,NA,2
R-G-19,NA,NA,NA,clampToGround,-1,0,-1,0,NA,NA,2
R-3-23,NA,NA,NA,clampToGround,-1,0,-1,0,NA,NA,2
R-3-23,NA,NA,NA,clampToGround,-1,0,-1,0,NA,NA,2
R-G-19,NA,NA,NA,clampToGround,-1,0,-1,0,NA,NA,2
R-3-23,NA,NA,NA,clampToGround,-1,0,-1,0,NA,NA,2
R-3-23,NA,NA,NA,clampToGround,-1,0,-1,0,NA,NA,2
R-3-23,NA,NA,NA,clampToGround,-1,0,-1,0,NA,NA,2
R-3-23,NA,NA,NA,clampToGround,-1,0,-1,0,NA,NA,2
R-3-23,NA,NA,NA,clampToGround,-1,0,-1,0,NA,NA,2
R-3-23,NA,NA,NA,clampToGround,-1,0,-1,0,NA,NA,2
R-3-23,NA,NA,NA,clampToGround,-1,0,-1,0,NA,NA,2
R-3-23,NA,NA,NA,clampToGround,-1,0,-1,0,NA,NA,2
P-85-1,NA,NA,NA,clampToGround,-1,0,-1,NA,NA,NA,NA
P-90-15,NA,NA,NA,clampToGround,-1,0,-1,NA,NA,NA,NA
R-3-27,NA,NA,NA,clampToGround,-1,0,-1,0,NA,NA,2
P-2014-84,NA,NA,NA,clampToGround,-1,0,-1,NA,NA,NA,NA
P-95-2,NA,NA,NA,clampToGround,-1,0,-1,NA,NA,NA,NA
R-G-19,NA,NA,NA,clampToGround,-1,0,-1,0,NA,NA,2
P-83-9,NA,NA,NA,clampToGround,-1,0,-1,NA,NA,NA,NA
R-G-19,NA,NA,NA,clampToGround,-1,0,-1,0,NA,NA,2
R-3-27,NA,NA,NA,clampToGround,-1,0,-1,0,NA,NA,2
P-85-2,NA,NA,NA,clampToGround,-1,0,-1,NA,NA,NA,NA
P-86-13,NA,NA,NA,clampToGround,-1,0,-1,NA,NA,NA,NA
R-1-6(H-I),NA,NA,NA,clampToGround,-1,0,-1,0,NA,NA,1
R-1-6(H-I),NA,NA,NA,clampToGround,-1,0,-1,0,NA,NA,1
R-1-6(HOD)(H-I),NA,NA,NA,clampToGround,-1,0,-1,0,NA,NA,1
P-83-14,NA,NA,NA,clampToGround,-1,0,-1,NA,NA,NA,NA
R-1-6,NA,NA,NA,clampToGround,-1,0,-1,0,NA,NA,1
R-1-6,NA,NA,NA,clampToGround,-1,0,-1,0,NA,NA,1
P-76-7,NA,NA,NA,clampToGround,-1,0,-1,NA,NA,NA,NA
P-78-1,NA,NA,NA,clampToGround,-1,0,-1,NA,NA,NA,NA
P,NA,NA,NA,clampToGround,-1,0,-1,NA,NA,NA,NA
R-1-6(HOD)(H-I),NA,NA,NA,clampToGround,-1,0,-1,0,NA,NA,1
R-1-6(H-I),NA,NA,NA,clampToGround,-1,0,-1,0,NA,NA,1
P-87-9,NA,NA,NA,clampToGround,-1,0,-1,NA,NA,NA,NA
P-85-7,NA,NA,NA,clampToGround,-1,0,-1,NA,NA,NA,NA
R-3-18,NA,NA,NA,clampToGround,-1,0,-1,0,NA,NA,2
R-3-18,NA,NA,NA,clampToGround,-1,0,-1,0,NA,NA,2
R-G-29,NA,NA,NA,clampToGround,-1,0,-1,0,NA,NA,2
R-G-29,NA,NA,NA,clampToGround,-1,0,-1,0,NA,NA,2
R-1-6,NA,NA,NA,clampToGround,-1,0,-1,0,NA,NA,1
R-G-29,NA,NA,NA,clampToGround,-1,0,-1,0,NA,NA,2
R-G-X-32.23,NA,NA,NA,clampToGround,-1,0,-1,0,NA,NA,2
R-3-23,NA,NA,NA,clampToGround,-1,0,-1,0,NA,NA,2
P-83-11,NA,NA,NA,clampToGround,-1,0,-1,NA,NA,NA,NA
P-85-19,NA,NA,NA,clampToGround,-1,0,-1,NA,NA,NA,NA
P-68-11,NA,NA,NA,clampToGround,-1,0,-1,NA,NA,NA,NA
P-66-1,NA,NA,NA,clampToGround,-1,0,-1,NA,NA,NA,NA
P-66-1,NA,NA,NA,clampToGround,-1,0,-1,NA,NA,NA,NA
P-90-19,NA,NA,NA,clampToGround,-1,0,-1,NA,NA,NA,NA
P-82-1B,NA,NA,NA,clampToGround,-1,0,-1,NA,NA,NA,NA
P-82-1E,NA,NA,NA,clampToGround,-1,0,-1,NA,NA,NA,NA
P-82-1A,NA,NA,NA,clampToGround,-1,0,-1,NA,NA,NA,NA
R-1-6,NA,NA,NA,clampToGround,-1,0,-1,0,NA,NA,1
P-88-8,NA,NA,NA,clampToGround,-1,0,-1,NA,NA,NA,NA
R-1-20(H-I),NA,NA,NA,clampToGround,-1,0,-1,0,NA,NA,1
P-79-19,NA,NA,NA,clampToGround,-1,0,-1,NA,NA,NA,NA
P-84-13,NA,NA,NA,clampToGround,-1,0,-1,NA,NA,NA,NA
P-94-3,NA,NA,NA,clampToGround,-1,0,-1,NA,NA,NA,NA
P-84-14,NA,NA,NA,clampToGround,-1,0,-1,NA,NA,NA,NA
P-84-13,NA,NA,NA,clampToGround,-1,0,-1,NA,NA,NA,NA
R-1-10(H-I),NA,NA,NA,clampToGround,-1,0,-1,0,NA,NA,1
R-1-20(H-I),NA,NA,NA,clampToGround,-1,0,-1,0,NA,NA,1
R-1-20(H-I),NA,NA,NA,clampToGround,-1,0,-1,0,NA,NA,1
P-96-10,NA,NA,NA,clampToGround,-1,0,-1,NA,NA,NA,NA
P-85-2,NA,NA,NA,clampToGround,-1,0,-1,NA,NA,NA,NA
P-86-13,NA,NA,NA,clampToGround,-1,0,-1,NA,NA,NA,NA
P-83-14(Q),NA,NA,NA,clampToGround,-1,0,-1,NA,NA,NA,NA
P-84-2,NA,NA,NA,clampToGround,-1,0,-1,NA,NA,NA,NA
P-85-2,NA,NA,NA,clampToGround,-1,0,-1,NA,NA,NA,NA
R-1-20(H-I),NA,NA,NA,clampToGround,-1,0,-1,0,NA,NA,1
P-83-14(Q),NA,NA,NA,clampToGround,-1,0,-1,NA,NA,NA,NA
P-84-2,NA,NA,NA,clampToGround,-1,0,-1,NA,NA,NA,NA
P-86-1,NA,NA,NA,clampToGround,-1,0,-1,NA,NA,NA,NA
P-86-1(HOD),NA,NA,NA,clampToGround,-1,0,-1,NA,NA,NA,NA
P-90-17,NA,NA,NA,clampToGround,-1,0,-1,NA,NA,NA,NA
P-90-5(HOD),NA,NA,NA,clampToGround,-1,0,-1,NA,NA,NA,NA
R-1-20(HOD)(H-I),NA,NA,NA,clampToGround,-1,0,-1,0,NA,NA,1
P-96-12(HOD),NA,NA,NA,clampToGround,-1,0,-1,NA,NA,NA,NA
P-87-17,NA,NA,NA,clampToGround,-1,0,-1,NA,NA,NA,NA
P-87-17(HOD),NA,NA,NA,clampToGround,-1,0,-1,NA,NA,NA,NA
P-87-7(HOD),NA,NA,NA,clampToGround,-1,0,-1,NA,NA,NA,NA
P-88-2,NA,NA,NA,clampToGround,-1,0,-1,NA,NA,NA,NA
P-89-8(HOD),NA,NA,NA,clampToGround,-1,0,-1,NA,NA,NA,NA
P-90-11(HOD),NA,NA,NA,clampToGround,-1,0,-1,NA,NA,NA,NA
P-97-4(HOD),NA,NA,NA,clampToGround,-1,0,-1,NA,NA,NA,NA
R-1-20(H-I),NA,NA,NA,clampToGround,-1,0,-1,0,NA,NA,1
P-90-17,NA,NA,NA,clampToGround,-1,0,-1,NA,NA,NA,NA
R-1-20(H-I),NA,NA,NA,clampToGround,-1,0,-1,0,NA,NA,1
P-2007-207,NA,NA,NA,clampToGround,-1,0,-1,NA,NA,NA,NA
P-2007-207(HOD),NA,NA,NA,clampToGround,-1,0,-1,NA,NA,NA,NA
R-1-20(H-I),NA,NA,NA,clampToGround,-1,0,-1,0,NA,NA,1
R-1-8(H-I)(MP),NA,NA,NA,clampToGround,-1,0,-1,0,NA,NA,1
R-1-8(HOD)(H-I)(MP),NA,NA,NA,clampToGround,-1,0,-1,0,NA,NA,1
R-1-8(H-I),NA,NA,NA,clampToGround,-1,0,-1,0,NA,NA,1
P-78-2,NA,NA,NA,clampToGround,-1,0,-1,NA,NA,NA,NA
P-95-7,NA,NA,NA,clampToGround,-1,0,-1,NA,NA,NA,NA
R-1-8,NA,NA,NA,clampToGround,-1,0,-1,0,NA,NA,1
P-80-15,NA,NA,NA,clampToGround,-1,0,-1,NA,NA,NA,NA
P-90-4,NA,NA,NA,clampToGround,-1,0,-1,NA,NA,NA,NA
P-74-1,NA,NA,NA,clampToGround,-1,0,-1,NA,NA,NA,NA
P-76-2,NA,NA,NA,clampToGround,-1,0,-1,NA,NA,NA,NA
R-1-10,NA,NA,NA,clampToGround,-1,0,-1,0,NA,NA,1
R-1-10,NA,NA,NA,clampToGround,-1,0,-1,0,NA,NA,1
R-1-10,NA,NA,NA,clampToGround,-1,0,-1,0,NA,NA,1
R-1-10,NA,NA,NA,clampToGround,-1,0,-1,0,NA,NA,1
P-2010-280,NA,NA,NA,clampToGround,-1,0,-1,NA,NA,NA,NA
R-1-8,NA,NA,NA,clampToGround,-1,0,-1,0,NA,NA,1
P-84-10,NA,NA,NA,clampToGround,-1,0,-1,NA,NA,NA,NA
P-99-1,NA,NA,NA,clampToGround,-1,0,-1,NA,NA,NA,NA
P-88-9,NA,NA,NA,clampToGround,-1,0,-1,NA,NA,NA,NA
R-1-8(H-I),NA,NA,NA,clampToGround,-1,0,-1,0,NA,NA,1
P-71-3,NA,NA,NA,clampToGround,-1,0,-1,NA,NA,NA,NA
R-1-8,NA,NA,NA,clampToGround,-1,0,-1,0,NA,NA,1
R-1-8,NA,NA,NA,clampToGround,-1,0,-1,0,NA,NA,1
R-1-8,NA,NA,NA,clampToGround,-1,0,-1,0,NA,NA,1
P-97-8,NA,NA,NA,clampToGround,-1,0,-1,NA,NA,NA,NA
R-1-6,NA,NA,NA,clampToGround,-1,0,-1,0,NA,NA,1
R-1-6,NA,NA,NA,clampToGround,-1,0,-1,0,NA,NA,1
R-1-6,NA,NA,NA,clampToGround,-1,0,-1,0,NA,NA,1
R-1-6(H-I),NA,NA,NA,clampToGround,-1,0,-1,0,NA,NA,1
R-1-6(H-I),NA,NA,NA,clampToGround,-1,0,-1,0,NA,NA,1
P-2000-114,NA,NA,NA,clampToGround,-1,0,-1,NA,NA,NA,NA
R-1-10(H-I),NA,NA,NA,clampToGround,-1,0,-1,0,NA,NA,1
P-85-2,NA,NA,NA,clampToGround,-1,0,-1,NA,NA,NA,NA
P-77-7,NA,NA,NA,clampToGround,-1,0,-1,NA,NA,NA,NA
R-1-10(H-I),NA,NA,NA,clampToGround,-1,0,-1,0,NA,NA,1
R-1-20(H-I),NA,NA,NA,clampToGround,-1,0,-1,0,NA,NA,1
R-1-20(H-I),NA,NA,NA,clampToGround,-1,0,-1,0,NA,NA,1
P-82-7,NA,NA,NA,clampToGround,-1,0,-1,NA,NA,NA,NA
R-1-10(H-I),NA,NA,NA,clampToGround,-1,0,-1,0,NA,NA,1
P-76-3,NA,NA,NA,clampToGround,-1,0,-1,NA,NA,NA,NA
P-82-7,NA,NA,NA,clampToGround,-1,0,-1,NA,NA,NA,NA
R-1-10,NA,NA,NA,clampToGround,-1,0,-1,0,NA,NA,1
R-1-10,NA,NA,NA,clampToGround,-1,0,-1,0,NA,NA,1
R-1-X-6,NA,NA,NA,clampToGround,-1,0,-1,0,NA,NA,1
R-1-X-7.4,NA,NA,NA,clampToGround,-1,0,-1,0,NA,NA,1
P-83-14,NA,NA,NA,clampToGround,-1,0,-1,NA,NA,NA,NA
P-84-2,NA,NA,NA,clampToGround,-1,0,-1,NA,NA,NA,NA
P-84-2,NA,NA,NA,clampToGround,-1,0,-1,NA,NA,NA,NA
P-86-11,NA,NA,NA,clampToGround,-1,0,-1,NA,NA,NA,NA
P-86-11(HOD),NA,NA,NA,clampToGround,-1,0,-1,NA,NA,NA,NA
P-87-7(HOD),NA,NA,NA,clampToGround,-1,0,-1,NA,NA,NA,NA
P-87-7,NA,NA,NA,clampToGround,-1,0,-1,NA,NA,NA,NA
P-79-14,NA,NA,NA,clampToGround,-1,0,-1,NA,NA,NA,NA
R-1-10,NA,NA,NA,clampToGround,-1,0,-1,0,NA,NA,1
R-1-10,NA,NA,NA,clampToGround,-1,0,-1,0,NA,NA,1
R-1-6,NA,NA,NA,clampToGround,-1,0,-1,0,NA,NA,1
R-1-6,NA,NA,NA,clampToGround,-1,0,-1,0,NA,NA,1
R-1-6,NA,NA,NA,clampToGround,-1,0,-1,0,NA,NA,1
R-1-6,NA,NA,NA,clampToGround,-1,0,-1,0,NA,NA,1
P-85-25,NA,NA,NA,clampToGround,-1,0,-1,NA,NA,NA,NA
R-1-10,NA,NA,NA,clampToGround,-1,0,-1,0,NA,NA,1
R-1-X-5.4,NA,NA,NA,clampToGround,-1,0,-1,0,NA,NA,1
P-77-4,NA,NA,NA,clampToGround,-1,0,-1,NA,NA,NA,NA
P-2001-33(HOD),NA,NA,NA,clampToGround,-1,0,-1,NA,NA,NA,NA
P-2005-187(HOD),NA,NA,NA,clampToGround,-1,0,-1,NA,NA,NA,NA
R-1-20(H-I),NA,NA,NA,clampToGround,-1,0,-1,0,NA,NA,1
R-1-20(HOD)(H-I),NA,NA,NA,clampToGround,-1,0,-1,0,NA,NA,1
R-1-20(H-I),NA,NA,NA,clampToGround,-1,0,-1,0,NA,NA,1
P-2001-34(HOD),NA,NA,NA,clampToGround,-1,0,-1,NA,NA,NA,NA
P-77-4,NA,NA,NA,clampToGround,-1,0,-1,NA,NA,NA,NA
R-1-10,NA,NA,NA,clampToGround,-1,0,-1,0,NA,NA,1
P-95-6,NA,NA,NA,clampToGround,-1,0,-1,NA,NA,NA,NA
P-76-4,NA,NA,NA,clampToGround,-1,0,-1,NA,NA,NA,NA
P-2000-240,NA,NA,NA,clampToGround,-1,0,-1,NA,NA,NA,NA
R-1-10,NA,NA,NA,clampToGround,-1,0,-1,0,NA,NA,1
R-1-X-8.8,NA,NA,NA,clampToGround,-1,0,-1,0,NA,NA,1
R-1-10,NA,NA,NA,clampToGround,-1,0,-1,0,NA,NA,1
P-78-3,NA,NA,NA,clampToGround,-1,0,-1,NA,NA,NA,NA
R-1-6,NA,NA,NA,clampToGround,-1,0,-1,0,NA,NA,1
P-2000-306,NA,NA,NA,clampToGround,-1,0,-1,NA,NA,NA,NA
P-92-4,NA,NA,NA,clampToGround,-1,0,-1,NA,NA,NA,NA
R-1-8,NA,NA,NA,clampToGround,-1,0,-1,0,NA,NA,1
R-1-8,NA,NA,NA,clampToGround,-1,0,-1,0,NA,NA,1
P-88-14,NA,NA,NA,clampToGround,-1,0,-1,NA,NA,NA,NA
R-1-8(H-I),NA,NA,NA,clampToGround,-1,0,-1,0,NA,NA,1
R-1-8(H-I),NA,NA,NA,clampToGround,-1,0,-1,0,NA,NA,1
R-1-8(H-I),NA,NA,NA,clampToGround,-1,0,-1,0,NA,NA,1
R-1-8(HOD)(H-I),NA,NA,NA,clampToGround,-1,0,-1,0,NA,NA,1
P-2012-197,NA,NA,NA,clampToGround,-1,0,-1,NA,NA,NA,NA
R-1-6,NA,NA,NA,clampToGround,-1,0,-1,0,NA,NA,1
R-1-8,NA,NA,NA,clampToGround,-1,0,-1,0,NA,NA,1
R-1-6(H-I),NA,NA,NA,clampToGround,-1,0,-1,0,NA,NA,1
P-2003-266(HOD),NA,NA,NA,clampToGround,-1,0,-1,NA,NA,NA,NA
P-85-15,NA,NA,NA,clampToGround,-1,0,-1,NA,NA,NA,NA
R-1-6(HOD)(H-I),NA,NA,NA,clampToGround,-1,0,-1,0,NA,NA,1
R-1-8(H-I)(MP),NA,NA,NA,clampToGround,-1,0,-1,0,NA,NA,1
R-1-X-5(H-I),NA,NA,NA,clampToGround,-1,0,-1,0,NA,NA,1
R-1-8(H-I),NA,NA,NA,clampToGround,-1,0,-1,0,NA,NA,1
R-1-8(H-I),NA,NA,NA,clampToGround,-1,0,-1,0,NA,NA,1
R-1-6,NA,NA,NA,clampToGround,-1,0,-1,0,NA,NA,1
P-2004-196,NA,NA,NA,clampToGround,-1,0,-1,NA,NA,NA,NA
P-2004-196(HOD),NA,NA,NA,clampToGround,-1,0,-1,NA,NA,NA,NA
R-1-6(H-I),NA,NA,NA,clampToGround,-1,0,-1,0,NA,NA,1
R-1-6(HOD)(H-I),NA,NA,NA,clampToGround,-1,0,-1,0,NA,NA,1
P-85-23(HOD),NA,NA,NA,clampToGround,-1,0,-1,NA,NA,NA,NA
P-96-13,NA,NA,NA,clampToGround,-1,0,-1,NA,NA,NA,NA
R-1-6(H-I),NA,NA,NA,clampToGround,-1,0,-1,0,NA,NA,1
R-1-6(HOD)(H-I),NA,NA,NA,clampToGround,-1,0,-1,0,NA,NA,1
P-65-9,NA,NA,NA,clampToGround,-1,0,-1,NA,NA,NA,NA
P-65-9,NA,NA,NA,clampToGround,-1,0,-1,NA,NA,NA,NA
R-1-6,NA,NA,NA,clampToGround,-1,0,-1,0,NA,NA,1
P-84-9,NA,NA,NA,clampToGround,-1,0,-1,NA,NA,NA,NA
P-2003-154,NA,NA,NA,clampToGround,-1,0,-1,NA,NA,NA,NA
R-1-6,NA,NA,NA,clampToGround,-1,0,-1,0,NA,NA,1
R-3-18,NA,NA,NA,clampToGround,-1,0,-1,0,NA,NA,2
R-1-6,NA,NA,NA,clampToGround,-1,0,-1,0,NA,NA,1
R-1-6(HOD)(H-I),NA,NA,NA,clampToGround,-1,0,-1,0,NA,NA,1
R-1-6,NA,NA,NA,clampToGround,-1,0,-1,0,NA,NA,1
P-65-4,NA,NA,NA,clampToGround,-1,0,-1,NA,NA,NA,NA
R-1-6,NA,NA,NA,clampToGround,-1,0,-1,0,NA,NA,1
R-2,NA,NA,NA,clampToGround,-1,0,-1,0,NA,NA,2
P-2005-80,NA,NA,NA,clampToGround,-1,0,-1,NA,NA,NA,NA
R-1-6,NA,NA,NA,clampToGround,-1,0,-1,0,NA,NA,1
R-1-6(H-I),NA,NA,NA,clampToGround,-1,0,-1,0,NA,NA,1
R-1-X-6(H-I),NA,NA,NA,clampToGround,-1,0,-1,0,NA,NA,1
R-2(H-I),NA,NA,NA,clampToGround,-1,0,-1,0,NA,NA,2
R-1-6,NA,NA,NA,clampToGround,-1,0,-1,0,NA,NA,1
P-77-6,NA,NA,NA,clampToGround,-1,0,-1,NA,NA,NA,NA
R-2,NA,NA,NA,clampToGround,-1,0,-1,0,NA,NA,2
P-81-8,NA,NA,NA,clampToGround,-1,0,-1,NA,NA,NA,NA
P-89-20,NA,NA,NA,clampToGround,-1,0,-1,NA,NA,NA,NA
P-70-6,NA,NA,NA,clampToGround,-1,0,-1,NA,NA,NA,NA
P-66-1,NA,NA,NA,clampToGround,-1,0,-1,NA,NA,NA,NA
R-1-6,NA,NA,NA,clampToGround,-1,0,-1,0,NA,NA,1
R-1-6,NA,NA,NA,clampToGround,-1,0,-1,0,NA,NA,1
R-1-8,NA,NA,NA,clampToGround,-1,0,-1,0,NA,NA,1
P-71-3(HOD),NA,NA,NA,clampToGround,-1,0,-1,NA,NA,NA,NA
R-1-6,NA,NA,NA,clampToGround,-1,0,-1,0,NA,NA,1
P-2007-263,NA,NA,NA,clampToGround,-1,0,-1,NA,NA,NA,NA
R-1-6(GG),NA,NA,NA,clampToGround,-1,0,-1,0,NA,NA,1
R-1-6,NA,NA,NA,clampToGround,-1,0,-1,0,NA,NA,1
R-1-6,NA,NA,NA,clampToGround,-1,0,-1,0,NA,NA,1
R-1-6,NA,NA,NA,clampToGround,-1,0,-1,0,NA,NA,1
R-1-6,NA,NA,NA,clampToGround,-1,0,-1,0,NA,NA,1
R-1-6,NA,NA,NA,clampToGround,-1,0,-1,0,NA,NA,1
R-1-6,NA,NA,NA,clampToGround,-1,0,-1,0,NA,NA,1
R-1-6,NA,NA,NA,clampToGround,-1,0,-1,0,NA,NA,1
R-1-6,NA,NA,NA,clampToGround,-1,0,-1,0,NA,NA,1
R-1-6,NA,NA,NA,clampToGround,-1,0,-1,0,NA,NA,1
R-1-6,NA,NA,NA,clampToGround,-1,0,-1,0,NA,NA,1
R-3-70,NA,NA,NA,clampToGround,-1,0,-1,0,NA,NA,2
P-81-15J,NA,NA,NA,clampToGround,-1,0,-1,NA,NA,NA,NA
P-81-15JJ,NA,NA,NA,clampToGround,-1,0,-1,NA,NA,NA,NA
R-1-6(H-I),NA,NA,NA,clampToGround,-1,0,-1,0,NA,NA,1
R-1-6(H-I),NA,NA,NA,clampToGround,-1,0,-1,0,NA,NA,1
R-1-6,NA,NA,NA,clampToGround,-1,0,-1,0,NA,NA,1
R-1-6(H-I),NA,NA,NA,clampToGround,-1,0,-1,0,NA,NA,1
R-1-6(H-I),NA,NA,NA,clampToGround,-1,0,-1,0,NA,NA,1
P-81-3,NA,NA,NA,clampToGround,-1,0,-1,NA,NA,NA,NA
P-71-6,NA,NA,NA,clampToGround,-1,0,-1,NA,NA,NA,NA
R-1-6,NA,NA,NA,clampToGround,-1,0,-1,0,NA,NA,1
R-1-6,NA,NA,NA,clampToGround,-1,0,-1,0,NA,NA,1
R-1-X-38.25,NA,NA,NA,clampToGround,-1,0,-1,0,NA,NA,1
R-1-X-38.25,NA,NA,NA,clampToGround,-1,0,-1,0,NA,NA,1
R-1-X-40.80,NA,NA,NA,clampToGround,-1,0,-1,0,NA,NA,1
RR COR,NA,NA,NA,clampToGround,-1,0,-1,0,NA,NA,3
P-69-2,NA,NA,NA,clampToGround,-1,0,-1,NA,NA,NA,NA
R-3-15,NA,NA,NA,clampToGround,-1,0,-1,0,NA,NA,2
P-81-7,NA,NA,NA,clampToGround,-1,0,-1,NA,NA,NA,NA
P-80-7(HOD),NA,NA,NA,clampToGround,-1,0,-1,NA,NA,NA,NA
P-83-10,NA,NA,NA,clampToGround,-1,0,-1,NA,NA,NA,NA
R-G-X-27,NA,NA,NA,clampToGround,-1,0,-1,0,NA,NA,2
P-84-3,NA,NA,NA,clampToGround,-1,0,-1,NA,NA,NA,NA
P-85-6,NA,NA,NA,clampToGround,-1,0,-1,NA,NA,NA,NA
R-G-40,NA,NA,NA,clampToGround,-1,0,-1,0,NA,NA,2
R-3-11,NA,NA,NA,clampToGround,-1,0,-1,0,NA,NA,2
R-1-6,NA,NA,NA,clampToGround,-1,0,-1,0,NA,NA,1
R-3-11,NA,NA,NA,clampToGround,-1,0,-1,0,NA,NA,2
P-65-1,NA,NA,NA,clampToGround,-1,0,-1,NA,NA,NA,NA
R-G-40,NA,NA,NA,clampToGround,-1,0,-1,0,NA,NA,2
R-G-29,NA,NA,NA,clampToGround,-1,0,-1,0,NA,NA,2
R-G-29,NA,NA,NA,clampToGround,-1,0,-1,0,NA,NA,2
R-G-29,NA,NA,NA,clampToGround,-1,0,-1,0,NA,NA,2
P-95-11,NA,NA,NA,clampToGround,-1,0,-1,NA,NA,NA,NA
P-2000-224,NA,NA,NA,clampToGround,-1,0,-1,NA,NA,NA,NA
P-2000-267,NA,NA,NA,clampToGround,-1,0,-1,NA,NA,NA,NA
P-91-2,NA,NA,NA,clampToGround,-1,0,-1,NA,NA,NA,NA
P-2007-195,NA,NA,NA,clampToGround,-1,0,-1,NA,NA,NA,NA
R-3-18,NA,NA,NA,clampToGround,-1,0,-1,0,NA,NA,2
R-G-29,NA,NA,NA,clampToGround,-1,0,-1,0,NA,NA,2
R-3-18,NA,NA,NA,clampToGround,-1,0,-1,0,NA,NA,2
R-G-29,NA,NA,NA,clampToGround,-1,0,-1,0,NA,NA,2
R-G-29,NA,NA,NA,clampToGround,-1,0,-1,0,NA,NA,2
R-3-23,NA,NA,NA,clampToGround,-1,0,-1,0,NA,NA,2
R-G-29,NA,NA,NA,clampToGround,-1,0,-1,0,NA,NA,2
R-G-29,NA,NA,NA,clampToGround,-1,0,-1,0,NA,NA,2
R-3-18,NA,NA,NA,clampToGround,-1,0,-1,0,NA,NA,2
R-3-18,NA,NA,NA,clampToGround,-1,0,-1,0,NA,NA,2
R-G-29,NA,NA,NA,clampToGround,-1,0,-1,0,NA,NA,2
R-3-18,NA,NA,NA,clampToGround,-1,0,-1,0,NA,NA,2
R-G-29,NA,NA,NA,clampToGround,-1,0,-1,0,NA,NA,2
R-3-18,NA,NA,NA,clampToGround,-1,0,-1,0,NA,NA,2
R-3-18,NA,NA,NA,clampToGround,-1,0,-1,0,NA,NA,2
R-3-18,NA,NA,NA,clampToGround,-1,0,-1,0,NA,NA,2
R-3-18,NA,NA,NA,clampToGround,-1,0,-1,0,NA,NA,2
P-2003-266(HOD),NA,NA,NA,clampToGround,-1,0,-1,NA,NA,NA,NA
P(HOD),NA,NA,NA,clampToGround,-1,0,-1,NA,NA,NA,NA
R-G-29(HOD)(H-I),NA,NA,NA,clampToGround,-1,0,-1,0,NA,NA,2
R-G-X-17.9(HOD)(H-I),NA,NA,NA,clampToGround,-1,0,-1,0,NA,NA,2
P-96-1(HOD),NA,NA,NA,clampToGround,-1,0,-1,NA,NA,NA,NA
R-3-14(HOD)(H-I),NA,NA,NA,clampToGround,-1,0,-1,0,NA,NA,2
R-G-29(HOD)(H-I),NA,NA,NA,clampToGround,-1,0,-1,0,NA,NA,2
R-3-18,NA,NA,NA,clampToGround,-1,0,-1,0,NA,NA,2
R-G-X-34.15,NA,NA,NA,clampToGround,-1,0,-1,0,NA,NA,2
P-2005-27,NA,NA,NA,clampToGround,-1,0,-1,NA,NA,NA,NA
P-84-7,NA,NA,NA,clampToGround,-1,0,-1,NA,NA,NA,NA
P-2006-167,NA,NA,NA,clampToGround,-1,0,-1,NA,NA,NA,NA
R-3-18,NA,NA,NA,clampToGround,-1,0,-1,0,NA,NA,2
R-3-18,NA,NA,NA,clampToGround,-1,0,-1,0,NA,NA,2
R-G-29,NA,NA,NA,clampToGround,-1,0,-1,0,NA,NA,2
R-G-29,NA,NA,NA,clampToGround,-1,0,-1,0,NA,NA,2
R-3-18,NA,NA,NA,clampToGround,-1,0,-1,0,NA,NA,2
R-G-29,NA,NA,NA,clampToGround,-1,0,-1,0,NA,NA,2
R-G-29,NA,NA,NA,clampToGround,-1,0,-1,0,NA,NA,2
R-3-18,NA,NA,NA,clampToGround,-1,0,-1,0,NA,NA,2
R-G-29,NA,NA,NA,clampToGround,-1,0,-1,0,NA,NA,2
R-3-18,NA,NA,NA,clampToGround,-1,0,-1,0,NA,NA,2
R-G-29,NA,NA,NA,clampToGround,-1,0,-1,0,NA,NA,2
R-3-18,NA,NA,NA,clampToGround,-1,0,-1,0,NA,NA,2
R-3-18,NA,NA,NA,clampToGround,-1,0,-1,0,NA,NA,2
R-G-29,NA,NA,NA,clampToGround,-1,0,-1,0,NA,NA,2
R-G-29,NA,NA,NA,clampToGround,-1,0,-1,0,NA,NA,2
R-G-29,NA,NA,NA,clampToGround,-1,0,-1,0,NA,NA,2
R-3-18,NA,NA,NA,clampToGround,-1,0,-1,0,NA,NA,2
R-3-18,NA,NA,NA,clampToGround,-1,0,-1,0,NA,NA,2
R-G-29,NA,NA,NA,clampToGround,-1,0,-1,0,NA,NA,2
R-G-29,NA,NA,NA,clampToGround,-1,0,-1,0,NA,NA,2
R-G-29(P-2009-72),NA,NA,NA,clampToGround,-1,0,-1,0,NA,NA,2
P-85-22,NA,NA,NA,clampToGround,-1,0,-1,NA,NA,NA,NA
R-G-29,NA,NA,NA,clampToGround,-1,0,-1,0,NA,NA,2
R-G-29,NA,NA,NA,clampToGround,-1,0,-1,0,NA,NA,2
R-3-35,NA,NA,NA,clampToGround,-1,0,-1,0,NA,NA,2
R-G-29,NA,NA,NA,clampToGround,-1,0,-1,0,NA,NA,2
P-79-8,NA,NA,NA,clampToGround,-1,0,-1,NA,NA,NA,NA
P-83-14,NA,NA,NA,clampToGround,-1,0,-1,NA,NA,NA,NA
R-G-29(P-2009-72),NA,NA,NA,clampToGround,-1,0,-1,0,NA,NA,2
R-G-29,NA,NA,NA,clampToGround,-1,0,-1,0,NA,NA,2
R-3-14,NA,NA,NA,clampToGround,-1,0,-1,0,NA,NA,2
R-G-29,NA,NA,NA,clampToGround,-1,0,-1,0,NA,NA,2
R-G-29,NA,NA,NA,clampToGround,-1,0,-1,0,NA,NA,2
P-2006-67,NA,NA,NA,clampToGround,-1,0,-1,NA,NA,NA,NA
P-2004-32,NA,NA,NA,clampToGround,-1,0,-1,NA,NA,NA,NA
P-2010-272,NA,NA,NA,clampToGround,-1,0,-1,NA,NA,NA,NA
P-99-2,NA,NA,NA,clampToGround,-1,0,-1,NA,NA,NA,NA
R-3-18,NA,NA,NA,clampToGround,-1,0,-1,0,NA,NA,2
R-G-24,NA,NA,NA,clampToGround,-1,0,-1,0,NA,NA,2
R-3-18,NA,NA,NA,clampToGround,-1,0,-1,0,NA,NA,2
R-3-18,NA,NA,NA,clampToGround,-1,0,-1,0,NA,NA,2
R-G-24(HOD)(H-I),NA,NA,NA,clampToGround,-1,0,-1,0,NA,NA,2
R-G-24,NA,NA,NA,clampToGround,-1,0,-1,0,NA,NA,2
R-3-18,NA,NA,NA,clampToGround,-1,0,-1,0,NA,NA,2
R-G-24,NA,NA,NA,clampToGround,-1,0,-1,0,NA,NA,2
R-G-24(HOD)(H-I),NA,NA,NA,clampToGround,-1,0,-1,0,NA,NA,2
P-2002-91,NA,NA,NA,clampToGround,-1,0,-1,NA,NA,NA,NA
P-2000-9,NA,NA,NA,clampToGround,-1,0,-1,NA,NA,NA,NA
R-2,NA,NA,NA,clampToGround,-1,0,-1,0,NA,NA,2
P-2013-161,NA,NA,NA,clampToGround,-1,0,-1,NA,NA,NA,NA
P-65-10,NA,NA,NA,clampToGround,-1,0,-1,NA,NA,NA,NA
P-81-9,NA,NA,NA,clampToGround,-1,0,-1,NA,NA,NA,NA
P-83-4,NA,NA,NA,clampToGround,-1,0,-1,NA,NA,NA,NA
R-G-24,NA,NA,NA,clampToGround,-1,0,-1,0,NA,NA,2
R-G-24,NA,NA,NA,clampToGround,-1,0,-1,0,NA,NA,2
P-93-3,NA,NA,NA,clampToGround,-1,0,-1,NA,NA,NA,NA
R-3-50,NA,NA,NA,clampToGround,-1,0,-1,0,NA,NA,2
R-3-35,NA,NA,NA,clampToGround,-1,0,-1,0,NA,NA,2
P-85-3,NA,NA,NA,clampToGround,-1,0,-1,NA,NA,NA,NA
R-3-23,NA,NA,NA,clampToGround,-1,0,-1,0,NA,NA,2
P-63-4,NA,NA,NA,clampToGround,-1,0,-1,NA,NA,NA,NA
R-3-23,NA,NA,NA,clampToGround,-1,0,-1,0,NA,NA,2
P-68-2,NA,NA,NA,clampToGround,-1,0,-1,NA,NA,NA,NA
P-82-1B,NA,NA,NA,clampToGround,-1,0,-1,NA,NA,NA,NA
P-82-1E,NA,NA,NA,clampToGround,-1,0,-1,NA,NA,NA,NA
P-82-3,NA,NA,NA,clampToGround,-1,0,-1,NA,NA,NA,NA
P-82-4,NA,NA,NA,clampToGround,-1,0,-1,NA,NA,NA,NA
R-1-6,NA,NA,NA,clampToGround,-1,0,-1,0,NA,NA,1
P-94-1,NA,NA,NA,clampToGround,-1,0,-1,NA,NA,NA,NA
R-G-24,NA,NA,NA,clampToGround,-1,0,-1,0,NA,NA,2
R-G-19,NA,NA,NA,clampToGround,-1,0,-1,0,NA,NA,2
P-2014-99,NA,NA,NA,clampToGround,-1,0,-1,NA,NA,NA,NA
P-2006-32,NA,NA,NA,clampToGround,-1,0,-1,NA,NA,NA,NA
P-2007-126,NA,NA,NA,clampToGround,-1,0,-1,NA,NA,NA,NA
P,NA,NA,NA,clampToGround,-1,0,-1,NA,NA,NA,NA
P-2014-237,NA,NA,NA,clampToGround,-1,0,-1,NA,NA,NA,NA
R-3-18,NA,NA,NA,clampToGround,-1,0,-1,0,NA,NA,2
R-3-18,NA,NA,NA,clampToGround,-1,0,-1,0,NA,NA,2
P-69-7,NA,NA,NA,clampToGround,-1,0,-1,NA,NA,NA,NA
R-1-6,NA,NA,NA,clampToGround,-1,0,-1,0,NA,NA,1
P-2012-243,NA,NA,NA,clampToGround,-1,0,-1,NA,NA,NA,NA
P-69-2,NA,NA,NA,clampToGround,-1,0,-1,NA,NA,NA,NA
P-90-10,NA,NA,NA,clampToGround,-1,0,-1,NA,NA,NA,NA
P-79-16,NA,NA,NA,clampToGround,-1,0,-1,NA,NA,NA,NA
P-81-14(HOD),NA,NA,NA,clampToGround,-1,0,-1,NA,NA,NA,NA
C-G(HOD)(H-I),NA,NA,NA,clampToGround,-1,0,-1,NA,NA,NA,NA
P-92-5,NA,NA,NA,clampToGround,-1,0,-1,NA,NA,NA,NA
R-3-11(HOD)(H-I),NA,NA,NA,clampToGround,-1,0,-1,0,NA,NA,2
R-2,NA,NA,NA,clampToGround,-1,0,-1,0,NA,NA,2
P-2000-278,NA,NA,NA,clampToGround,-1,0,-1,NA,NA,NA,NA
P-2001-151,NA,NA,NA,clampToGround,-1,0,-1,NA,NA,NA,NA
P-70-4,NA,NA,NA,clampToGround,-1,0,-1,NA,NA,NA,NA
P-70-4(HOD),NA,NA,NA,clampToGround,-1,0,-1,NA,NA,NA,NA
P-87-23(HOD),NA,NA,NA,clampToGround,-1,0,-1,NA,NA,NA,NA
R-G-X-30.92,NA,NA,NA,clampToGround,-1,0,-1,0,NA,NA,2
R-2,NA,NA,NA,clampToGround,-1,0,-1,0,NA,NA,2
P-69-6,NA,NA,NA,clampToGround,-1,0,-1,NA,NA,NA,NA
P-89-9,NA,NA,NA,clampToGround,-1,0,-1,NA,NA,NA,NA
R-3-11,NA,NA,NA,clampToGround,-1,0,-1,0,NA,NA,2
R-2,NA,NA,NA,clampToGround,-1,0,-1,0,NA,NA,2
P-96-14,NA,NA,NA,clampToGround,-1,0,-1,NA,NA,NA,NA
P-96-5,NA,NA,NA,clampToGround,-1,0,-1,NA,NA,NA,NA
R-3-10,NA,NA,NA,clampToGround,-1,0,-1,0,NA,NA,2
R-G-40,NA,NA,NA,clampToGround,-1,0,-1,0,NA,NA,2
R-2,NA,NA,NA,clampToGround,-1,0,-1,0,NA,NA,2
P-2000-244,NA,NA,NA,clampToGround,-1,0,-1,NA,NA,NA,NA
P,NA,NA,NA,clampToGround,-1,0,-1,NA,NA,NA,NA
P,NA,NA,NA,clampToGround,-1,0,-1,NA,NA,NA,NA
P-98-9,NA,NA,NA,clampToGround,-1,0,-1,NA,NA,NA,NA
P-63-4,NA,NA,NA,clampToGround,-1,0,-1,NA,NA,NA,NA
R-2,NA,NA,NA,clampToGround,-1,0,-1,0,NA,NA,2
P-2003-200,NA,NA,NA,clampToGround,-1,0,-1,NA,NA,NA,NA
P-63-4,NA,NA,NA,clampToGround,-1,0,-1,NA,NA,NA,NA
R-2,NA,NA,NA,clampToGround,-1,0,-1,0,NA,NA,2
R-2,NA,NA,NA,clampToGround,-1,0,-1,0,NA,NA,2
P-94-1,NA,NA,NA,clampToGround,-1,0,-1,NA,NA,NA,NA
R-1-X-55.53,NA,NA,NA,clampToGround,-1,0,-1,0,NA,NA,1
R-2,NA,NA,NA,clampToGround,-1,0,-1,0,NA,NA,2
P-76-1,NA,NA,NA,clampToGround,-1,0,-1,NA,NA,NA,NA
P-80-19,NA,NA,NA,clampToGround,-1,0,-1,NA,NA,NA,NA
P-85-26,NA,NA,NA,clampToGround,-1,0,-1,NA,NA,NA,NA
P-71-3,NA,NA,NA,clampToGround,-1,0,-1,NA,NA,NA,NA
R-1-6(H-I),NA,NA,NA,clampToGround,-1,0,-1,0,NA,NA,1
P-68-4,NA,NA,NA,clampToGround,-1,0,-1,NA,NA,NA,NA
P-87-8,NA,NA,NA,clampToGround,-1,0,-1,NA,NA,NA,NA
R-1-6(H-I),NA,NA,NA,clampToGround,-1,0,-1,0,NA,NA,1
P-2012-197,NA,NA,NA,clampToGround,-1,0,-1,NA,NA,NA,NA
P-88-3(HOD),NA,NA,NA,clampToGround,-1,0,-1,NA,NA,NA,NA
R-1-8(HOD),NA,NA,NA,clampToGround,-1,0,-1,0,NA,NA,1
R-2(HOD),NA,NA,NA,clampToGround,-1,0,-1,0,NA,NA,2
P-2014-230(HOD),NA,NA,NA,clampToGround,-1,0,-1,NA,NA,NA,NA
R-1-6,NA,NA,NA,clampToGround,-1,0,-1,0,NA,NA,1
P-78-3,NA,NA,NA,clampToGround,-1,0,-1,NA,NA,NA,NA
P-81-10,NA,NA,NA,clampToGround,-1,0,-1,NA,NA,NA,NA
P-92-2,NA,NA,NA,clampToGround,-1,0,-1,NA,NA,NA,NA
R-1-6,NA,NA,NA,clampToGround,-1,0,-1,0,NA,NA,1
R-1-6,NA,NA,NA,clampToGround,-1,0,-1,0,NA,NA,1
P-79-9,NA,NA,NA,clampToGround,-1,0,-1,NA,NA,NA,NA
P-80-11,NA,NA,NA,clampToGround,-1,0,-1,NA,NA,NA,NA
P-85-11,NA,NA,NA,clampToGround,-1,0,-1,NA,NA,NA,NA
P-87-1,NA,NA,NA,clampToGround,-1,0,-1,NA,NA,NA,NA
P-88-6,NA,NA,NA,clampToGround,-1,0,-1,NA,NA,NA,NA
P-88-6,NA,NA,NA,clampToGround,-1,0,-1,NA,NA,NA,NA
P-97-5,NA,NA,NA,clampToGround,-1,0,-1,NA,NA,NA,NA
P-98-7,NA,NA,NA,clampToGround,-1,0,-1,NA,NA,NA,NA
R-1-6,NA,NA,NA,clampToGround,-1,0,-1,0,NA,NA,1
R-1-6,NA,NA,NA,clampToGround,-1,0,-1,0,NA,NA,1
P-2013-189(HOD),NA,NA,NA,clampToGround,-1,0,-1,NA,NA,NA,NA
R-3-70,NA,NA,NA,clampToGround,-1,0,-1,0,NA,NA,2
R-2(HOD)(H-I),NA,NA,NA,clampToGround,-1,0,-1,0,NA,NA,2
R-2(HOD)(H-I),NA,NA,NA,clampToGround,-1,0,-1,0,NA,NA,2
P-81-6,NA,NA,NA,clampToGround,-1,0,-1,NA,NA,NA,NA
P-89-11,NA,NA,NA,clampToGround,-1,0,-1,NA,NA,NA,NA
P-96-6,NA,NA,NA,clampToGround,-1,0,-1,NA,NA,NA,NA
R-3-18,NA,NA,NA,clampToGround,-1,0,-1,0,NA,NA,2
R-2(HOD)(H-I),NA,NA,NA,clampToGround,-1,0,-1,0,NA,NA,2
R-2(HOD)(H-I),NA,NA,NA,clampToGround,-1,0,-1,0,NA,NA,2
R-2(HOD)(H-I),NA,NA,NA,clampToGround,-1,0,-1,0,NA,NA,2
R-G-15,NA,NA,NA,clampToGround,-1,0,-1,0,NA,NA,2
R-3-70,NA,NA,NA,clampToGround,-1,0,-1,0,NA,NA,2
R-3-70,NA,NA,NA,clampToGround,-1,0,-1,0,NA,NA,2
P-88-18,NA,NA,NA,clampToGround,-1,0,-1,NA,NA,NA,NA
R-G-15,NA,NA,NA,clampToGround,-1,0,-1,0,NA,NA,2
R-G-X-12.51,NA,NA,NA,clampToGround,-1,0,-1,0,NA,NA,2
R-G-X-13.78,NA,NA,NA,clampToGround,-1,0,-1,0,NA,NA,2
R-G-X-13.96,NA,NA,NA,clampToGround,-1,0,-1,0,NA,NA,2
P-69-5,NA,NA,NA,clampToGround,-1,0,-1,NA,NA,NA,NA
R-G-16,NA,NA,NA,clampToGround,-1,0,-1,0,NA,NA,2
R-G-X-16.77,NA,NA,NA,clampToGround,-1,0,-1,0,NA,NA,2
P-98-11,NA,NA,NA,clampToGround,-1,0,-1,NA,NA,NA,NA
R-3-35,NA,NA,NA,clampToGround,-1,0,-1,0,NA,NA,2
R-G-16,NA,NA,NA,clampToGround,-1,0,-1,0,NA,NA,2
R-G-16,NA,NA,NA,clampToGround,-1,0,-1,0,NA,NA,2
R-3-35,NA,NA,NA,clampToGround,-1,0,-1,0,NA,NA,2
R-3-30,NA,NA,NA,clampToGround,-1,0,-1,0,NA,NA,2
R-3-30,NA,NA,NA,clampToGround,-1,0,-1,0,NA,NA,2
R-G-X-18.64,NA,NA,NA,clampToGround,-1,0,-1,0,NA,NA,2
P-69-1,NA,NA,NA,clampToGround,-1,0,-1,NA,NA,NA,NA
R-G-16,NA,NA,NA,clampToGround,-1,0,-1,0,NA,NA,2
R-3-30,NA,NA,NA,clampToGround,-1,0,-1,0,NA,NA,2
P-2003-200,NA,NA,NA,clampToGround,-1,0,-1,NA,NA,NA,NA
R-G-29(H-I),NA,NA,NA,clampToGround,-1,0,-1,0,NA,NA,2
R-3-14(H-I),NA,NA,NA,clampToGround,-1,0,-1,0,NA,NA,2
P-90-19,NA,NA,NA,clampToGround,-1,0,-1,NA,NA,NA,NA
P-82-4,NA,NA,NA,clampToGround,-1,0,-1,NA,NA,NA,NA
P-90-2,NA,NA,NA,clampToGround,-1,0,-1,NA,NA,NA,NA
OS,NA,NA,NA,clampToGround,-1,0,-1,NA,NA,NA,NA
P-89-17,NA,NA,NA,clampToGround,-1,0,-1,NA,NA,NA,NA
P-90-9,NA,NA,NA,clampToGround,-1,0,-1,NA,NA,NA,NA
P-76-3,NA,NA,NA,clampToGround,-1,0,-1,NA,NA,NA,NA
P-90-13,NA,NA,NA,clampToGround,-1,0,-1,NA,NA,NA,NA
P-84-1,NA,NA,NA,clampToGround,-1,0,-1,NA,NA,NA,NA
R-1-20(H-I),NA,NA,NA,clampToGround,-1,0,-1,0,NA,NA,1
P-76-3,NA,NA,NA,clampToGround,-1,0,-1,NA,NA,NA,NA
OS,NA,NA,NA,clampToGround,-1,0,-1,NA,NA,NA,NA
P-87-3,NA,NA,NA,clampToGround,-1,0,-1,NA,NA,NA,NA
P-90-17,NA,NA,NA,clampToGround,-1,0,-1,NA,NA,NA,NA
P-96-11,NA,NA,NA,clampToGround,-1,0,-1,NA,NA,NA,NA
P-86-15,NA,NA,NA,clampToGround,-1,0,-1,NA,NA,NA,NA
P-90-14,NA,NA,NA,clampToGround,-1,0,-1,NA,NA,NA,NA
P-69-7,NA,NA,NA,clampToGround,-1,0,-1,NA,NA,NA,NA
R-1-6,NA,NA,NA,clampToGround,-1,0,-1,0,NA,NA,1
R-G-X-43.68,NA,NA,NA,clampToGround,-1,0,-1,0,NA,NA,2
P,NA,NA,NA,clampToGround,-1,0,-1,NA,NA,NA,NA
R-1-20(H-I),NA,NA,NA,clampToGround,-1,0,-1,0,NA,NA,1
P-89-21A,NA,NA,NA,clampToGround,-1,0,-1,NA,NA,NA,NA
P-76-3,NA,NA,NA,clampToGround,-1,0,-1,NA,NA,NA,NA
P-90-13,NA,NA,NA,clampToGround,-1,0,-1,NA,NA,NA,NA
P-76-3,NA,NA,NA,clampToGround,-1,0,-1,NA,NA,NA,NA
R-1-40(HOD)(H-I),NA,NA,NA,clampToGround,-1,0,-1,0,NA,NA,1
R-1-40(H-I),NA,NA,NA,clampToGround,-1,0,-1,0,NA,NA,1
R-1-40(H-I),NA,NA,NA,clampToGround,-1,0,-1,0,NA,NA,1
R-1-10(H-I),NA,NA,NA,clampToGround,-1,0,-1,0,NA,NA,1
P-86-3(HOD),NA,NA,NA,clampToGround,-1,0,-1,NA,NA,NA,NA
P-86-3,NA,NA,NA,clampToGround,-1,0,-1,NA,NA,NA,NA
P-2009-15,NA,NA,NA,clampToGround,-1,0,-1,NA,NA,NA,NA
P-2006-173,NA,NA,NA,clampToGround,-1,0,-1,NA,NA,NA,NA
P-80-14,NA,NA,NA,clampToGround,-1,0,-1,NA,NA,NA,NA
R-G-19,NA,NA,NA,clampToGround,-1,0,-1,0,NA,NA,2
R-G-19,NA,NA,NA,clampToGround,-1,0,-1,0,NA,NA,2
R-G-X-34.15,NA,NA,NA,clampToGround,-1,0,-1,0,NA,NA,2
R-G-X-43.68,NA,NA,NA,clampToGround,-1,0,-1,0,NA,NA,2
P-83-12,NA,NA,NA,clampToGround,-1,0,-1,NA,NA,NA,NA
P-83-2,NA,NA,NA,clampToGround,-1,0,-1,NA,NA,NA,NA
R-1-6,NA,NA,NA,clampToGround,-1,0,-1,0,NA,NA,1
P-2006-248,NA,NA,NA,clampToGround,-1,0,-1,NA,NA,NA,NA
R-3-35,NA,NA,NA,clampToGround,-1,0,-1,0,NA,NA,2
P-2006-274,NA,NA,NA,clampToGround,-1,0,-1,NA,NA,NA,NA
P-98-1,NA,NA,NA,clampToGround,-1,0,-1,NA,NA,NA,NA
P-2005-131,NA,NA,NA,clampToGround,-1,0,-1,NA,NA,NA,NA
P-2005-131,NA,NA,NA,clampToGround,-1,0,-1,NA,NA,NA,NA
P-77-4,NA,NA,NA,clampToGround,-1,0,-1,NA,NA,NA,NA
P-68-6,NA,NA,NA,clampToGround,-1,0,-1,NA,NA,NA,NA
R-1-6,NA,NA,NA,clampToGround,-1,0,-1,0,NA,NA,1
P-2014-262,NA,NA,NA,clampToGround,-1,0,-1,NA,NA,NA,NA
P-68-11,NA,NA,NA,clampToGround,-1,0,-1,NA,NA,NA,NA
P-2005-292,NA,NA,NA,clampToGround,-1,0,-1,NA,NA,NA,NA
R-G-X-32.23,NA,NA,NA,clampToGround,-1,0,-1,0,NA,NA,2
R-1-6,NA,NA,NA,clampToGround,-1,0,-1,0,NA,NA,1
P-69-7,NA,NA,NA,clampToGround,-1,0,-1,NA,NA,NA,NA
R-1-X-40.80,NA,NA,NA,clampToGround,-1,0,-1,0,NA,NA,1
R-1-6,NA,NA,NA,clampToGround,-1,0,-1,0,NA,NA,1
P-95-1,NA,NA,NA,clampToGround,-1,0,-1,NA,NA,NA,NA
P-66-1,NA,NA,NA,clampToGround,-1,0,-1,NA,NA,NA,NA
P-91-11,NA,NA,NA,clampToGround,-1,0,-1,NA,NA,NA,NA
P-84-4,NA,NA,NA,clampToGround,-1,0,-1,NA,NA,NA,NA
P-96-7,NA,NA,NA,clampToGround,-1,0,-1,NA,NA,NA,NA
R-1-X-38.25,NA,NA,NA,clampToGround,-1,0,-1,0,NA,NA,1
P-2006-44,NA,NA,NA,clampToGround,-1,0,-1,NA,NA,NA,NA
P-69-7,NA,NA,NA,clampToGround,-1,0,-1,NA,NA,NA,NA
R-1-6,NA,NA,NA,clampToGround,-1,0,-1,0,NA,NA,1
R-1-6,NA,NA,NA,clampToGround,-1,0,-1,0,NA,NA,1
R-1-6,NA,NA,NA,clampToGround,-1,0,-1,0,NA,NA,1
R-1-6,NA,NA,NA,clampToGround,-1,0,-1,0,NA,NA,1
R-1-6,NA,NA,NA,clampToGround,-1,0,-1,0,NA,NA,1
P-98-2,NA,NA,NA,clampToGround,-1,0,-1,NA,NA,NA,NA
R-1-6,NA,NA,NA,clampToGround,-1,0,-1,0,NA,NA,1
R-1-6,NA,NA,NA,clampToGround,-1,0,-1,0,NA,NA,1
R-1-6,NA,NA,NA,clampToGround,-1,0,-1,0,NA,NA,1
R-1-6(GG),NA,NA,NA,clampToGround,-1,0,-1,0,NA,NA,1
R-1-6,NA,NA,NA,clampToGround,-1,0,-1,0,NA,NA,1
R-2,NA,NA,NA,clampToGround,-1,0,-1,0,NA,NA,2
R-1-6,NA,NA,NA,clampToGround,-1,0,-1,0,NA,NA,1
R-1-6,NA,NA,NA,clampToGround,-1,0,-1,0,NA,NA,1
R-1-8,NA,NA,NA,clampToGround,-1,0,-1,0,NA,NA,1
R-1-6,NA,NA,NA,clampToGround,-1,0,-1,0,NA,NA,1
P-67-1,NA,NA,NA,clampToGround,-1,0,-1,NA,NA,NA,NA
R-1-6,NA,NA,NA,clampToGround,-1,0,-1,0,NA,NA,1
R-1-6,NA,NA,NA,clampToGround,-1,0,-1,0,NA,NA,1
P-2000-237,NA,NA,NA,clampToGround,-1,0,-1,NA,NA,NA,NA
P-71-3,NA,NA,NA,clampToGround,-1,0,-1,NA,NA,NA,NA
R-1-X-6.5(HOD)(H-I),NA,NA,NA,clampToGround,-1,0,-1,0,NA,NA,1
R-1-X-6.5(H-I),NA,NA,NA,clampToGround,-1,0,-1,0,NA,NA,1
R-1-8(H-I),NA,NA,NA,clampToGround,-1,0,-1,0,NA,NA,1
R-G-X-50.15,NA,NA,NA,clampToGround,-1,0,-1,0,NA,NA,2
P-91-9,NA,NA,NA,clampToGround,-1,0,-1,NA,NA,NA,NA
R-G-29(H-I),NA,NA,NA,clampToGround,-1,0,-1,0,NA,NA,2
R-1-10,NA,NA,NA,clampToGround,-1,0,-1,0,NA,NA,1
R-1-8,NA,NA,NA,clampToGround,-1,0,-1,0,NA,NA,1
R-1-6,NA,NA,NA,clampToGround,-1,0,-1,0,NA,NA,1
R-1-8,NA,NA,NA,clampToGround,-1,0,-1,0,NA,NA,1
P-78-4,NA,NA,NA,clampToGround,-1,0,-1,NA,NA,NA,NA
R-1-6(H-I),NA,NA,NA,clampToGround,-1,0,-1,0,NA,NA,1
P-2001-34(HOD),NA,NA,NA,clampToGround,-1,0,-1,NA,NA,NA,NA
R-1-10(HOD)(H-I),NA,NA,NA,clampToGround,-1,0,-1,0,NA,NA,1
R-1-8(HOD),NA,NA,NA,clampToGround,-1,0,-1,0,NA,NA,1
P-71-3(HOD),NA,NA,NA,clampToGround,-1,0,-1,NA,NA,NA,NA
P-81-8,NA,NA,NA,clampToGround,-1,0,-1,NA,NA,NA,NA
R-1-6,NA,NA,NA,clampToGround,-1,0,-1,0,NA,NA,1
P-98-5,NA,NA,NA,clampToGround,-1,0,-1,NA,NA,NA,NA
P-97-6,NA,NA,NA,clampToGround,-1,0,-1,NA,NA,NA,NA
P-81-15LL,NA,NA,NA,clampToGround,-1,0,-1,NA,NA,NA,NA
P-81-15P,NA,NA,NA,clampToGround,-1,0,-1,NA,NA,NA,NA
P-81-15ii,NA,NA,NA,clampToGround,-1,0,-1,NA,NA,NA,NA
P-83-13,NA,NA,NA,clampToGround,-1,0,-1,NA,NA,NA,NA
P-83-5,NA,NA,NA,clampToGround,-1,0,-1,NA,NA,NA,NA
R-3-18,NA,NA,NA,clampToGround,-1,0,-1,0,NA,NA,2
P-68-11,NA,NA,NA,clampToGround,-1,0,-1,NA,NA,NA,NA
R-3-35,NA,NA,NA,clampToGround,-1,0,-1,0,NA,NA,2
P-69-7,NA,NA,NA,clampToGround,-1,0,-1,NA,NA,NA,NA
R-3-18,NA,NA,NA,clampToGround,-1,0,-1,0,NA,NA,2
P-77-7,NA,NA,NA,clampToGround,-1,0,-1,NA,NA,NA,NA
P-90-9,NA,NA,NA,clampToGround,-1,0,-1,NA,NA,NA,NA
P-76-6,NA,NA,NA,clampToGround,-1,0,-1,NA,NA,NA,NA
R-3-18(HOD),NA,NA,NA,clampToGround,-1,0,-1,0,NA,NA,2
R-1-6,NA,NA,NA,clampToGround,-1,0,-1,0,NA,NA,1
R-1-10,NA,NA,NA,clampToGround,-1,0,-1,0,NA,NA,1
C-R,NA,NA,NA,clampToGround,-1,0,-1,NA,NA,NA,NA
R-2,NA,NA,NA,clampToGround,-1,0,-1,0,NA,NA,2
P-79-1,NA,NA,NA,clampToGround,-1,0,-1,NA,NA,NA,NA
R-G-X-43.68,NA,NA,NA,clampToGround,-1,0,-1,0,NA,NA,2
P-2004-307(I),NA,NA,NA,clampToGround,-1,0,-1,NA,NA,NA,NA
P-84-9,NA,NA,NA,clampToGround,-1,0,-1,NA,NA,NA,NA
P-84-9,NA,NA,NA,clampToGround,-1,0,-1,NA,NA,NA,NA
P-89-14,NA,NA,NA,clampToGround,-1,0,-1,NA,NA,NA,NA
P-68-1,NA,NA,NA,clampToGround,-1,0,-1,NA,NA,NA,NA
P-86-18,NA,NA,NA,clampToGround,-1,0,-1,NA,NA,NA,NA
P-87-2,NA,NA,NA,clampToGround,-1,0,-1,NA,NA,NA,NA
P-99-5,NA,NA,NA,clampToGround,-1,0,-1,NA,NA,NA,NA
R-1-6,NA,NA,NA,clampToGround,-1,0,-1,0,NA,NA,1
R-1-6,NA,NA,NA,clampToGround,-1,0,-1,0,NA,NA,1
R-1-6,NA,NA,NA,clampToGround,-1,0,-1,0,NA,NA,1
R-1-6,NA,NA,NA,clampToGround,-1,0,-1,0,NA,NA,1
R-3-23,NA,NA,NA,clampToGround,-1,0,-1,0,NA,NA,2
P-2005-186,NA,NA,NA,clampToGround,-1,0,-1,NA,NA,NA,NA
P-2005-186,NA,NA,NA,clampToGround,-1,0,-1,NA,NA,NA,NA
OS,NA,NA,NA,clampToGround,-1,0,-1,NA,NA,NA,NA
P-2014-250,NA,NA,NA,clampToGround,-1,0,-1,NA,NA,NA,NA
P-2000-181,NA,NA,NA,clampToGround,-1,0,-1,NA,NA,NA,NA
R-3-18,NA,NA,NA,clampToGround,-1,0,-1,0,NA,NA,2
P-63-2,NA,NA,NA,clampToGround,-1,0,-1,NA,NA,NA,NA
R-3-11,NA,NA,NA,clampToGround,-1,0,-1,0,NA,NA,2
R-3-11,NA,NA,NA,clampToGround,-1,0,-1,0,NA,NA,2
R-1-X-36.26,NA,NA,NA,clampToGround,-1,0,-1,0,NA,NA,1
P-82-6,NA,NA,NA,clampToGround,-1,0,-1,NA,NA,NA,NA
P-93-2,NA,NA,NA,clampToGround,-1,0,-1,NA,NA,NA,NA
P-63-2,NA,NA,NA,clampToGround,-1,0,-1,NA,NA,NA,NA
R-1-6,NA,NA,NA,clampToGround,-1,0,-1,0,NA,NA,1
R-1-X-38.4,NA,NA,NA,clampToGround,-1,0,-1,0,NA,NA,1
P-63-2,NA,NA,NA,clampToGround,-1,0,-1,NA,NA,NA,NA
P-2012-243,NA,NA,NA,clampToGround,-1,0,-1,NA,NA,NA,NA
P-82-8,NA,NA,NA,clampToGround,-1,0,-1,NA,NA,NA,NA
P-84-5,NA,NA,NA,clampToGround,-1,0,-1,NA,NA,NA,NA
R-G-24,NA,NA,NA,clampToGround,-1,0,-1,0,NA,NA,2
R-G-24,NA,NA,NA,clampToGround,-1,0,-1,0,NA,NA,2
R-3-18,NA,NA,NA,clampToGround,-1,0,-1,0,NA,NA,2
P-80-16,NA,NA,NA,clampToGround,-1,0,-1,NA,NA,NA,NA
R-G-24,NA,NA,NA,clampToGround,-1,0,-1,0,NA,NA,2
PF,NA,NA,NA,clampToGround,-1,0,-1,NA,NA,NA,NA
OS,NA,NA,NA,clampToGround,-1,0,-1,NA,NA,NA,NA
PF,NA,NA,NA,clampToGround,-1,0,-1,NA,NA,NA,NA
P-87-17(HOD),NA,NA,NA,clampToGround,-1,0,-1,NA,NA,NA,NA
OS,NA,NA,NA,clampToGround,-1,0,-1,NA,NA,NA,NA
R-1-6(HOD)(H-I),NA,NA,NA,clampToGround,-1,0,-1,0,NA,NA,1
R-1-6(H-I),NA,NA,NA,clampToGround,-1,0,-1,0,NA,NA,1
PF,NA,NA,NA,clampToGround,-1,0,-1,NA,NA,NA,NA
OS(HOD),NA,NA,NA,clampToGround,-1,0,-1,NA,NA,NA,NA
R-G-19,NA,NA,NA,clampToGround,-1,0,-1,0,NA,NA,2
P-91-14,NA,NA,NA,clampToGround,-1,0,-1,NA,NA,NA,NA
P,NA,NA,NA,clampToGround,-1,0,-1,NA,NA,NA,NA
P-2011-233,NA,NA,NA,clampToGround,-1,0,-1,NA,NA,NA,NA
OS,NA,NA,NA,clampToGround,-1,0,-1,NA,NA,NA,NA
P-83-14(Q),NA,NA,NA,clampToGround,-1,0,-1,NA,NA,NA,NA
OS,NA,NA,NA,clampToGround,-1,0,-1,NA,NA,NA,NA
P-84-14,NA,NA,NA,clampToGround,-1,0,-1,NA,NA,NA,NA
P-84-14,NA,NA,NA,clampToGround,-1,0,-1,NA,NA,NA,NA
P-84-14,NA,NA,NA,clampToGround,-1,0,-1,NA,NA,NA,NA
P-83-14,NA,NA,NA,clampToGround,-1,0,-1,NA,NA,NA,NA
P-84-2,NA,NA,NA,clampToGround,-1,0,-1,NA,NA,NA,NA
P-79-14,NA,NA,NA,clampToGround,-1,0,-1,NA,NA,NA,NA
P-69-2,NA,NA,NA,clampToGround,-1,0,-1,NA,NA,NA,NA
P-63-4,NA,NA,NA,clampToGround,-1,0,-1,NA,NA,NA,NA
P-79-1,NA,NA,NA,clampToGround,-1,0,-1,NA,NA,NA,NA
R-1-X-6.5,NA,NA,NA,clampToGround,-1,0,-1,0,NA,NA,1
P-2013-4,NA,NA,NA,clampToGround,-1,0,-1,NA,NA,NA,NA
OS,NA,NA,NA,clampToGround,-1,0,-1,NA,NA,NA,NA
P-2014-59,NA,NA,NA,clampToGround,-1,0,-1,NA,NA,NA,NA
C-G(P-2014-153),NA,NA,NA,clampToGround,-1,0,-1,NA,NA,NA,NA
P-2013-267(I),NA,NA,NA,clampToGround,-1,0,-1,NA,NA,NA,NA
P-2015-283,NA,NA,NA,clampToGround,-1,0,-1,NA,NA,NA,NA
P-2016-184,NA,NA,NA,clampToGround,-1,0,-1,NA,NA,NA,NA
C-R,NA,NA,NA,clampToGround,-1,0,-1,NA,NA,NA,NA
I-G,NA,NA,NA,clampToGround,-1,0,-1,NA,NA,NA,NA
WSI-1,NA,NA,NA,clampToGround,-1,0,-1,NA,NA,NA,NA
WSI-4,NA,NA,NA,clampToGround,-1,0,-1,NA,NA,NA,NA
WSI-6,NA,NA,NA,clampToGround,-1,0,-1,NA,NA,NA,NA
WSI-4A,NA,NA,NA,clampToGround,-1,0,-1,NA,NA,NA,NA
WSI-2,NA,NA,NA,clampToGround,-1,0,-1,NA,NA,NA,NA
WSI-3,NA,NA,NA,clampToGround,-1,0,-1,NA,NA,NA,NA
WSI-5,NA,NA,NA,clampToGround,-1,0,-1,NA,NA,NA,NA
WSI-7,NA,NA,NA,clampToGround,-1,0,-1,NA,NA,NA,NA
WSI-7,NA,NA,NA,clampToGround,-1,0,-1,NA,NA,NA,NA
WSI-8,NA,NA,NA,clampToGround,-1,0,-1,NA,NA,NA,NA
WSI-9,NA,NA,NA,clampToGround,-1,0,-1,NA,NA,NA,NA
WSI-10,NA,NA,NA,clampToGround,-1,0,-1,NA,NA,NA,NA
WSI-10,NA,NA,NA,clampToGround,-1,0,-1,NA,NA,NA,NA
RR COR,NA,NA,NA,clampToGround,-1,0,-1,0,NA,NA,3
RR COR,NA,NA,NA,clampToGround,-1,0,-1,0,NA,NA,3
RR COR,NA,NA,NA,clampToGround,-1,0,-1,0,NA,NA,3
WSI-10,NA,NA,NA,clampToGround,-1,0,-1,NA,NA,NA,NA
RR COR,NA,NA,NA,clampToGround,-1,0,-1,0,NA,NA,3
WSI-6,NA,NA,NA,clampToGround,-1,0,-1,NA,NA,NA,NA
OS,NA,NA,NA,clampToGround,-1,0,-1,NA,NA,NA,NA
OS,NA,NA,NA,clampToGround,-1,0,-1,NA,NA,NA,NA
I-G,NA,NA,NA,clampToGround,-1,0,-1,NA,NA,NA,NA
I-G,NA,NA,NA,clampToGround,-1,0,-1,NA,NA,NA,NA
I-G,NA,NA,NA,clampToGround,-1,0,-1,NA,NA,NA,NA
P-95-5,NA,NA,NA,clampToGround,-1,0,-1,NA,NA,NA,NA
R-1-20(H-I),NA,NA,NA,clampToGround,-1,0,-1,0,NA,NA,1
P-91-1,NA,NA,NA,clampToGround,-1,0,-1,NA,NA,NA,NA
P-73-1,NA,NA,NA,clampToGround,-1,0,-1,NA,NA,NA,NA
P-91-1,NA,NA,NA,clampToGround,-1,0,-1,NA,NA,NA,NA
P-91-1,NA,NA,NA,clampToGround,-1,0,-1,NA,NA,NA,NA
OS,NA,NA,NA,clampToGround,-1,0,-1,NA,NA,NA,NA
P-91-1,NA,NA,NA,clampToGround,-1,0,-1,NA,NA,NA,NA
P-98-12,NA,NA,NA,clampToGround,-1,0,-1,NA,NA,NA,NA
P-2005-234,NA,NA,NA,clampToGround,-1,0,-1,NA,NA,NA,NA
P-96-8,NA,NA,NA,clampToGround,-1,0,-1,NA,NA,NA,NA
P-96-4,NA,NA,NA,clampToGround,-1,0,-1,NA,NA,NA,NA
OS,NA,NA,NA,clampToGround,-1,0,-1,NA,NA,NA,NA
P-73-1,NA,NA,NA,clampToGround,-1,0,-1,NA,NA,NA,NA
R-1-20(H-I),NA,NA,NA,clampToGround,-1,0,-1,0,NA,NA,1
R-1-20(H-I),NA,NA,NA,clampToGround,-1,0,-1,0,NA,NA,1
OS,NA,NA,NA,clampToGround,-1,0,-1,NA,NA,NA,NA
OS,NA,NA,NA,clampToGround,-1,0,-1,NA,NA,NA,NA
P-73-1,NA,NA,NA,clampToGround,-1,0,-1,NA,NA,NA,NA
R-1-6(H-I),NA,NA,NA,clampToGround,-1,0,-1,0,NA,NA,1
R-1-10(H-I),NA,NA,NA,clampToGround,-1,0,-1,0,NA,NA,1
R-1-10(H-I),NA,NA,NA,clampToGround,-1,0,-1,0,NA,NA,1
R-1-10(H-I),NA,NA,NA,clampToGround,-1,0,-1,0,NA,NA,1
R-1-X-7.5(H-I),NA,NA,NA,clampToGround,-1,0,-1,0,NA,NA,1
R-1-X-8.5(H-I),NA,NA,NA,clampToGround,-1,0,-1,0,NA,NA,1
P-98-12,NA,NA,NA,clampToGround,-1,0,-1,NA,NA,NA,NA
P-2005-234,NA,NA,NA,clampToGround,-1,0,-1,NA,NA,NA,NA
P-96-8,NA,NA,NA,clampToGround,-1,0,-1,NA,NA,NA,NA
R-1-6(H-I),NA,NA,NA,clampToGround,-1,0,-1,0,NA,NA,1
P-96-8,NA,NA,NA,clampToGround,-1,0,-1,NA,NA,NA,NA
P-96-4,NA,NA,NA,clampToGround,-1,0,-1,NA,NA,NA,NA
OS,NA,NA,NA,clampToGround,-1,0,-1,NA,NA,NA,NA
OS,NA,NA,NA,clampToGround,-1,0,-1,NA,NA,NA,NA
OS,NA,NA,NA,clampToGround,-1,0,-1,NA,NA,NA,NA
C-R,NA,NA,NA,clampToGround,-1,0,-1,NA,NA,NA,NA
C-R,NA,NA,NA,clampToGround,-1,0,-1,NA,NA,NA,NA
OS,NA,NA,NA,clampToGround,-1,0,-1,NA,NA,NA,NA
OS,NA,NA,NA,clampToGround,-1,0,-1,NA,NA,NA,NA
P-76-3,NA,NA,NA,clampToGround,-1,0,-1,NA,NA,NA,NA
P-77-7,NA,NA,NA,clampToGround,-1,0,-1,NA,NA,NA,NA
OS,NA,NA,NA,clampToGround,-1,0,-1,NA,NA,NA,NA
R-1-6(H-I),NA,NA,NA,clampToGround,-1,0,-1,0,NA,NA,1
C-G(H-I),NA,NA,NA,clampToGround,-1,0,-1,NA,NA,NA,NA
C-G(HOD)(H-I),NA,NA,NA,clampToGround,-1,0,-1,NA,NA,NA,NA
RR COR,NA,NA,NA,clampToGround,-1,0,-1,0,NA,NA,3
RR COR,NA,NA,NA,clampToGround,-1,0,-1,0,NA,NA,3
R-1-6(HOD),NA,NA,NA,clampToGround,-1,0,-1,0,NA,NA,1
OS,NA,NA,NA,clampToGround,-1,0,-1,NA,NA,NA,NA
OS,NA,NA,NA,clampToGround,-1,0,-1,NA,NA,NA,NA
R-1-6(HOD),NA,NA,NA,clampToGround,-1,0,-1,0,NA,NA,1
R-1-6(HOD),NA,NA,NA,clampToGround,-1,0,-1,0,NA,NA,1
R-1-6(HOD),NA,NA,NA,clampToGround,-1,0,-1,0,NA,NA,1
P-83-1(HOD),NA,NA,NA,clampToGround,-1,0,-1,NA,NA,NA,NA
P-79-17(HOD),NA,NA,NA,clampToGround,-1,0,-1,NA,NA,NA,NA
P-2014-338(HOD),NA,NA,NA,clampToGround,-1,0,-1,NA,NA,NA,NA
PF,NA,NA,NA,clampToGround,-1,0,-1,NA,NA,NA,NA
PF,NA,NA,NA,clampToGround,-1,0,-1,NA,NA,NA,NA
R-G-19,NA,NA,NA,clampToGround,-1,0,-1,0,NA,NA,2
PF,NA,NA,NA,clampToGround,-1,0,-1,NA,NA,NA,NA
PF,NA,NA,NA,clampToGround,-1,0,-1,NA,NA,NA,NA
OS,NA,NA,NA,clampToGround,-1,0,-1,NA,NA,NA,NA
P-77-7,NA,NA,NA,clampToGround,-1,0,-1,NA,NA,NA,NA
P-77-7,NA,NA,NA,clampToGround,-1,0,-1,NA,NA,NA,NA
C-G(HOD),NA,NA,NA,clampToGround,-1,0,-1,NA,NA,NA,NA
R-1-8(HOD),NA,NA,NA,clampToGround,-1,0,-1,0,NA,NA,1
P-2014-297,NA,NA,NA,clampToGround,-1,0,-1,NA,NA,NA,NA
ROW,NA,NA,NA,clampToGround,-1,0,-1,0,NA,NA,3
TC-T(I),NA,NA,NA,clampToGround,-1,0,-1,NA,NA,NA,NA
TC-T(I),NA,NA,NA,clampToGround,-1,0,-1,NA,NA,NA,NA
P-2017-165,NA,NA,NA,clampToGround,-1,0,-1,NA,NA,NA,NA
I-T,NA,NA,NA,clampToGround,-1,0,-1,NA,NA,NA,NA
R-3-50,NA,NA,NA,clampToGround,-1,0,-1,0,NA,NA,2
PF,NA,NA,NA,clampToGround,-1,0,-1,NA,NA,NA,NA
P-2017-297,NA,NA,NA,clampToGround,-1,0,-1,NA,NA,NA,NA
OS,NA,NA,NA,clampToGround,-1,0,-1,NA,NA,NA,NA
OS,NA,NA,NA,clampToGround,-1,0,-1,NA,NA,NA,NA
OS,NA,NA,NA,clampToGround,-1,0,-1,NA,NA,NA,NA
P-95-11,NA,NA,NA,clampToGround,-1,0,-1,NA,NA,NA,NA
OS(I),NA,NA,NA,clampToGround,-1,0,-1,NA,NA,NA,NA
OS,NA,NA,NA,clampToGround,-1,0,-1,NA,NA,NA,NA
OS,NA,NA,NA,clampToGround,-1,0,-1,NA,NA,NA,NA
P-2007-195,NA,NA,NA,clampToGround,-1,0,-1,NA,NA,NA,NA
R-G-19,NA,NA,NA,clampToGround,-1,0,-1,0,NA,NA,2
OS,NA,NA,NA,clampToGround,-1,0,-1,NA,NA,NA,NA
OS,NA,NA,NA,clampToGround,-1,0,-1,NA,NA,NA,NA
OS,NA,NA,NA,clampToGround,-1,0,-1,NA,NA,NA,NA
RR COR,NA,NA,NA,clampToGround,-1,0,-1,0,NA,NA,3
RR COR,NA,NA,NA,clampToGround,-1,0,-1,0,NA,NA,3
RR COR,NA,NA,NA,clampToGround,-1,0,-1,0,NA,NA,3
I-S,NA,NA,NA,clampToGround,-1,0,-1,NA,NA,NA,NA
C-R,NA,NA,NA,clampToGround,-1,0,-1,NA,NA,NA,NA
P-86-13,NA,NA,NA,clampToGround,-1,0,-1,NA,NA,NA,NA
P(Q),NA,NA,NA,clampToGround,-1,0,-1,NA,NA,NA,NA
P-83-14(Q),NA,NA,NA,clampToGround,-1,0,-1,NA,NA,NA,NA
P-86-13,NA,NA,NA,clampToGround,-1,0,-1,NA,NA,NA,NA
P-85-2,NA,NA,NA,clampToGround,-1,0,-1,NA,NA,NA,NA
P-2008-14,NA,NA,NA,clampToGround,-1,0,-1,NA,NA,NA,NA
R-1-8(MR),NA,NA,NA,clampToGround,-1,0,-1,0,NA,NA,1
R-1-8,NA,NA,NA,clampToGround,-1,0,-1,0,NA,NA,1
R-1-8,NA,NA,NA,clampToGround,-1,0,-1,0,NA,NA,1
C-N,NA,NA,NA,clampToGround,-1,0,-1,NA,NA,NA,NA
OS,NA,NA,NA,clampToGround,-1,0,-1,NA,NA,NA,NA
R-1-6,NA,NA,NA,clampToGround,-1,0,-1,0,NA,NA,1
OS,NA,NA,NA,clampToGround,-1,0,-1,NA,NA,NA,NA
ROW,NA,NA,NA,clampToGround,-1,0,-1,0,NA,NA,3
R-1-X-6.5,NA,NA,NA,clampToGround,-1,0,-1,0,NA,NA,1
R-1-X-6.5,NA,NA,NA,clampToGround,-1,0,-1,0,NA,NA,1
RR COR,NA,NA,NA,clampToGround,-1,0,-1,0,NA,NA,3
RR COR,NA,NA,NA,clampToGround,-1,0,-1,0,NA,NA,3
C-R,NA,NA,NA,clampToGround,-1,0,-1,NA,NA,NA,NA
I-T,NA,NA,NA,clampToGround,-1,0,-1,NA,NA,NA,NA
I-T,NA,NA,NA,clampToGround,-1,0,-1,NA,NA,NA,NA
OS,NA,NA,NA,clampToGround,-1,0,-1,NA,NA,NA,NA
PF,NA,NA,NA,clampToGround,-1,0,-1,NA,NA,NA,NA
PF,NA,NA,NA,clampToGround,-1,0,-1,NA,NA,NA,NA
R-1-8,NA,NA,NA,clampToGround,-1,0,-1,0,NA,NA,1
C-O,NA,NA,NA,clampToGround,-1,0,-1,NA,NA,NA,NA
P-2013-189(HOD),NA,NA,NA,clampToGround,-1,0,-1,NA,NA,NA,NA
OS,NA,NA,NA,clampToGround,-1,0,-1,NA,NA,NA,NA
OS,NA,NA,NA,clampToGround,-1,0,-1,NA,NA,NA,NA
OS,NA,NA,NA,clampToGround,-1,0,-1,NA,NA,NA,NA
OS,NA,NA,NA,clampToGround,-1,0,-1,NA,NA,NA,NA
OS,NA,NA,NA,clampToGround,-1,0,-1,NA,NA,NA,NA
OS,NA,NA,NA,clampToGround,-1,0,-1,NA,NA,NA,NA
OS,NA,NA,NA,clampToGround,-1,0,-1,NA,NA,NA,NA
OS,NA,NA,NA,clampToGround,-1,0,-1,NA,NA,NA,NA
OS,NA,NA,NA,clampToGround,-1,0,-1,NA,NA,NA,NA
R-3-14,NA,NA,NA,clampToGround,-1,0,-1,0,NA,NA,2
OS,NA,NA,NA,clampToGround,-1,0,-1,NA,NA,NA,NA
OS,NA,NA,NA,clampToGround,-1,0,-1,NA,NA,NA,NA
TC-P(I),NA,NA,NA,clampToGround,-1,0,-1,NA,NA,NA,NA
TC-T(I),NA,NA,NA,clampToGround,-1,0,-1,NA,NA,NA,NA
P-85-2,NA,NA,NA,clampToGround,-1,0,-1,NA,NA,NA,NA
P-85-2,NA,NA,NA,clampToGround,-1,0,-1,NA,NA,NA,NA
P-90-11(HOD),NA,NA,NA,clampToGround,-1,0,-1,NA,NA,NA,NA
P-92-4,NA,NA,NA,clampToGround,-1,0,-1,NA,NA,NA,NA
OS,NA,NA,NA,clampToGround,-1,0,-1,NA,NA,NA,NA
P-90-13,NA,NA,NA,clampToGround,-1,0,-1,NA,NA,NA,NA
P-87-17(HOD),NA,NA,NA,clampToGround,-1,0,-1,NA,NA,NA,NA
P-88-2,NA,NA,NA,clampToGround,-1,0,-1,NA,NA,NA,NA
OS,NA,NA,NA,clampToGround,-1,0,-1,NA,NA,NA,NA
OS,NA,NA,NA,clampToGround,-1,0,-1,NA,NA,NA,NA
OS,NA,NA,NA,clampToGround,-1,0,-1,NA,NA,NA,NA
P-86-13,NA,NA,NA,clampToGround,-1,0,-1,NA,NA,NA,NA
OS,NA,NA,NA,clampToGround,-1,0,-1,NA,NA,NA,NA
P-86-1,NA,NA,NA,clampToGround,-1,0,-1,NA,NA,NA,NA
I-T,NA,NA,NA,clampToGround,-1,0,-1,NA,NA,NA,NA
P-88-2,NA,NA,NA,clampToGround,-1,0,-1,NA,NA,NA,NA
P-88-2,NA,NA,NA,clampToGround,-1,0,-1,NA,NA,NA,NA
P-2016-304,NA,NA,NA,clampToGround,-1,0,-1,NA,NA,NA,NA
P-2016-270,NA,NA,NA,clampToGround,-1,0,-1,NA,NA,NA,NA
P-2014-195,NA,NA,NA,clampToGround,-1,0,-1,NA,NA,NA,NA
P-88-19,NA,NA,NA,clampToGround,-1,0,-1,NA,NA,NA,NA
P-85-12,NA,NA,NA,clampToGround,-1,0,-1,NA,NA,NA,NA
R-1-8(HOD),NA,NA,NA,clampToGround,-1,0,-1,0,NA,NA,1
R-1-8(HOD),NA,NA,NA,clampToGround,-1,0,-1,0,NA,NA,1
R-1-6(HOD),NA,NA,NA,clampToGround,-1,0,-1,0,NA,NA,1
R-1-6(HOD)(H-I),NA,NA,NA,clampToGround,-1,0,-1,0,NA,NA,1
R-1-6(H-I),NA,NA,NA,clampToGround,-1,0,-1,0,NA,NA,1
R-1-6-(H-I),NA,NA,NA,clampToGround,-1,0,-1,0,NA,NA,1
P-2000-214,NA,NA,NA,clampToGround,-1,0,-1,NA,NA,NA,NA
R-3-23,NA,NA,NA,clampToGround,-1,0,-1,0,NA,NA,2
P-2017-188,NA,NA,NA,clampToGround,-1,0,-1,NA,NA,NA,NA
P-2017-243,NA,NA,NA,clampToGround,-1,0,-1,NA,NA,NA,NA
C-G,NA,NA,NA,clampToGround,-1,0,-1,NA,NA,NA,NA
P-2016-392,NA,NA,NA,clampToGround,-1,0,-1,NA,NA,NA,NA
R-1-6(HOD),NA,NA,NA,clampToGround,-1,0,-1,0,NA,NA,1
R-3-70,NA,NA,NA,clampToGround,-1,0,-1,0,NA,NA,2
P-2018-292,NA,NA,NA,clampToGround,-1,0,-1,NA,NA,NA,NA
PF,NA,NA,NA,clampToGround,-1,0,-1,NA,NA,NA,NA
R-1-20(H-I),NA,NA,NA,clampToGround,-1,0,-1,0,NA,NA,1
R-1-20(H-I),NA,NA,NA,clampToGround,-1,0,-1,0,NA,NA,1
WSI-8,NA,NA,NA,clampToGround,-1,0,-1,NA,NA,NA,NA
P-68-1,NA,NA,NA,clampToGround,-1,0,-1,NA,NA,NA,NA
OS,NA,NA,NA,clampToGround,-1,0,-1,NA,NA,NA,NA
OS,NA,NA,NA,clampToGround,-1,0,-1,NA,NA,NA,NA
OS,NA,NA,NA,clampToGround,-1,0,-1,NA,NA,NA,NA
PF,NA,NA,NA,clampToGround,-1,0,-1,NA,NA,NA,NA
OS,NA,NA,NA,clampToGround,-1,0,-1,NA,NA,NA,NA
OS,NA,NA,NA,clampToGround,-1,0,-1,NA,NA,NA,NA
OS,NA,NA,NA,clampToGround,-1,0,-1,NA,NA,NA,NA
CC-UO,NA,NA,NA,clampToGround,-1,0,-1,NA,NA,NA,NA
