GlobalID,FeatureID,ZoningDist,ZoningCate,ZoningDesc,ZoningSubA,IsPreZoned,HasTransfe,PlanningNo,CreateDate,RevDate,RevBy,RevComment,Shape_STAr,Shape_STLe,Zoning
{B00D9ABA-3BD8-400C-A58C-370B1E1A5FD8},1,RS,RS,Residential,NA,No,No,NA,NA,NA,NA,NA,323345.408203,2446.98089465,1
{988D9410-142B-4EA6-ADF7-6DFFA2070FBC},2,RS,RS,Residential,NA,No,No,NA,NA,NA,NA,NA,30275.7949219,705.85621975,1
{C14D744C-E707-44E6-B9ED-813853539E73},3,RS,RS,Residential,NA,No,No,NA,NA,NA,NA,NA,88679.1582031,1242.23300025,1
{E859CACB-95BA-43D5-B777-49652E27407A},4,RS,RS,Residential,NA,No,No,NA,NA,NA,NA,NA,1495945.88965,8127.85300258,1
{4F63936C-71D1-4026-BA44-C6420E08745B},5,RS,RS,Residential,NA,No,No,NA,NA,NA,NA,NA,51299.4052734,939.869796885,1
{C7FCE47D-A4BE-476E-ADEC-1651B6F5169A},6,RS,RS,Residential,NA,No,No,NA,NA,NA,NA,NA,1172822.53809,5470.62869141,1
{B0DB83FC-1246-4AC2-9B87-CFC59487EA0B},7,PUD 3,PUD,Residential,NA,No,No,NA,NA,NA,NA,NA,937078.527344,4797.69007803,2
{CE1271F3-758E-49E4-B3A1-B415B4693E49},8,RS,RS,Residential,NA,No,No,NA,NA,NA,NA,NA,533897.946289,3052.67361495,1
{E081AB60-D63F-4D35-B246-CC0CD718180C},9,RS,RS,Residential,NA,No,No,NA,NA,NA,NA,NA,3185357.23535,8980.30990419,1
{8CC52D14-B213-4F9B-8424-BE5267D1977D},10,RS,RS,Residential,NA,No,No,NA,NA,2014-09-18,NA,NA,379659.59082,3357.45111006,1
{9802D94C-8AB7-4752-B024-899460BFA579},11,PDR-11-001,PDR,Planned Development,NA,No,No,NA,NA,2012-03-29,NA,NA,218113.987305,2421.21320015,1
{14EC542B-4253-45E2-9810-C96CE908586B},12,RS,RS,Residential,NA,No,No,NA,NA,NA,NA,NA,120843.915039,1469.45507344,1
{AEB03077-22E0-480E-9239-765C385C3E92},13,RS,RS,Residential,NA,No,No,NA,NA,NA,NA,NA,1366191.14258,9582.97652628,1
{725365E9-7A80-4A6A-8F1D-F656975274C7},14,RS,RS,Residential,NA,No,No,NA,NA,NA,NA,NA,803391.274414,4347.23547066,1
{DC604723-6157-4FD9-86D4-B3AEC80B2B26},15,RS,RS,Residential,NA,No,No,NA,NA,NA,NA,NA,37394.5625,786.595566189,1
{477FE581-475C-440D-A560-8C492B0C049C},16,RS,RS,Residential,NA,No,No,NA,NA,NA,NA,NA,740036.505859,4281.31871779,1
{198987A6-614B-4A94-88F8-B9D31D73E048},17,RS,RS,Residential,NA,No,No,NA,NA,NA,NA,NA,199254.848633,2587.08969084,1
{598296E9-79DC-4EB2-A942-98FB2EC7C5CC},18,RS,RS,Residential,NA,No,No,NA,NA,NA,NA,NA,215007.585938,2051.35425423,1
{75FFFA39-E230-4AAD-A9AE-6530358FF1BE},19,RS,RS,Residential,NA,No,No,NA,NA,NA,NA,NA,2089576.37695,6413.18295555,1
{C41E7B76-C038-4B88-A0D7-1F7A24CFE9A8},20,RS,RS,Residential,NA,No,No,NA,NA,2012-07-12,NA,NA,2681263.14648,12516.6748151,1
{B3461E61-86BA-42ED-935F-1A801ABC756F},21,RS,RS,Residential,NA,No,No,NA,NA,NA,NA,NA,128266.472656,1505.7234772,1
{FE34227D-C041-43E5-858E-A47FC963FB70},22,RS,RS,Residential,NA,No,No,NA,NA,NA,NA,NA,93486.6611328,1726.80258102,1
{099BC946-D1BA-4E3B-BE89-9195A6978D05},23,RS,RS,Residential,NA,No,No,NA,NA,NA,NA,NA,927307.628906,4512.96246244,1
{60D194DB-EF55-4C8A-BBF6-471D3A35AA91},24,T3N-HP-H,T3N,Mixed Use,NA,No,No,NA,NA,NA,NA,NA,9500.5,480.019922744,1
{D7FDA83C-E8C3-46E5-A558-720D5226B323},25,MFR,MFR,Residential,NA,No,No,NA,NA,2012-08-14,NA,NA,61824.5498047,1376.72608481,2
{9DA90AB7-491D-4A87-84F7-7ADAED55E09B},26,T4N,T4N,Mixed Use,NA,No,No,NA,NA,2012-01-19,NA,NA,91550.6503906,1339.97927123,2
{15C4E1A1-49D0-4A18-8AD9-604CB8236330},27,MFR,MFR,Residential,NA,No,No,NA,NA,2013-07-12,NA,NA,23975.5068359,620.13659974,2
{436E9725-0CFA-4DB0-B906-6F591C74CD19},28,T3N-HP-H,T3N,Mixed Use,NA,No,No,NA,NA,NA,NA,NA,19768.15625,595.363457882,1
{287C105C-CAAB-49FA-B754-D43F251CDF42},29,T3N-HP-H,T3N,Mixed Use,NA,No,No,NA,NA,NA,NA,NA,26599.9951172,659.99991256,NA
{8F540E65-9E07-4659-B92F-0FFA7745DD07},30,T3N-HP-L,T3N,Mixed Use,NA,No,No,NA,NA,NA,NA,NA,13205.0048828,518.999938373,1
{55BD9838-D54D-46CD-BC5E-344CC47A8300},31,RL,RL,Residential,NA,No,No,NA,NA,2014-09-18,NA,NA,42136589.749,67116.1403595,1
{DE9FE827-DFAA-4702-B6EB-A1C89B71A0CF},32,RL,RL,Residential,NA,No,No,NA,NA,NA,NA,NA,946569.012695,3964.46680438,1
{33FEBA77-DB3E-41E1-AF44-CECC12EDFFE2},33,RS,RS,Residential,NA,No,No,PUD 3,NA,2014-04-03,NA,NA,4562269.875,9752.55950455,1
{90142701-5DB1-41D7-BBE4-014FD28C111E},34,RS,RS,Residential,NA,No,No,PUD 3,NA,2014-04-03,NA,NA,3219014.79199,9868.89610152,1
{6D8E3DF3-6424-4E91-A6E7-733B7B428E09},35,RL,RL,Residential,NA,No,No,NA,NA,NA,NA,NA,175585.131836,1784.6767516,1
{9B96ECE8-1D91-4C7C-965F-113BE8D55D80},36,RL,RL,Residential,NA,No,No,NA,NA,NA,NA,NA,420707.648438,2596.39390868,1
{162EF5EA-B7DF-4583-80D8-8A5AABBF43A7},37,RL,RL,Residential,NA,No,No,NA,NA,NA,NA,NA,435813.022461,2640.66401251,1
{354AF69F-ABEC-4357-B461-A98DFF4437E0},38,RL,RL,Residential,NA,No,No,NA,NA,2014-09-18,NA,NA,2915180.95703,11850.307428,1
{D4DB2DF1-F174-4E70-8BD7-C949466A1C51},39,RL,RL,Residential,NA,No,No,NA,NA,NA,NA,NA,20548859.8945,35970.3096288,1
{6D650EA1-1F67-4A03-B5F8-2A80A357BB80},40,RG-10,RG,Residential,NA,No,No,NA,NA,NA,NA,NA,84351.0371094,1560.44816336,2
{B64BD54E-6A16-4780-853F-A0EC222E4C50},41,RG-16,RG,Residential,NA,No,No,NA,NA,NA,NA,NA,219229.046875,1886.65516984,2
{CC957188-BDF5-4CD3-9584-F11FCEB24A91},42,RG-16,RG,Residential,NA,No,No,NA,NA,NA,NA,NA,153322.757813,1566.27896203,2
{AF88DC6F-1807-445E-AFDD-C106EC3A26F7},43,RG-16,RG,Residential,NA,No,No,NA,NA,NA,NA,NA,138632.150391,1786.3208247,2
{47494D61-8004-4194-824A-A63559681D02},44,RG-12,RG,Residential,NA,No,No,NA,NA,NA,NA,NA,61131.9824219,1109.05891761,2
{66A7726A-12C4-4465-9959-B7F8F9488D15},45,RG-16,RG,Residential,NA,No,No,NA,NA,NA,NA,NA,171835.823242,2073.98757781,2
{060C63CB-D1EB-48C5-B198-18D9859A2957},46,RG-12,RG,Residential,NA,No,No,Bdry adjustment,NA,2014-09-25,NA,NA,51132.5507813,1009.69552702,2
{1AA312C4-C65B-491C-AC90-0CBE16388B11},47,RG-16,RG,Residential,NA,No,No,NA,NA,NA,NA,NA,321975.282227,3283.62879115,2
{7BBB7E97-B090-4943-B8A6-647125471B81},48,RG-10,RG,Residential,NA,No,No,NA,NA,NA,NA,NA,893001.594727,4314.28921023,2
{EB51F1ED-E8DC-4B79-95D1-A8DFC68DEE07},49,RG-12,RG,Residential,NA,No,No,NA,NA,NA,NA,NA,108384.765625,1338.45948835,2
{61A188DB-1E1C-41D6-8D24-BDA51A660A21},50,RG-10,RG,Residential,NA,No,No,NA,NA,NA,NA,NA,163933.620117,1711.6460615,2
{818FD4F5-ADD8-4169-8FCC-3E8CD35654E7},51,RG-16,RG,Residential,NA,No,No,NA,NA,NA,NA,NA,79601.0898438,1237.8329825,2
{C7E77E25-B255-4089-9FA5-7BBA7E1A728C},52,RG-16,RG,Residential,NA,No,No,NA,NA,NA,NA,NA,777738.420898,4034.09702692,2
{C23D37E6-EBCA-4432-BE39-B54AD68EAEB6},53,RG-16,RG,Residential,NA,No,No,NA,NA,NA,NA,NA,180182.095703,2079.31761665,2
{389E7643-0CAE-45EE-A828-2BB3E968A681},54,RG-12,RG,Residential,NA,No,No,NA,NA,NA,NA,NA,266591.339844,2252.26920971,2
{C9A6CF22-220F-45A0-B4B7-30914107B5BA},55,RG-10,RG,Residential,NA,No,No,NA,NA,NA,NA,NA,94371.3066406,1215.73274959,2
{B31AB02F-01A9-452C-99F2-0E5A91FFFD91},56,RG-16,RG,Residential,NA,No,No,NA,NA,NA,NA,NA,572460.935547,4096.363308,2
{04F9C7D9-99A4-4093-81B0-AA38433C8B9B},58,E,E,Public And Quasi-public,NA,No,No,NA,NA,2012-07-13,NA,NA,1648546.10352,5141.87861337,NA
{33A3B604-0F38-4C16-BCE3-CC75E11E2A34},59,RG-16,RG,Residential,NA,No,No,NA,NA,NA,NA,NA,225502.007813,2307.05475726,2
{EC217D89-70EC-4EC2-9EAE-B3558AB4E346},60,RG-16,RG,Residential,NA,No,No,NA,NA,2017-05-25,NA,NA,885111.135742,7183.9028247,2
{9BE00F52-53B2-4A0A-8959-83AB7B0E841A},61,RR-1,RR,Residential,NA,No,No,NA,NA,2014-04-03,NA,NA,359445.318359,2442.49972678,1
{C66F76E7-3783-48EA-9262-DA38178D17EA},62,RR-1,RR,Residential,NA,No,No,NA,NA,2014-04-03,NA,NA,386860.537109,2506.25501064,1
{5D9987F0-C5FB-4FC2-A0B4-BE20F84817B7},63,T4N-HP-H,T4N,Mixed Use,NA,No,No,NA,NA,NA,NA,NA,13499.9785156,479.999713171,2
{4A22D407-4D1C-4064-A289-D188FBC5669F},64,PDI-00-181,PDI,Planned Development,NA,No,No,NA,NA,NA,NA,NA,14863098.6758,32308.0769115,NA
{548D776C-9074-4D9D-93A4-4FBA8CBB123A},65,OS-A,OS-A,Open Space,NA,No,No,NA,NA,NA,NA,NA,349027.429688,2663.3830927,NA
{F7C39F5C-EF4A-4F4F-8B93-D00D90124077},66,CS,CS,Commercial,NA,No,No,NA,NA,NA,NA,NA,817388.995117,3666.94849482,NA
{1B83551A-68FC-4AB8-BCBA-10ABD8ECCA11},67,CS,CS,Commercial,NA,No,No,NA,NA,2012-07-12,NA,NA,6372010.09082,20083.2277174,NA
{A13446B6-BA60-4C3E-ACFC-B94152AA8EAF},68,PDI-00-185,PDI,Planned Development,NA,No,No,NA,NA,NA,NA,NA,563418.149414,3914.23719467,NA
{3873ADCA-65CB-41F7-A7B9-95412848EED6},69,CS,CS,Commercial,NA,No,No,NA,NA,NA,NA,NA,524372.011719,3452.200783,NA
{7536F27F-E747-407F-9712-86674142B80D},70,PDR-00-174,PDR,Planned Development,NA,No,No,NA,NA,NA,NA,NA,333919.101563,2333.65463899,1
{CC4D81B8-1609-4BE0-B495-0AA278E7C033},71,PD-ECSP-OS,PD-ECSP-OS,Planned Development,NA,No,No,NA,NA,2014-09-18,NA,NA,4228824.77344,10229.9973539,NA
{0C798571-DDB5-4C16-8453-6AC72C4D3A28},72,PD-ECSP-RC,PD-ECSP-RC,Planned Development,NA,No,No,NA,NA,2013-07-12,NA,NA,6360537.07617,13669.9626536,NA
{70E6C948-8053-4770-B20A-2BDBBBEBBF24},73,PD-ECSP-HRC,PD-ECSP-HRC,Planned Development,NA,No,No,NA,NA,2013-07-12,NA,NA,565388.873047,3151.23398092,NA
{C6803DBC-43B9-49D0-AC40-0663AD8DFA91},74,RG-16,RG,Residential,NA,No,No,NA,NA,NA,NA,NA,201619.65625,1839.21443559,2
{AC2AADB0-0CBF-45BE-B3BD-1BB95BAEF3E1},75,OS-A,OS-A,Open Space,NA,No,No,NA,NA,NA,NA,NA,227998.919922,1939.99456914,NA
{46623F12-FBDC-4CD3-96C7-E0C87E0D9AA5},76,E,E,Public And Quasi-public,NA,No,No,NA,NA,NA,NA,NA,437946.188477,2621.27309879,NA
{43FF6F17-57A2-4A88-91FB-F5984A977E1F},77,RG-10,RG,Residential,NA,No,No,NA,NA,NA,NA,NA,453213.435547,3015.60833042,2
{4C632F9E-9294-4DE9-A03E-8B829E833686},78,PUDA 02-005,PD-SLVSP,Planned Development,Subarea #1,No,No,NA,NA,2012-01-19,NA,NA,3083783.80957,10843.7686154,1
{B8C9E5BF-1F9D-4859-9044-D7E422C4C3A7},79,PUD 152,PD-SLVSP,Planned Development,Subarea #2,No,No,NA,NA,2011-01-06,NA,NA,1497681.11621,14376.206052,NA
{B388A07E-6FD2-4B69-93DC-249237FCBA00},80,PUDA 02-007,PD-SLVSP,Planned Development,Subarea #3,No,No,NA,NA,2014-09-18,NA,NA,3852499.0752,10560.4959197,1
{08C451AC-0871-4291-95EB-B2DF90F3A623},81,PUDA 07-003,PD-SLVSP,Planned Development,Subarea #4,No,No,NA,NA,2011-01-06,NA,NA,4466598.85547,8734.15078132,1
{A079AD4F-3A46-4F1B-8C25-1E4B9C0EEB8C},82,PUDA 01-001,PD-SLVSP,Planned Development,Subarea #5,No,No,NA,NA,2011-01-06,NA,NA,3631578.36914,7685.83633463,1
{47E51932-BF6A-417F-A55F-E2B42A6001A5},83,PD-SLVSP,PD-SLVSP,Planned Development,Subarea #7,No,No,NA,NA,2011-01-06,NA,NA,5409504.87109,10512.9826825,NA
{7F4883D0-521E-42B8-96E7-C6A32749945F},84,SLV-AG,SLV-AG,Open Space,NA,No,No,NA,NA,NA,NA,NA,349369.99707,3183.94925754,NA
{2CD5B965-3238-4FD8-90CF-31EA7D434BD1},85,RS-HP-H,RS,Residential,NA,No,No,NA,NA,2012-08-15,NA,NA,406642.054688,2775.56742383,1
{7C34ED39-C097-4793-8303-AC82C8E0D095},86,RS-HP-H,RS,Residential,NA,No,No,NA,NA,2012-08-15,NA,NA,223970.011719,2022.00056597,NA
{87C4A948-D676-4E4B-9BE9-E945C63EBFB6},87,RS,RS,Residential,NA,No,No,NA,NA,NA,NA,NA,1350105.32617,6896.80851032,1
{D08E0A38-9BB0-4652-AB8C-E7ACE6463581},88,RS,RS,Residential,NA,No,No,NA,NA,NA,NA,NA,370053.852539,2436.03959043,1
{BCB33A71-ECE7-47D9-BB26-038F76128897},89,RS,RS,Residential,NA,No,No,NA,NA,NA,NA,NA,3894784.91504,12402.0355843,1
{5ACA338F-6D25-4897-B024-10FEF0E58C0D},90,RS,RS,Residential,NA,No,No,NA,NA,NA,NA,NA,4008444.62891,11578.4450456,1
{7D1BFFFE-AF29-4070-8530-6EEC3B12F5D7},91,RS,RS,Residential,NA,No,No,NA,NA,NA,NA,NA,20300347.5791,31505.6315474,1
{A5090090-949E-4632-839A-1283D8C8BFFB},92,RL,RL,Residential,NA,No,No,NA,NA,NA,NA,NA,1568404.97559,7088.99356956,1
{724FD088-DAE2-4C7A-A512-0D1F8E2220D2},93,E,E,Public And Quasi-public,NA,No,No,NA,NA,NA,NA,NA,2083117.68066,9805.19066511,NA
{4489E54A-D163-4C18-9577-5F81A94CDE6C},94,RL,RL,Residential,NA,No,No,NA,NA,NA,NA,NA,4037667.86621,11497.5558735,1
{A3A0261C-7FBF-4444-A4FE-FEB241A82BC3},95,RL,RL,Residential,NA,No,No,NA,NA,NA,NA,NA,3092876.18848,10300.7309827,1
{FAC133D5-C9B2-4036-B4AA-FAADFF97373B},96,RL,RL,Residential,NA,No,No,NA,NA,NA,NA,NA,841160.580078,4914.41620439,1
{CF9E3B31-D76A-407D-AF0D-020850891D21},97,PDR-00-160,PDR,Planned Development,NA,No,No,NA,NA,2012-03-29,NA,NA,435748.477539,2860.70560329,1
{8B258668-6D53-40D6-90F2-1846ABDD9175},98,PDR-01-007,PDR,Planned Development,NA,No,No,NA,NA,NA,NA,NA,217063.30957,2419.15235963,1
{89899F0E-3F2C-4A20-B14D-C41F2EDD9316},99,PDR-02-008,PDR,Planned Development,NA,No,No,NA,NA,2012-08-15,NA,NA,215333.057617,2397.53156039,1
{F3D39A59-B6CC-42BE-A5EA-ABFB600C41F4},100,PDR-02-001,PDR,Planned Development,NA,No,No,NA,NA,NA,NA,NA,376673.041016,2811.15098127,2
{65C1D809-E741-417C-9EDA-5B2DE19A92F3},101,PDR-02-005,PDR,Planned Development,NA,No,No,NA,NA,NA,NA,NA,95731.9248047,1350.00705201,1
{8EEC4F6E-6478-4BB1-9CD4-4BC0CF9D12E1},102,PDR-03-004,PDR,Planned Development,NA,No,No,NA,NA,NA,NA,NA,46351.5771484,1081.53347544,1
{C353F6EB-10CA-4A2F-876E-C5613C38F101},103,PDR-00-167,PDR,Planned Development,NA,No,No,NA,NA,NA,NA,NA,201993.583984,2327.98863019,1
{676010E9-BB99-4A0C-8BAC-DA4695D99532},104,PDR-00-177,PDR,Planned Development,NA,No,No,NA,NA,NA,NA,NA,353343.634766,2535.81365571,1
{B6FEB708-0F6F-4756-8F15-DFFEEBD6C77B},105,PDR-01-006,PDR,Planned Development,NA,No,No,NA,NA,NA,NA,NA,7142617.60254,12452.8035027,1
{3A80166E-085E-44DA-B664-CCCF1AE0E779},106,PDR-02-004,PDR,Planned Development,NA,No,No,NA,NA,NA,NA,NA,182531.964844,2115.22209733,2
{6DDC7D2E-BB5D-49E6-8C94-AA4F63D5F619},107,PDR-00-169,PDR,Planned Development,NA,No,No,NA,NA,NA,NA,NA,119380.817383,1384.25309476,1
{17606441-DC2A-44D4-9EA9-0A61B0BCE50D},108,PDR-00-161,PDR,Planned Development,NA,No,No,NA,NA,NA,NA,NA,318190.005859,2458.10292047,1
{7488C9E7-AB2D-4F30-A1D0-F9049E6493AB},109,PDR-02-009,PDR,Planned Development,NA,No,Yes,Adopted City Council Ordinance No 1980 Date September 23 2013,NA,2014-04-03,NA,NA,995099.734375,5845.37676729,1
{0DF1C260-EE63-4852-909B-88BE09BE712D},110,PDR-05-004,PDR,Planned Development,NA,No,Yes,NA,NA,2014-04-09,NA,NA,274892.292969,3255.26445987,2
{21D368F6-C45D-405F-9668-6C99B2B26E60},111,PDR-00-168,PDR,Planned Development,NA,No,No,NA,NA,NA,NA,NA,340602.802734,2391.73668508,1
{3C42E1E5-F2C4-4A5C-B4CD-3003619DE1E8},112,PDR 05-002,PDR,Planned Development,NA,No,No,NA,NA,2017-05-25,NA,NA,59073.8232422,1052.89977866,1
{2AB6EC87-6AE3-4AD4-A1D0-4B5E1879BDD3},113,PDR-05-006,PDR,Planned Development,NA,No,No,NA,NA,NA,NA,NA,121533.666016,1792.17551446,NA
{7ACAA48A-0BB3-43DA-9DC2-A951321AFA81},114,PDR-00-183,PDR,Planned Development,NA,No,No,NA,NA,NA,NA,NA,125856.530273,1821.60851278,1
{02DCAE14-5316-4F9C-A85F-D051AF999A14},115,PDR-03-007,PDR,Planned Development,NA,No,Yes,NA,NA,2014-04-03,NA,NA,1539807.30762,5100.58916215,1
{99EB740E-587A-4E45-8851-2F05695337CA},116,PDR-03-006,PDR,Planned Development,NA,No,No,NA,NA,NA,NA,NA,5155054.65137,9812.89407481,1
{866C4AFD-979F-4B4C-A6ED-0F4B7914A093},117,PDR-00-170,PDR,Planned Development,NA,No,No,NA,NA,NA,NA,NA,212804.402344,1900.39948512,1
{974DBE70-E070-434F-9699-310C58E55E06},118,PDR-01-008,PDR,Planned Development,NA,No,No,Snap to City Limits,NA,2014-10-01,NA,NA,2317067.99609,6192.94052896,1
{30D30F91-A327-49B6-8E1B-03E33D7C1F9E},119,PDI-06-008,PDI,Planned Development,NA,No,No,NA,NA,NA,NA,NA,1085700.77637,4991.07715125,NA
{E29F0D6F-6F1E-4D92-815B-69BC00DFEA90},120,PDR-01-016,PDR,Planned Development,NA,No,No,NA,NA,NA,NA,NA,720848.296875,4784.65178792,2
{EF81F7CA-C7B5-4D8B-8879-F022DAFDDD44},121,PDR-01-001,PDR,Planned Development,NA,No,No,NA,NA,NA,NA,NA,486643.005859,3326.5399333,1
{60D21318-39B5-4047-BF9A-2693F3243259},122,PDOS-00-198,PDOS-00-198,Planned Development,NA,No,No,NA,NA,NA,NA,NA,1002116.22168,4669.22929472,NA
{6AA8E4F1-9D75-4102-9BCB-E01ADCF13E16},123,I-3,I-3,Industrial,NA,No,Yes,NA,NA,2014-04-16,NA,NA,47107826.4775,44766.6340336,NA
{1B2611CA-9F34-40CE-86F2-5F08E118371A},124,PDI-08-003,PDI,Planned Development,NA,No,No,NA,NA,NA,NA,NA,323630.648438,2444.52863682,NA
{2400AD13-C849-4721-AA13-9745188407DB},125,PDI-01-020,PDI,Planned Development,NA,No,No,NA,NA,2012-06-12,NA,NA,558570.348633,3965.20355887,NA
{1006A4A5-4E27-4290-8A79-67341C45480F},126,PDI-00-188,PDI,Planned Development,NA,No,No,NA,NA,NA,NA,NA,358141.601563,2600.05072609,NA
{E4ED789A-1C14-4147-83DE-DC0068E2142E},127,PDI-03-003,PDI,Planned Development,NA,No,Yes,Merged adjacent polygons,NA,2014-09-25,NA,NA,13973033.1172,16634.4691355,NA
{1562C9F6-D6BF-485C-80AC-07A6E68629C4},128,I-2,I-2,Industrial,NA,No,No,NA,NA,NA,NA,NA,561543.109375,3460.24368012,NA
{2728B6EB-0E45-4EC0-BACF-5879F5FF7963},129,PDI-00-182,PDI,Planned Development,NA,No,No,NA,NA,NA,NA,NA,1187873.34668,5789.98136432,NA
{CCDEF081-6547-4092-B802-105C49A34170},130,PDI-01-003,PDI,Planned Development,NA,No,No,Approved by City Council Ordinance 2011 on 10-27-2014,NA,2019-04-24,GISADMIN,NA,7922915.19824,15298.5950272,NA
{D6287289-607E-4D28-9C14-5D5690BE3D05},131,PD,PD,Planned Development,NA,No,No,NA,NA,NA,NA,NA,267174.71875,2553.97978521,NA
{4A25EDF5-B1E7-4970-B7A3-8E2A1017916E},132,I-1,I-1,Industrial,NA,No,No,NA,NA,NA,NA,NA,967422.849609,4145.63549818,NA
{2C1024BC-E7D9-45C5-9B69-1227BB5229BD},133,PUD 80-94,PD/AG-HP,Planned Development,NA,No,No,NA,NA,NA,NA,NA,1727080.00391,9794.86499905,1
{D50588EB-37D1-4CFB-9484-08C295327C00},134,PUD 4-82,PD,Planned Development,NA,No,No,NA,NA,NA,NA,NA,4677421.00586,9521.92909974,2
{52410079-2B07-43B7-9B75-EC224249998A},135,PUD 141,PD,Planned Development,NA,No,No,NA,NA,2014-03-05,NA,NA,1144888.27441,4736.03932718,NA
{7115DA87-BDB1-462A-BDD1-0D585E9EB689},136,PUD 82-88,PD,Planned Development,NA,No,No,NA,NA,NA,NA,NA,63324.5273438,1042.21591611,2
{F87F51CE-0DD1-47CA-8194-0733D5C5B995},137,PUD 82-88,PD,Planned Development,NA,No,No,NA,NA,NA,NA,NA,57318.7128906,1127.98022191,2
{CF3331D6-9252-45B1-B83C-3CC480325E15},138,PUD 70-91,PD,Planned Development,NA,No,No,NA,NA,NA,NA,NA,1270853.9375,4735.49064905,2
{0AD54ECD-B3CD-46AD-9D6B-734C25145DA7},139,PD-16,PD-16,Planned Development,NA,No,No,PUD 137-80,NA,2014-04-03,NA,NA,488313.324219,4655.2048499,NA
{3559CAA3-5E7F-4ACB-80FB-93836ECA1A75},140,PD-16,PD-16,Planned Development,NA,No,No,PUD 151-79,NA,2014-04-03,NA,NA,1265836.60547,8158.89813081,2
{BE83FA54-D60E-4CC8-B70E-54D60DBE0F38},141,PUD 144,PD,Planned Development,NA,No,No,NA,NA,NA,NA,NA,199872.12793,2093.32156097,2
{042BD83D-A285-48A3-9D92-A7DE9101FC95},142,PD,PD,Planned Development,NA,No,No,NA,NA,NA,NA,NA,547082.042969,3463.89875008,NA
{C1DD0A58-DE4B-49A4-B325-D13D35D999F2},143,CS,CS,Commercial,NA,No,No,NA,NA,NA,NA,NA,1116025.90723,7505.50482881,NA
{3A851EB1-6A9B-43EE-9DA0-B576C2337DF7},144,PUD 98-88,PD,Planned Development,NA,No,No,NA,NA,NA,NA,NA,793725.131836,4197.43351197,1
{F2E27FCA-C19D-4EF5-8B34-1DE72B59A1D4},145,PUD 117,PD,Planned Development,NA,No,No,NA,NA,NA,NA,NA,171811.455078,1964.16237057,1
{B5F37D76-8CE1-40EE-896A-451716E68843},146,PUD 34-92,PD,Planned Development,NA,No,No,NA,NA,NA,NA,NA,4033235.56836,12242.6064359,NA
{28AF89AD-AB85-4814-B4AE-BE6099C8119F},147,OS-A,OS-A,Open Space,NA,No,No,NA,NA,2014-09-18,NA,NA,288918.335938,5520.04172472,NA
{EFC4B18C-244C-484F-ADA2-E880E3788E54},148,PUD 26-94,PD,Planned Development,NA,No,No,NA,NA,NA,NA,NA,2397968.64258,6253.78577862,1
{59AB1DC4-9694-42D1-96FD-48EEEC2ABCBB},149,PUD 115,PD,Planned Development,NA,No,No,NA,NA,2014-09-18,NA,NA,6181436.16406,10691.4129215,1
{CEC33CE1-0293-4E54-8317-D2779680CC30},150,PUD 127,PD,Planned Development,NA,No,No,NA,NA,NA,NA,NA,70922.2617188,1072.81809277,1
{B2BBACC0-050D-49D8-9F0B-7612F11F70B0},151,PUD 111-78,PD,Planned Development,NA,No,No,NA,NA,NA,NA,NA,14110.0761719,473.90770897,2
{9308E345-AF9D-49D4-96CD-AA7B47D45A40},152,PUD 111-78,PD,Planned Development,NA,No,No,NA,NA,NA,NA,NA,14128.2675781,474.604578535,2
{016A9AF9-17A3-4E9A-863C-342442BFFCD1},153,PD,PD,Planned Development,NA,No,No,NA,NA,NA,NA,NA,4098855.90137,9423.16651326,NA
{DD3803C3-1138-44BD-BC9B-DD05B476B496},154,PD,PD,Planned Development,NA,No,No,NA,NA,2014-09-18,NA,NA,269060.036133,2548.1728364,NA
{6DA74C82-F9EB-401B-ABE8-BC8EC9A3A2C3},155,PD,PD,Planned Development,NA,No,No,NA,NA,NA,NA,NA,3136030.26074,8448.69615878,NA
{BA357E37-0AFA-417A-AF2A-1715D0D2BBA7},156,PUD 39-80,PD,Planned Development,NA,No,No,NA,NA,2011-09-13,NA,NA,4677586.4375,15974.8772269,1
{0ED1833A-F0C7-4288-9600-AD39DA376684},157,CHS,CHS,Commercial,NA,No,No,NA,NA,NA,NA,NA,351624.354492,2510.02893072,NA
{16F9318F-4C26-478F-8735-6C9A672469B6},158,PDR-16-004,PD,Planned Development,NA,No,Yes,"Chg Approved by CC July 24, 2017",NA,2017-08-24,NA,NA,801087.396484,3680.55032504,1
{B0DDFFFC-C771-47EA-B9D3-1B7EF714C73A},159,PUD 173-90,PD,Planned Development,NA,No,No,NA,NA,NA,NA,NA,35237.6738281,774.29086793,1
{55F20D11-CFDE-4D8D-9599-BAAC17601988},160,PUD 140-91,PD,Planned Development,NA,No,No,NA,NA,NA,NA,NA,226187.012695,2387.60515537,2
{87645AF5-FC2B-423A-B694-7493B93681E8},161,PUD 25-85,PD,Planned Development,NA,No,No,NA,NA,NA,NA,NA,919012.554688,4058.26614784,1
{A148122C-C46A-4B7B-A2CC-1870D6A52D0E},162,PUD 240-84,PD,Planned Development,NA,No,No,NA,NA,NA,NA,NA,3658395.58691,8617.14155472,1
{ED45BB6C-5684-4750-8EEE-F478FBE2014E},163,PDR-08-001,PDR,Planned Development,NA,No,No,NA,NA,NA,NA,NA,141477.904297,1645.09887138,NA
{F1F87BFA-A252-4E60-BB85-08E804B5E90A},164,PUD 41-85,PD,Planned Development,NA,No,No,NA,NA,NA,NA,NA,404980.765625,6067.10572938,1
{0D796D81-D906-4E4C-A0F1-293A81C74C80},165,PD,PD,Planned Development,NA,No,No,NA,NA,NA,NA,NA,769931.286133,4510.59934206,NA
{C5402B06-907E-478E-B42E-921FCCB55EC7},166,PD,PD,Planned Development,NA,No,No,NA,NA,NA,NA,NA,127760.737305,1539.50320862,1
{DF91E089-86F1-47DD-88CF-7FFEA1297DEB},167,PDR14-001,PDR14-001,Planned Development,NA,No,No,Old Zoning PUD 62-91 per S.Riley,NA,2015-05-20,NA,NA,410936.584961,2650.18058403,1
{805A7997-AFE7-4DD4-BBC2-D942D2283495},168,PUD 10-90,PD,Planned Development,NA,No,No,NA,NA,NA,NA,NA,263006.386719,2205.61327374,NA
{F0F0660B-483C-4BB3-AADE-6DC5EF6105CF},169,PUD 153-86,PD,Planned Development,NA,No,No,NA,NA,2012-08-14,NA,NA,2405536.70898,10786.8121421,1
{0608CCCC-2301-46E4-8615-841BDA5307C5},170,PD-HP-H,PD-HP-H,Planned Development,NA,No,No,PUD 25,NA,2014-04-03,NA,NA,19009.4326172,575.973815104,2
{5B7E6C1B-BA14-4DBF-8523-474147B281F0},171,PUD 25,PD,Planned Development,NA,No,No,NA,NA,NA,NA,NA,996878.56543,4794.16876893,1
{542C3168-52E9-4129-8B13-EE264D0664E1},172,PUD 22,PD,Planned Development,NA,No,No,NA,NA,NA,NA,NA,1775219.08008,5954.56970037,1
{47721FE1-64D4-41DD-956E-269C00D27663},173,PUD 22,PD,Planned Development,NA,No,No,NA,NA,NA,NA,NA,2226655.1084,6030.11276781,1
{1866F0B8-C089-4B66-8642-1B4B718DE078},174,PUD 80-94,PD/AG-HP,Planned Development,NA,No,No,NA,NA,NA,NA,NA,901206.293945,4324.80716447,1
{F5BB52C9-1D46-470D-94F0-A2C122916EA2},175,PUD 80-94,PD/AG,Planned Development,NA,No,No,NA,NA,NA,NA,NA,28250975.3975,39699.5727414,1
{13231390-351E-4A88-BF56-3103BBFF6B65},176,PUD-58-93,PD,Planned Development,NA,No,No,NA,NA,NA,NA,NA,2795315.70313,9040.2002817,1
{AD292F71-602E-4FE3-8A04-9C4B6E7CAB92},177,PD,PD,Planned Development,NA,No,No,Snap to City Limits,NA,2014-10-01,NA,NA,444773.981445,4145.32584858,NA
{B917F920-A88C-47CE-B4E8-54ED67D76EA9},178,PUD 3-90,PD,Planned Development,NA,No,No,NA,NA,NA,NA,NA,853112.005859,3777.60524361,1
{334D4BFF-738D-4FBE-8A57-BCE48BA28769},179,PUD-194-94,PD,Planned Development,NA,No,No,NA,NA,NA,NA,NA,77525.9375,1289.2731327,1
{627E260E-1172-4504-B821-D25EBEB5D0D0},180,PD-15,PD-15,Planned Development,NA,No,No,NA,NA,NA,NA,NA,2168545.90039,7856.06588853,2
{1804B560-F0A2-44CF-A298-4425E94FF37D},181,PUD 79-88,PD,Planned Development,NA,No,No,NA,NA,2014-09-18,NA,NA,3706943.53906,10322.3857021,1
{2F0AA71F-F32B-4669-93AD-194C561080F7},182,PUD 46-89,PD,Planned Development,NA,No,No,NA,NA,NA,NA,NA,1233523.7959,4892.39781182,1
{9D73B203-3B49-47B2-B165-8BB02F25B244},183,PUD 191-94,PD,Planned Development,NA,No,No,NA,NA,NA,NA,NA,240120.443359,1991.73735481,1
{F1D24F6C-E00E-4447-A05E-252CAD3B7FF2},184,PUD 123-78,PD,Planned Development,NA,No,No,NA,NA,2012-07-13,NA,NA,834938.396484,4758.96333733,1
{A2213881-B07D-4F83-B937-9B0C2986ECF9},185,PUD 102,PD,Planned Development,NA,No,No,NA,NA,NA,NA,NA,1056581.29395,4128.8743241,1
{F02A2FAE-4867-48BD-AA82-8D280B6CF505},186,PD,PD,Planned Development,NA,No,No,NA,NA,NA,NA,NA,1912513.13184,14062.7411857,NA
{F45E01EF-E48B-4014-A0E1-7B87B505824B},187,PD-17,PD-17,Planned Development,NA,No,No,NA,NA,NA,NA,NA,3063481.35742,6955.34149799,NA
{81524DFF-D784-4956-B0D8-4EFD5FA9D5CD},188,PD,PD,Planned Development,NA,No,No,NA,NA,NA,NA,NA,131823.367188,1530.3242161,NA
{ECFB833B-EE83-49F7-A500-1979E702013F},189,PD,PD,Planned Development,NA,No,No,NA,NA,NA,NA,NA,148006.087891,1598.64498058,NA
{4960A6F9-7DA1-46A5-A797-CF71B417F88E},190,PUD 116,PD,Planned Development,NA,No,No,NA,NA,NA,NA,NA,1639814.69238,7256.25008326,NA
{0EED0DBF-ABB6-4FF9-8526-B04C9E35010E},191,OS-F,OS-F,Open Space,NA,No,No,NA,NA,NA,NA,NA,3790459.45703,22895.4135104,NA
{C0F8E23B-FE52-4D15-853C-CDE4F5D2F920},192,OS-F,OS-F,Open Space,NA,No,No,NA,NA,NA,NA,NA,565523.515625,5430.75660207,NA
{01851D76-2F75-4137-AB78-EB103A7B6191},193,OS-F,OS-F,Open Space,NA,No,No,"Non-conforming, per S.Riley",NA,2014-09-18,NA,NA,3587223.51367,28939.0467479,NA
{B6E032C2-6340-4517-8CC6-C3B36A2BB31E},194,E,E,Public And Quasi-public,NA,No,No,NA,NA,NA,NA,NA,11295.2880859,455.077455195,NA
{53953E55-D33B-4A02-AF23-5A1D5BA600F0},195,OS-F,OS-F,Open Space,NA,No,No,NA,NA,NA,NA,NA,278266.988281,4634.95206247,NA
{30538E9F-BEBC-4922-AF85-383E1E662E3B},196,OS-F,OS-F,Open Space,NA,No,No,NA,NA,NA,NA,NA,673382.293945,16957.0065121,NA
{C4E66E40-A3B8-47A3-BD89-2806104BB56F},197,OS-F,OS-F,Open Space,NA,No,No,NA,NA,2010-08-20,NA,NA,2783045.97461,38966.6463361,NA
{7EE0CA6C-A514-45D1-99A2-5946E3F0DFD6},198,E,E,Public And Quasi-public,NA,No,No,NA,NA,NA,NA,NA,288800.007813,2280.00012591,NA
{5DDD4DF0-E31C-4EB3-A853-2AFE31C527E2},199,E,E,Public And Quasi-public,NA,No,No,NA,NA,NA,NA,NA,144400.067383,1520.00035379,NA
{DD9CFE02-8326-4A83-9F4D-73854B027602},200,CNB,CNB,Commercial,NA,No,No,NA,NA,NA,NA,NA,230710.664063,1965.12880607,NA
{69B48750-775C-4564-AD7B-B7353AD8A600},201,CNB,CNB,Commercial,NA,No,No,NA,NA,NA,NA,NA,832646.720703,3722.71160694,NA
{0D086E2E-A3A4-4ADA-88CD-71B82BE29974},202,CHS,CHS,Commercial,NA,No,No,NA,NA,NA,NA,NA,215213.963867,1982.31228418,NA
{F9A6D2B9-9EA0-4FA0-808D-96300EA7E3C0},203,CHS,CHS,Commercial,NA,No,No,NA,NA,NA,NA,NA,212280.344727,2145.76163985,NA
{419DBC12-DD68-4EBE-B48B-CB4B57EC08FA},204,CHS,CHS,Commercial,NA,No,No,NA,NA,NA,NA,NA,185421.300781,2002.9905682,NA
{1285D0FA-D892-422E-ABCA-4BDAD867CFEE},205,CHS,CHS,Commercial,NA,No,No,NA,NA,NA,NA,NA,344626.541016,2352.72300146,NA
{B6F0BF2E-076B-4310-8D95-61B5D880E19F},206,CNB,CNB,Commercial,NA,No,No,NA,NA,2012-01-18,NA,NA,215480.158203,1966.91235919,NA
{6CE5A981-E4E4-4B6F-99C0-F1A6EC5C9524},207,CNB,CNB,Commercial,NA,No,No,NA,NA,2012-01-18,NA,NA,672208.356445,3721.25633538,NA
{5A13F53C-C9AE-4D16-9F57-E12CE097DFAC},208,CNB,CNB,Commercial,NA,No,No,NA,NA,NA,NA,NA,394629.311523,2567.56609972,NA
{848A477D-3AAF-49C3-84A0-8E3E4221C3D4},209,CS,CS,Commercial,NA,No,No,NA,NA,2014-09-18,NA,NA,1355131.75781,5238.63668076,NA
{0E8F321C-E41A-419D-969F-98E7294739A7},210,CS,CS,Commercial,NA,No,No,NA,NA,NA,NA,NA,120382.635742,1412.92956908,NA
{293A07DF-B8BD-4FD3-A5C4-8FAB645D45C0},211,CS,CS,Commercial,NA,No,Yes,NA,NA,2014-09-18,NA,NA,3022865.69629,7500.05413439,NA
{7E1FE9AA-C451-4FDB-9840-260C51AE4DF1},212,CHS,CHS,Commercial,NA,No,No,NA,NA,NA,NA,NA,465904.448242,3285.62193826,NA
{D42ADBD7-7865-4F30-BA3B-595D9E7F0082},213,CS,CS,Commercial,NA,No,No,NA,NA,NA,NA,NA,50941.5302734,904.452917054,NA
{B5CE6721-54AC-48F2-850C-E820E7FD8019},214,CP,CP,Commercial,NA,No,No,NA,NA,NA,NA,NA,35021.7568359,748.721558965,NA
{9B78E6BA-A0A3-41BF-8255-2C32CB8A8AAB},215,CP,CP,Commercial,NA,No,No,NA,NA,NA,NA,NA,31036.5048828,729.347481998,NA
{15FA0655-8767-45E4-A07B-B9D39420ED65},216,CP,CP,Commercial,NA,No,No,NA,NA,NA,NA,NA,36717.4716797,825.101560543,NA
{08581B63-BBDA-4875-A497-BB5ACE9CFC69},217,CP,CP,Commercial,NA,No,No,NA,NA,NA,NA,NA,21305.9140625,621.037673703,NA
{04C3738A-9B45-44A5-BC86-C3A91E14B5EB},218,CP,CP,Commercial,NA,No,No,NA,NA,NA,NA,NA,14004.0927734,493.280841373,NA
{7C034E4C-156A-4351-90F1-992B6EDE4BEB},219,CP,CP,Commercial,NA,No,No,NA,NA,NA,NA,NA,9499.98828125,479.999755194,NA
{A47ABB8C-9D0E-4D2E-801B-B4DC61DA6137},220,CP,CP,Commercial,NA,No,No,NA,NA,NA,NA,NA,99699.9619141,1311.67674225,NA
{273D701A-EE70-48A3-A6CE-8E97AB72D657},221,T4N-O,T4N-O,Mixed Use,NA,No,No,NA,NA,NA,NA,NA,479550.921875,4499.9997724,NA
{32F0DD3C-C9C6-4C78-91E0-61C84388C777},222,CO,CO,Commercial,NA,No,No,NA,NA,NA,NA,NA,68943.3847656,1091.94815268,NA
{91096D76-44A7-4343-B3E1-B4CEECF6FBA7},223,CO,CO,Commercial,NA,No,No,NA,NA,NA,NA,NA,76172.09375,1182.2060443,NA
{51DEC7B4-1FDC-4E4D-8B7C-7ABE2AAD8FD3},224,CO,CO,Commercial,NA,No,No,NA,NA,NA,NA,NA,14512.6318359,490.434106074,NA
{B9490475-263D-4BD1-B020-136CC83D5433},225,T4N-O,T4N-O,Mixed Use,NA,No,No,NA,NA,NA,NA,NA,60499.9921875,1079.99971715,NA
{D3C603C8-4C41-4008-B3F2-BD5FBF8B8343},226,CO,CO,Commercial,NA,No,No,NA,NA,NA,NA,NA,398924.857422,2482.35441581,NA
{8736B18D-2AB8-4B68-9E57-5EC682133FB5},227,CO,CO,Commercial,NA,No,No,NA,NA,NA,NA,NA,39097.7099609,791.062908612,NA
{6CB2B1B6-23E4-4005-B965-4839E4DA15F8},228,T4N,T4N,Mixed Use,NA,No,Yes,NA,NA,2017-05-25,NA,NA,139081.839844,1515.43924135,2
{0A5BA310-5A39-48F5-AFA0-8CEE780D6F74},229,CO,CO,Commercial,NA,No,No,NA,NA,NA,NA,NA,26645.7617188,669.802014356,NA
{3269AC8E-4BE5-4687-8EB3-2CF871634048},230,CO,CO,Commercial,NA,No,No,NA,NA,NA,NA,NA,33498.2539063,771.936166179,NA
{56335001-A923-4955-BE86-35358884DF9B},231,CO,CO,Commercial,NA,No,No,NA,NA,NA,NA,NA,529609.995117,3425.79974728,NA
{C28AA4C0-B94B-4909-8675-778F13C380F3},232,E,E,Public And Quasi-public,NA,No,No,NA,NA,NA,NA,NA,612759.405273,3340.94743134,NA
{368FA9C4-A26A-4A12-BC8C-E64A6A104803},233,E,E,Public And Quasi-public,NA,No,No,NA,NA,2014-04-09,NA,NA,1936197.88184,6473.73747163,NA
{7B8A9CE2-011D-4C99-8B90-D295B5320708},234,E,E,Public And Quasi-public,NA,No,No,NA,NA,NA,NA,NA,506779.301758,3108.3047246,NA
{9DE2CCBF-7CE1-4E39-8964-CF2514E6E48C},235,E,E,Public And Quasi-public,NA,No,No,NA,NA,NA,NA,NA,588196.038086,3395.46602198,NA
{B3935393-FFBA-4602-8E39-1CD358680F61},236,E,E,Public And Quasi-public,NA,No,No,Merged polygons w/same district,NA,2014-09-18,NA,NA,54478840.3018,35947.9993381,NA
{BB4006CA-E388-4D21-AD63-B3F9A27CEF9A},237,E,E,Public And Quasi-public,NA,No,No,NA,NA,NA,NA,NA,827440.647461,3822.30509212,NA
{C2F4EA40-8866-4C5E-B231-A5614091EC1B},238,E,E,Public And Quasi-public,NA,No,No,NA,NA,NA,NA,NA,94027.2685547,1399.53987207,NA
{84A738F8-C155-4ED8-9F97-F4584112D5AE},239,E,E,Public And Quasi-public,NA,No,No,NA,NA,NA,NA,NA,3652535.06738,25509.3938321,NA
{50616ED8-903E-43FE-891A-C36BD97E2B5C},240,E,E,Public And Quasi-public,NA,No,No,NA,NA,NA,NA,NA,1381340.99121,5461.6490485800005,NA
{793906AB-75B7-4F9F-A35E-3BA6EE9CE995},241,E,E,Public And Quasi-public,NA,No,No,NA,NA,NA,NA,NA,443125.743164,3156.86150625,NA
{721CFA93-086D-4AC5-A9D1-5B5AF2309547},242,E,E,Public And Quasi-public,NA,No,No,NA,NA,2011-02-16,NA,NA,293624.255859,2943.02562903,NA
{57F6D4C7-9A26-4B81-8E37-90295CFD6F13},243,E,E,Public And Quasi-public,NA,No,No,NA,NA,NA,NA,NA,990089.228516,4765.16063278,NA
{719DA96F-A888-4A7D-B8B7-D01DE3BB11BA},244,E,E,Public And Quasi-public,NA,No,No,NA,NA,NA,NA,NA,231000.927734,2103.31349241,NA
{34CA4351-D15F-4AF7-87E5-B62E50E5BFAE},245,E,E,Public And Quasi-public,NA,No,No,NA,NA,NA,NA,NA,222421.154297,1887.81856189,NA
{F38CC4C2-5B35-4475-BF00-3FD84E759E1E},246,E,E,Public And Quasi-public,NA,No,No,NA,NA,NA,NA,NA,445131.818359,2912.55303921,NA
{0AB64C9B-92C8-4EC6-A39E-AD5F334F9C38},247,E,E,Public And Quasi-public,NA,No,No,NA,NA,NA,NA,NA,1821569.36816,8768.13933202,NA
{48C4FB69-B451-48EA-92D0-157FE5143756},248,E,E,Public And Quasi-public,NA,No,No,NA,NA,NA,NA,NA,6464198.60938,11372.6053113,NA
{C77E3AE7-1BC1-4D26-8D00-3080E96D0B43},249,DSP,DSP,Commercial,NA,No,No,NA,NA,NA,NA,NA,12100840.0645,23551.2213594,NA
{47B5C10B-0149-451B-88CF-34F5A97A511E},250,E,E,Public And Quasi-public,NA,No,No,NA,NA,NA,NA,NA,612963.336914,3401.37631788,NA
{DD67B9A7-C9BF-41D1-9040-64B4361FAF03},251,E,E,Public And Quasi-public,NA,No,No,NA,NA,NA,NA,NA,266990.136719,3199.95250413,NA
{3F852828-1126-4C7D-A829-41395B3C927E},252,E,E,Public And Quasi-public,NA,No,No,NA,NA,NA,NA,NA,204195.725586,1990.59806957,NA
{F3BE998F-B35B-4584-8605-0E3BC071C804},253,E,E,Public And Quasi-public,NA,No,No,NA,NA,NA,NA,NA,2126333.05176,7048.11442269,NA
{D3BEC47F-236B-4DAD-9795-07BF8AB8529B},254,E,E,Public And Quasi-public,NA,No,No,NA,NA,NA,NA,NA,531380.052734,3440.00055684,NA
{3B8E2132-029B-4897-87D8-1EA74E3462DB},255,RL,RL,Residential,NA,No,No,NA,NA,2017-05-25,NA,NA,411041.792969,2532.9229079,1
{E5634EED-6865-4A5B-9F75-04DB7BCD8424},256,E,E,Public And Quasi-public,NA,No,No,NA,NA,NA,NA,NA,1957467.38281,6629.23432722,NA
{941312BD-F0A6-4C38-A3EC-05F27F35A0AC},257,E,E,Public And Quasi-public,NA,No,No,NA,NA,NA,NA,NA,25510.9257813,738.310060368,NA
{F244E8A4-C87D-4D60-BE51-1C4573B9E5B8},258,E,E,Public And Quasi-public,NA,No,No,NA,NA,NA,NA,NA,148284.553711,2232.53271271,NA
{7E2DCEC0-E95C-4BE0-9976-0C5E5496390B},259,E,E,Public And Quasi-public,NA,No,No,NA,NA,NA,NA,NA,70306.9042969,1248.07087912,NA
{A256F7B2-B302-4452-BC35-01A19DA0B5C6},260,E,E,Public And Quasi-public,NA,No,No,NA,NA,2014-09-18,NA,NA,1142933.62402,7484.62032378,NA
{988728E8-9165-4D72-BC91-6BC8FE653195},261,E,E,Public And Quasi-public,NA,No,No,NA,NA,NA,NA,NA,627026.75293,4085.0604253,NA
{D30B1BE0-6789-4B78-9EEF-EE59D8000396},262,E,E,Public And Quasi-public,NA,No,No,NA,NA,NA,NA,NA,33680.0253906,1637.19099746,NA
{6721CFB1-A048-4662-B420-B2BFC919D22E},263,E,E,Public And Quasi-public,NA,No,No,NA,NA,NA,NA,NA,3451051.50977,13253.0227601,NA
{B74672FA-0A51-45A0-97D1-D5DC34EC2716},264,E,E,Public And Quasi-public,NA,No,No,NA,NA,NA,NA,NA,165633.175781,3000.04500671,NA
{96833F6C-EE3A-4BB5-BC54-34F3072AB94D},265,E,E,Public And Quasi-public,NA,No,No,NA,NA,2014-09-18,NA,NA,634214.600586,4783.43344314,NA
{3FE5D4CC-C997-4B60-A35E-39D6551B563B},266,E,E,Public And Quasi-public,NA,No,No,NA,NA,NA,NA,NA,2441252.41895,10689.7339695,NA
{524E97D9-15B9-4096-84C8-46B54AA23AAD},267,E-HP-H,E-HP,Public And Quasi-public,NA,No,No,NA,NA,NA,NA,NA,256333.124023,2962.65524176,NA
{BF434FA3-A3ED-4A71-8CAC-F31E7871EC4F},268,E-HP-L,E-HP,Public And Quasi-public,NA,No,No,NA,NA,NA,NA,NA,1127592.75098,5531.30183037,NA
{B2FAB0CC-E9C0-44CA-B293-530F802482F4},269,E,E,Public And Quasi-public,NA,No,No,NA,NA,NA,NA,NA,837471.124023,4363.77364651,NA
{F8C82C17-3B8F-425A-9697-83C48AAE1B90},270,I-3,I-3,Industrial,NA,No,No,NA,NA,NA,NA,NA,1858759.78809,12837.4585644,NA
{2FEB2079-A4C3-4DCE-8E3B-8FAE4D2B476E},271,I-3,I-3,Industrial,NA,No,No,NA,NA,NA,NA,NA,651196.09375,3360.29200235,NA
{29B7F4A2-82E0-4CDF-9544-7E0EB4488E39},272,I-2,I-2,Industrial,NA,No,No,NA,NA,NA,NA,NA,1709846.93945,5731.56232193,NA
{9977256A-AB9C-42EA-854F-6E0C0F396ABC},273,I-2,I-2,Industrial,NA,No,No,NA,NA,NA,NA,NA,2597541.04492,8069.14053926,NA
{16E3FF77-33A0-42AA-A5E5-440F6567B655},274,I-2,I-2,Industrial,NA,No,No,NA,NA,NA,NA,NA,772350.253906,3789.8784548,NA
{79DE8536-6789-41C9-8899-E98A04EA9CA2},275,PDR-10-003,PDR,Planned Development,NA,No,Yes,NA,NA,2014-04-09,NA,NA,740575.042969,3894.04062197,1
{FB197787-3A7E-4BDE-93ED-ED616205D8BA},276,I-2,I-2,Industrial,NA,No,No,NA,NA,NA,NA,NA,740450.928711,3479.84248031,NA
{B855CE36-E3BE-4EB1-ABDA-0A4047AC822C},277,I-2,I-2,Industrial,NA,No,No,NA,NA,NA,NA,NA,100314.4375,1268.9996108,NA
{59A4D953-2B8B-43B8-8E7F-EDFCEC583493},278,MFR,MFR,Residential,NA,No,No,NA,NA,2017-05-25,NA,NA,116398.544922,1370.03895423,2
{B8AF374D-D276-4DFE-BF57-C75F410CCB89},279,OS-A,OS-A,Open Space,NA,No,No,NA,NA,NA,NA,NA,436852.583984,4040.09990759,NA
{89DC4A69-63FA-4EB6-B331-3C882E8F7441},280,OS-A,OS-A,Open Space,NA,No,No,NA,NA,2014-09-18,NA,NA,5246038.9873,9771.3115223,NA
{87C267B3-761C-46C3-A599-0C37495D29AB},281,OS-A,OS-A,Open Space,NA,No,No,NA,NA,NA,NA,NA,5325519.65332,10809.948243,NA
{3597D62A-E0E3-4892-9C85-6662842A5692},282,OS-A,OS-A,Open Space,NA,No,No,NA,NA,2014-09-18,NA,NA,13015160.9961,16179.4788177,NA
{5E80C6A2-2171-47A9-8937-32929FDB23FF},283,NMU,NMU,Mixed Use,NA,No,Yes,NA,NA,NA,NA,NA,299652.394531,2377.39112931,NA
{7115EFC3-914A-4B6F-B804-1264B23924DE},284,NMU,NMU,Mixed Use,NA,No,Yes,NA,NA,NA,NA,NA,335860.27832,2593.31752623,NA
{CAE295B8-CE19-4450-9368-1A2E82227C25},285,PDR 14-005,PD,Planned Development,NA,No,Yes,"Approved by Council Ordinance 2028 on September 14, 2015",NA,2015-10-08,NA,NA,266441.061523,2092.12774689,1
{3C67FBFF-AFE3-4719-A88C-E1FEEF09A0B8},286,PDC-08-002,PDC,Planned Development,NA,No,No,NA,NA,NA,NA,NA,235436.631836,2580.39921688,NA
{B4E07A82-840E-4F94-AB98-89037B26D81B},287,PDC-00-189,PDC,Planned Development,NA,No,No,NA,NA,NA,NA,NA,444679.296875,2818.18495331,NA
{3B183A61-CC84-4950-9F6A-437A783D08B0},288,PD-07-001,PD,Planned Development,NA,No,Yes,NA,NA,2014-09-18,NA,NA,44791.859375,917.625990554,NA
{2A073AFB-1B9A-4A95-8B84-351FCC039566},289,PDC-03-005,PDC,Planned Development,NA,No,No,NA,NA,NA,NA,NA,512319.759766,2908.6749348500002,NA
{9154D5A6-429A-4CEC-A743-18A02FD9B374},290,PDC-05-005,PDC,Planned Development,NA,No,No,NA,NA,NA,NA,NA,36819.9472656,768.344647789,NA
{DE4ED9DD-BF42-48B8-8CE9-29A29DD6B963},291,PDC-00-176,PDC,Planned Development,NA,No,No,NA,NA,NA,NA,NA,643613.147461,3831.48369817,NA
{890A839D-3BA5-4603-ADA6-7389023BFA34},292,PDC-07-006,PDC,Planned Development,NA,No,No,NA,NA,NA,NA,NA,1023100.54688,5655.17360312,NA
{382D72C9-D97A-42D5-A019-C30AB7C2C223},293,PDC-05-003,PDC,Planned Development,NA,No,No,NA,NA,NA,NA,NA,89218.6708984,1181.5492831,NA
{0C140192-9B61-4CE4-9D44-6FF992F7FE56},294,PDC-03-001,PDC,Planned Development,NA,No,No,NA,NA,NA,NA,NA,48645.2099609,886.323299429,NA
{13FEC554-D9C9-43DE-AD22-5CD65549F297},295,PDC-00-173,PDC,Planned Development,NA,No,No,NA,NA,NA,NA,NA,960155.396484,4317.40123794,NA
{68C303BD-0E8A-442B-A645-C9993E492969},296,PDC-00-193,PDC,Planned Development,NA,No,No,NA,NA,NA,NA,NA,700775.65918,3477.78041689,NA
{6E2F8CCB-7A25-4224-BD6A-C66BFCD9832E},297,PDC-03-008,PDC,Planned Development,NA,No,No,NA,NA,NA,NA,NA,1273992.74707,5216.70680892,NA
{59D7CE15-072E-466D-96B3-5D89A8E69CDE},298,PDC-00-199,PDC,Planned Development,NA,No,No,NA,NA,NA,NA,NA,1825368.10156,7361.32269911,NA
{4E8D08EE-D02B-4A30-9EF8-175DF58288A4},299,PDC-00-172,PDC,Planned Development,NA,No,No,NA,NA,NA,NA,NA,1000821.26758,3944.60489038,NA
{BCAF77AB-E7CB-446B-AD75-761066D252AA},300,PDC-06-005,PDC,Planned Development,NA,No,No,NA,NA,NA,NA,NA,421553.74707,3862.57694779,NA
{F92107DA-75EB-49E1-B7AF-B7E6C62783F4},301,PDC-02-007,PDC,Planned Development,NA,No,No,NA,NA,NA,NA,NA,676086.556641,3698.61647447,NA
{F526AE30-B02D-4EEC-A131-360719840678},302,PDC-01-018,PDC,Planned Development,NA,No,No,NA,NA,NA,NA,NA,625971.203125,3299.69220268,NA
{19CEECB1-7BBA-4367-9786-B00A24FFD666},303,PDC-00-195,PDC,Planned Development,NA,No,No,NA,NA,NA,NA,NA,854307.325195,4657.20571186,NA
{3BA16B96-91EC-4B0E-98DF-58B523CF5BA7},304,PDC-07-005,PDC,Planned Development,NA,No,No,NA,NA,NA,NA,NA,205386.038086,1903.59040874,NA
{E4E504C9-A8B9-4AAB-A29E-CB88D91680AF},305,RL,RL,Residential,NA,No,No,NA,NA,NA,NA,NA,1302447.93945,6750.12917467,1
{BA03A6A1-E81E-420C-9D80-860BA736D22D},306,E,E,Public And Quasi-public,NA,No,No,NA,NA,NA,NA,NA,1628960.15625,7423.98953585,NA
{F446DC1B-C684-447F-A9F3-1A147938A2F1},307,RL,RL,Residential,NA,No,No,NA,NA,NA,NA,NA,144400.118164,1520.00062243,1
{1884F118-3365-4120-8C60-12A7932613AD},308,PDI-01-002,PDI,Planned Development,NA,No,No,NA,NA,NA,NA,NA,1085556.82813,7508.98179656,NA
{B4F596B6-82AC-4F11-91E9-2DAED0A8C614},309,PUD 2-82,PD,Planned Development,NA,No,No,NA,NA,NA,NA,NA,832979.794922,3720.24879451,NA
{2C1CB090-78DF-4B80-A242-32685B53BD6A},310,AIR-SE,AIR,Airport,NA,No,No,NA,NA,2014-09-18,NA,NA,5918603.44434,13855.6970646,NA
{A6CB1A2E-0749-4D84-9AB5-BA56693C5D7E},311,AIR-SE,AIR,Airport,NA,No,No,NA,NA,2012-08-15,NA,NA,2944276.59668,13150.9441493,NA
{45BF1A17-0582-494A-88C8-3C9C4C24A0AF},312,AIR-OP,AIR-OP,Airport,NA,No,No,NA,NA,2014-09-18,NA,NA,7707703.17969,19318.165515,NA
{B0824BF4-3588-4F18-8A9E-00E545E2A796},313,RS,RS,Residential,NA,No,No,NA,NA,NA,NA,NA,7262433.13867,14336.0595062,1
{AA4E2DEB-5B39-49F5-8DA3-E97195CA1666},314,RL,RL,Residential,NA,No,No,School site,NA,NA,NA,NA,1363686.57227,8138.8295497,1
{DE5C09E4-B86E-4F41-A2B1-225ADEFC509C},315,RL,RL,Residential,NA,No,No,NA,NA,2018-09-05,GISADMIN,NA,15368346.6748,27547.5535332,1
{9E7EF5C1-9E05-4FAA-8637-B870F7EC6FEC},316,T3N,T3N,Mixed Use,NA,No,No,Bdry adjustment,NA,2014-09-25,NA,NA,9098560.47656,27908.7327528,1
{F058F18C-FF67-4B3E-903E-5B6F43884176},317,MFR,MFR,Residential,NA,No,No,NA,NA,2017-05-25,NA,NA,127501.335938,1451.19472156,2
{3A007702-19AC-4C94-A128-39F1FD66EC64},318,MFR,MFR,Residential,NA,No,No,NA,NA,NA,NA,NA,498853.706055,3695.6230728,2
{E3E37E27-99EA-4B2A-8F36-431FBF4896EB},319,MFR,MFR,Residential,NA,No,No,NA,NA,NA,NA,NA,283157.37793,2860.40950193,2
{7C9DE399-EE06-473D-9E82-DD28220B7FD3},320,T4N,T4N,Mixed Use,NA,No,No,NA,NA,NA,NA,NA,2046258.64063,8530.77635008,2
{0C9B025D-0986-4EE4-8C68-F7CD19539BAC},321,T4N,T4N,Mixed Use,NA,No,No,NA,NA,NA,NA,NA,1554748.83691,5419.99993578,2
{C6D78334-01BD-4689-91BB-9381DC790D02},322,T3N,T3N,Mixed Use,NA,No,No,NA,NA,2012-01-19,NA,NA,4263018.00586,10085.3946124,1
{207BFBAB-BE33-4B93-961F-C18A1076ACAC},323,PDR-06-006,PDR,Planned Development,NA,No,No,Approved by City Council Ordinance 2009 on 09-22-2014,NA,NA,NA,NA,271145.878906,2170.3466003,1
{821A51E3-C19A-4FD7-B294-B2BDD9658BFC},324,CS,CS,Commercial,NA,No,No,NA,NA,2010-08-20,NA,NA,11460.296875,469.179439335,NA
{B61D4D2B-163A-4898-BA9D-C458E769F644},325,PD/R-R-5,PD/R-R-5,Planned Development,NA,No,Yes,NA,NA,2014-03-05,NA,NA,1910173.18262,6149.70159438,1
{6A7B4961-A9F2-4399-A25A-77C92A5BFD72},326,RS,RS,Residential,NA,Yes,No,NA,NA,2011-02-17,NA,NA,1063984.52051,4217.96873485,1
{C6A759A8-B4E7-49DA-A780-B01FFA1FD023},327,PD,PD,Planned Development,NA,YES,No,NA,NA,2011-02-17,NA,NA,919098.737305,3839.22018029,NA
{FC46355E-2061-4C15-B76B-E17926187C05},328,OS-A,OS-A,Open Space,NA,YES,No,Pre-Zoned,NA,2011-02-17,NA,NA,1344492.9707,4600.20970633,3
{642D75AA-33BD-4C9E-A511-406B4FFA76F6},329,RR-5,RR,Residential,NA,YES,No,Pre-Zoned,NA,2014-04-03,NA,NA,120892.670898,1445.44080691,1
{94357093-D39B-4877-B9A3-AB5D96A038B6},330,I-3,I-3,Industrial,NA,YES,No,NA,NA,2011-02-17,NA,NA,670423.666992,4172.69930028,3
{B1F0AF48-345C-47F3-9FE5-24EAD126CDF8},331,PD-SLVSP,PD-SLVSP,Planned Development,Subarea #2,Yes,No,NA,NA,2011-01-21,NA,NA,7775400.91309,26860.6552666,3
{3DFAFB04-AD45-42B8-8BC1-D4A35C293AF3},332,PUD 166,PD-SLVSP,Planned Development,Subarea #1,YES,No,NA,NA,2011-03-02,NA,NA,1884511.53613,7008.73174564,3
{6F79838F-99DB-4563-8506-9E8DC90D7611},333,PD-SLVSP,PD-SLVSP,Planned Development,Subarea #6,Yes,No,NA,NA,2011-03-02,NA,NA,7939661.69727,13431.0214917,3
{B4F28562-F703-4D9D-8075-73EAD436C210},334,PD-SLVSP,PD-SLVSP,Planned Development,Subarea #7,Yes,No,NA,NA,2011-03-02,NA,NA,20068168.4795,28427.0723861,3
{8AB24DB7-45AD-4A79-9BED-7D8722C3C81E},335,RS,RS,Residential,NA,No,No,NA,NA,2011-07-26,NA,NA,95615.4970703,1343.85642244,1
{CED32336-53A3-4767-9FEA-C0EB91330EA4},336,E,E,Public And Quasi-public,NA,No,No,NA,NA,NA,NA,NA,243016.49707,2010.76327089,NA
{F60C4390-AC67-4B7C-8F06-548BD1BE25E1},354,SLV-AG,SLV-AG,Open Space,NA,YES,No,NA,NA,2012-01-19,NA,NA,225569.912109,2022.40502212,NA
{8A6B6D95-2BF8-4326-A234-425F507E8612},359,PDR-10-004,PDR,Planned Development,NA,No,Yes,NA,NA,2014-04-03,NA,NA,258483.405273,2377.88875656,1
{5CEDDE88-D198-4216-B5AF-EE41785C4E05},362,CHS,CHS,Commercial,NA,No,No,"Council Ordinance 2013, 2nd Reading 12/8/2014",NA,2015-03-18,NA,NA,111943.849609,1353.95658571,NA
{E49A5063-E687-40C7-87E1-BA903AFCA5B6},364,PUD 135-80,PD,Planned Development,NA,No,No,NA,NA,2012-07-13,NA,NA,201243.393555,1874.12820735,2
{6046FFA6-1B8D-44B3-9B90-D15C80E42141},365,PUD 69-81,PD,Planned Development,NA,No,No,NA,NA,NA,NA,NA,482072.970703,2997.68950242,2
{318ACEA7-7F52-44A7-908C-49AE4073C7AC},366,PUD 2-80,PD,Planned Development,NA,No,No,NA,NA,NA,NA,NA,152594.795898,1926.08130931,1
{7B66F710-CA35-42A1-ABCB-8ADA15A29E64},367,PUD 11-80,PD,Planned Development,NA,No,No,Per S. Riley,NA,2014-09-18,NA,NA,551233.426758,4455.54786655,2
{150E8F7E-5545-4B53-B417-025955F1BE0F},368,PUD 35-89,PD,Planned Development,NA,No,No,NA,NA,NA,NA,NA,251827.336914,2069.8963239,1
{3D85C7E9-760C-425B-BEB4-077C07878DC2},369,PD,PD,Planned Development,NA,No,No,NA,NA,NA,NA,NA,455694.900391,2721.99041032,NA
{EF47596E-7712-42F2-9794-20ABC0CAB635},370,PD,PD,Planned Development,NA,No,No,NA,NA,NA,NA,NA,3140185.06641,19457.9403953,NA
{B8EAE2E8-301C-440F-9127-B324E825A1A8},372,PUD 99-86,PD,Planned Development,NA,No,No,NA,NA,NA,NA,NA,405865.165039,2585.81214622,1
{C637BB6F-7D12-43EC-82CC-AF2518BC7D08},373,PUD 02-205,PD-SLVSP,Planned Development,Subarea #5,No,No,NA,NA,2011-01-06,NA,NA,482540.222656,3107.3486076,1
{8724830F-7341-489B-8BB5-AFD4F4B60DEE},374,PUD 158,PD-SLVSP,Planned Development,Subarea #5,No,No,NA,NA,2011-01-06,NA,NA,1107881.7793,4382.00838669,1
{9F716E9E-C2B4-4629-ABFF-5F6337DC55E3},375,PUDA 02-004,PD-SLVSP,Planned Development,Subarea #5,No,No,NA,NA,2011-01-06,NA,NA,1395614.12012,5291.80133591,1
{816DDF0E-83EF-42FB-89A9-38B52AFE30E7},376,PD-SLVSP,PD-SLVSP,Planned Development,Subarea #5,No,No,NA,NA,2011-01-06,NA,NA,420368.483398,4165.35105776,NA
{B2ED9FB1-EFAD-4B4D-B46E-E004D054DBEC},378,PUDA 02-001,PD-SLVSP,Planned Development,Subarea #4,No,No,NA,NA,2011-01-06,NA,NA,4470457.42188,8681.31800657,1
{13D570AC-73BD-4400-8387-2BBF5F94B075},379,PUD 154,PD-SLVSP,Planned Development,Subarea #4,No,No,NA,NA,2011-01-06,NA,NA,4354143.9043,8458.98011226,1
{2CE08F0E-D2B4-4297-82C2-005D90B97987},380,PUD 57-88,PD,Planned Development,NA,No,No,NA,NA,NA,NA,NA,21883.6640625,627.930153932,1
{3749819A-4DD2-4AF1-AB9F-37A4DEB4CD8F},381,PUD 111-81,PD,Planned Development,NA,No,No,NA,NA,NA,NA,NA,202184.338867,1969.97911849,2
{746C5B25-31AB-4699-8151-8C08C9012AF0},382,PUD 40-85,PD,Planned Development,NA,No,No,NA,NA,NA,NA,NA,373562.725586,2975.22729947,2
{5F2A14A6-8E2D-4CEF-92AC-6C44A39932CE},384,PUD 153-86,T4N,Mixed Use,NA,No,No,NA,NA,2012-08-14,NA,NA,507471.348633,3439.90321287,2
{7447A3D8-165F-49E2-A2C0-567D195FA0FD},385,PUD 143,PD,Planned Development,NA,No,No,NA,NA,NA,NA,NA,359602.185547,2417.93171135,1
{A5839486-176A-4978-A680-0CC0950B4FC3},386,RG-12,RG,Residential,NA,No,No,NA,NA,NA,NA,NA,27177.2744141,674.69423679,2
{8D46B0D2-AE55-4BB9-A5EA-E01215E779E7},388,PUD 116-78,PD,Planned Development,NA,No,No,NA,NA,NA,NA,NA,304430.688477,2597.40514016,2
{6F7940A4-04B6-4E36-B412-53E9FE0A956A},389,PD,PD,Planned Development,NA,No,No,NA,NA,NA,NA,NA,115306.936523,1417.28029889,1
{BCA9AB7D-6A18-48F5-8EDC-FE2FBF998DC6},391,PUD 216-83,PD,Planned Development,NA,No,No,NA,NA,NA,NA,NA,532922.508789,3379.89050049,2
{E820C39E-5C11-4592-B73B-21205E1028BF},392,PUD 6-81,PD,Planned Development,NA,No,No,NA,NA,NA,NA,NA,228670.351563,2045.88055215,2
{9874B143-BF0A-4BF5-9090-842AC9754789},393,PUD 153-87,PD,Planned Development,NA,No,No,NA,NA,NA,NA,NA,125232.068359,1417.79704004,1
{06D8461A-B052-4B57-83F0-F7FDB4567B17},394,PUDA 04-003,PD-SLVSP,Planned Development,Subarea #1,No,No,NA,NA,2012-01-19,NA,NA,1169489.12402,9804.90934517,1
{50183455-D419-4426-A8A4-9940638EE65E},395,PD-SLVSP,PD-SLVSP,Planned Development,Subarea #1,No,No,NA,NA,2012-01-19,NA,NA,225813.160156,2344.30826493,NA
{9B3BA9E3-FF83-47AD-AEAA-CDC34DA6FE44},397,PUDA 06-001,PD-SLVSP,Planned Development,Subarea #1,No,No,NA,NA,2012-01-19,NA,NA,1302605.64551,5647.88994182,1
{B6CAF547-577D-4472-860D-BE7FDA90AECE},398,PUDA 01-204,PD-SLVSP,Planned Development,Subarea #2,No,No,NA,NA,2011-01-06,NA,NA,1080200.73242,4171.2052705,1
{01E29E36-D3A4-40CF-ACDB-AD18BA1DD256},401,PUDA 04-002,PD-SLVSP,Planned Development,Subarea #2,No,No,NA,NA,2011-01-06,NA,NA,788075.321289,3964.65741788,1
{1174DECC-0452-4D68-B82A-ED70B41C6B43},402,PD-SLVSP,PD-SLVSP,Planned Development,Subarea #2,No,No,NA,NA,2011-01-06,NA,NA,440680.985352,3451.78624894,NA
{6D20A666-3E96-464E-B10A-C9AB093E7E76},403,PUDA 07-001,PD-SLVSP,Planned Development,Subarea #2,No,No,NA,NA,2011-01-06,NA,NA,914698.4375,5547.83598767,1
{19550F4E-2BB3-4083-8517-5C0F7240A6E5},404,PUDA 02-003,PD-SLVSP,Planned Development,Subarea #2,No,No,NA,NA,2011-01-06,NA,NA,1147571.02246,5765.57755813,1
{03221A0E-CF36-4328-9E73-E9D595E179F1},405,PUDA 04-001,PD-SLVSP,Planned Development,Subarea #2,No,No,NA,NA,2011-01-06,NA,NA,1056878.85352,4490.9156211,1
{2E556867-E8F8-4F9A-B459-603D9A6DA0F1},406,PUDA 01-013,PD-SLVSP,Planned Development,Subarea #2,No,No,NA,NA,2011-01-06,NA,NA,1589287.52051,5536.4325626,1
{ADC65A45-84F2-4107-B13E-F34085B58ADF},407,PUD 159-A,PD-SLVSP,Planned Development,Subarea #2,No,No,NA,NA,2011-01-06,NA,NA,1488000.61426,5568.36485468,1
{FD815AA1-234A-4097-B934-8859FD8386CE},409,PUD 3,RS,Residential,NA,No,No,NA,NA,NA,NA,NA,194057.204102,3919.00726901,NA
{F9385BE6-E605-4731-BED3-3B241D5E34BE},411,PUD 110-87,PD,Planned Development,NA,No,No,NA,NA,NA,NA,NA,564722.092773,3818.75001601,1
{DED0836D-7909-4FAB-9C12-E295B633E185},413,PUDA 95-89,PD,Planned Development,NA,No,No,NA,NA,NA,NA,NA,4699835.8916,13979.840702900001,1
{E2313D24-69C8-45D1-9997-86205C5BD054},414,PUD 240-84,PD,Planned Development,NA,No,No,NA,NA,NA,NA,NA,301660.30957,2444.0661745,1
{25132831-ADDB-4345-A264-648CF49DDF44},415,PUD 71-88,PD,Planned Development,NA,No,No,NA,NA,NA,NA,NA,2084444.34277,8940.85476416,1
{9A40EABE-1096-4B01-8F96-1BECB37759D3},416,PUD 71-88,PD,Planned Development,NA,No,No,NA,NA,2015-05-21,NA,NA,47123.0673828,1338.4238198,NA
{0653016A-06F8-42BF-AF8E-76B8F0FE516B},417,PUD 138,PD,Planned Development,NA,No,No,NA,NA,NA,NA,NA,403215.231445,2671.28038881,NA
{57EE80FC-B426-4AD4-B273-77DC54B0005D},418,PUD 49-89,PD,Planned Development,NA,No,No,NA,NA,NA,NA,NA,5093182.81543,11927.6823186,1
{37B80808-C0C3-44B8-A5D2-CA37021DDF39},421,PUD 72-88,PD,Planned Development,NA,No,No,NA,NA,NA,NA,NA,1984125.06641,8146.746114,1
{136F490A-DC8A-4A92-B66C-12F2822B8269},422,PUD 29-89,PD,Planned Development,NA,No,No,NA,NA,2014-03-05,NA,NA,4250906.6582,9136.78283132,1
{6F588527-FF8E-44B7-8EF8-44B152893275},423,PDC-14-002,PD,Planned Development,NA,No,No,NA,NA,2017-08-24,NA,NA,230983.110352,3060.76840619,NA
{E776D4EC-9359-4067-B73B-783A193BA1E4},424,PUD 29-94,PD,Planned Development,NA,No,No,NA,NA,NA,NA,NA,19586.6191406,567.464247344,NA
{377AE989-9AC7-4318-BCF7-57E475E93343},425,PD,PD,Planned Development,NA,No,No,NA,NA,NA,NA,NA,199597.724609,2748.82986841,NA
{14CE634B-E260-4594-9551-D18855E4A4DB},426,PUD 29-94,PD,Planned Development,NA,No,No,NA,NA,NA,NA,NA,44042.3066406,2023.64989773,NA
{4C730C5D-1087-4B85-BABA-8D5FEC986503},427,RL,RL,Residential,NA,No,No,PUD 16,NA,2014-04-03,NA,NA,1180465.87402,4926.52393255,1
{410BD924-38A4-446C-AA49-7D84156EBBA0},428,PUD 117-91,PD,Planned Development,NA,No,No,NA,NA,NA,NA,NA,965360.607422,4437.30238904,NA
{399683EB-3CF7-45AA-9AA2-94A922E84C76},429,PD,PD,Planned Development,NA,No,No,NA,NA,NA,NA,NA,19275.7509766,566.777607358,1
{C550114C-3D7F-4D19-B533-92981FB57F84},430,PD,PD,Planned Development,NA,No,No,NA,NA,NA,NA,NA,379366.819336,2504.57563868,NA
{59D87088-677E-4807-AB88-4F40D6397686},431,PUD 139,PD,Planned Development,NA,No,No,NA,NA,NA,NA,NA,586189.698242,3086.76026862,NA
{050F91A8-623D-4C68-8C6C-FAE83BB90177},432,PUD 118,PD,Planned Development,NA,No,No,NA,NA,NA,NA,NA,206147.000977,1879.14758755,1
{F0A717A6-AF9D-428B-9413-1F25D85EC3BF},433,PUD 33-85,PD,Planned Development,NA,No,No,NA,NA,NA,NA,NA,54426.6738281,994.514480708,2
{D2F00CAB-0CF2-4549-8471-4D99AA8CDBD1},435,PD,PD,Planned Development,NA,No,No,"Not PUD 139, MURF#11607, Confirmed S Riley 5/4/2015",NA,2015-05-06,NA,NA,141853.847656,1545.20125733,1
{1A8F7BFE-7FEF-4606-A6CD-E66E7974B0FB},436,PUD 82-88,PD,Planned Development,NA,No,No,NA,NA,NA,NA,NA,157815.59375,1712.40607316,2
{1AA88DCA-635B-4133-B7D8-4FA70C1A0E09},437,PUD 202-88,PD,Planned Development,NA,No,No,NA,NA,NA,NA,NA,240309.333008,2218.89984071,1
{FB58CB8F-7961-49B3-86BE-1561036ABEF4},438,PUD 1-81,PD-16,Planned Development,NA,No,No,NA,NA,NA,NA,NA,145776.510742,1687.22840328,2
{FC8B6F8B-98CA-4DC3-8E11-B5ECB4EB1922},439,PUD 17-89,PD-16,Planned Development,NA,No,No,NA,NA,NA,NA,NA,29848.1298828,1054.96670553,2
{7DA03608-CB01-4E15-802B-C2170CB29C7C},440,PUD 153-84,PD,Planned Development,NA,No,No,NA,NA,NA,NA,NA,598825.754883,3718.90276854,NA
{BD1C6571-497F-44A9-AD33-7F98D0DB9011},441,PUD 12-94,PD,Planned Development,NA,No,No,NA,NA,NA,NA,NA,71687.40625,1273.65970585,NA
{437F9349-D3B0-4130-AA35-A27F9F5AEDA7},442,AIR-OP,PD,Airport,NA,No,No,PD,NA,2014-03-06,NA,NA,158248.295898,1601.40723299,NA
{4A486CC0-FF62-4C7C-95B6-BF8BC0528854},443,AIR-OP,AIR-OP,Airport,NA,No,No,PUD 153-84,NA,2014-03-06,NA,NA,391001.475586,2649.65961636,NA
{B4AF3423-6825-4408-AAC6-88206FBA4AED},444,PUD 153-84,PD,Planned Development,NA,No,No,NA,NA,NA,NA,NA,1126978.70996,6238.42384686,NA
{FDB723DE-1D9B-49DE-BFB3-7351C860D0FD},445,PDI 18-002,PD,Planned Development,NA,No,No,NA,NA,2019-04-24,GISADMIN,NA,823410.118164,3643.71547045,NA
{AABAC8EE-96EF-45CA-AD79-659DF2EA7575},446,PUD 10-001,PD-SLVSP,Planned Development,Subarea #3,No,No,NA,NA,2011-01-06,NA,NA,644362.982422,3254.05934663,1
{12EC6804-005B-475A-BA20-21013DCDBBFE},447,PUD 188-89,PD,Planned Development,NA,No,No,NA,NA,2011-09-13,NA,NA,255457.240234,2190.44076036,2
{41402A0E-99D0-41AD-96A0-3C30B6D62591},448,PUD 105-80,PD,Planned Development,NA,No,No,NA,NA,2011-09-13,NA,NA,1480255.9541,5049.00271207,NA
{3A59700B-8F40-4A0A-ABCE-EF998C253FB3},449,MFR,MFR,Residential,NA,No,Yes,"Rezoned 7/28/2014 CC Ordinance 2004, was PUD 18-83",NA,2015-04-29,NA,NA,186982.158203,2023.16381316,2
{AA836A19-BEC8-4D72-8005-77FF0A6A1C87},451,PUD 44-87,PD,Planned Development,NA,No,No,NA,NA,2011-09-13,NA,NA,254326.648438,2615.865907,1
{8C86EFF7-FFF2-4DB2-9E89-A0A1005FCD0B},452,PUD 246-81,PD,Planned Development,NA,No,Yes,"Chg Approved by CC July 24, 2017",NA,2017-08-24,NA,NA,2117000.20215,10445.5543766,NA
{1491CC4F-3EEF-453C-A5F1-29296DD13B0F},453,PUD 21-84,PD,Planned Development,NA,No,No,NA,NA,2011-09-13,NA,NA,41311.6445313,806.994650636,NA
{34967ED8-0EDD-4C2B-B787-F2B5CF4AF3FB},454,PUD 88-81,PD,Planned Development,NA,No,No,NA,NA,2011-09-13,NA,NA,192851.915039,1850.94548832,NA
{BADED307-FE2B-412C-B599-2FEC2B27DE0B},455,PUD 31-85,PD,Planned Development,NA,No,No,NA,NA,2011-09-13,NA,NA,404869.31543,2971.57290431,2
{28BA95B4-0044-4769-8C8B-661758B9708D},456,PUD 39-80,PD,Planned Development,NA,No,No,NA,NA,2011-09-13,NA,NA,53819.6162109,1166.56819441,1
{AF8E25E5-5BAE-40D9-948F-12DB7F1362D1},458,PUD 109-78,PD,Planned Development,NA,No,No,Snap to parcels,NA,2014-10-01,NA,NA,1596000.78711,8801.04089781,1
{650056DF-E647-4D0B-A2DB-7D5B4F310044},459,PUD 39-80,PD,Planned Development,NA,No,No,NA,NA,2011-09-13,NA,NA,162930.851563,2168.84372574,1
{7E038388-94AF-43CE-B5EB-B7CA1A86D3D4},463,PUD 139-80,PD,Planned Development,NA,No,No,NA,NA,2011-09-13,NA,NA,121208.254883,1448.11519451,1
{F0CE313C-B494-4F56-BAE5-ED5BC759F7AC},465,PUD 139-80,PD,Planned Development,NA,No,No,NA,NA,NA,NA,NA,269014.665039,2253.838087,2
{F248D493-4790-4B05-91BB-D1907FF8988E},471,PUD 156,PD,Planned Development,NA,No,No,NA,NA,NA,NA,NA,143044.126953,1782.30625618,1
{EF52EEDC-6744-471C-A823-B5FB7061C48E},472,PUD 91-90,PD,Planned Development,NA,No,No,NA,NA,NA,NA,NA,101026.646484,1604.44451921,1
{A17AB0C0-30C7-4C31-BA4A-2D3894B95605},473,PUD 178-90,PD,Planned Development,NA,No,No,NA,NA,NA,NA,NA,1387876.20117,6944.39523003,1
{DE4A23CF-F780-438F-922B-70EB377A1E14},474,PUD 51-93,PD,Planned Development,NA,No,No,NA,NA,NA,NA,NA,256566.782227,2531.56333785,1
{88305E31-B103-438E-B726-2F2F067C97D6},475,PUD 150,PD,Planned Development,NA,No,No,NA,NA,NA,NA,NA,675744.361328,5053.11018986,1
{C7A2729B-CE7C-405F-B8B5-8B5D1BB61206},476,PUD 129,PD,Planned Development,NA,No,No,NA,NA,NA,NA,NA,416478.009766,2746.68366927,1
{CCC69F64-A46E-4167-8561-74D53DD84E30},477,PUD 129,PD,Planned Development,NA,No,No,NA,NA,NA,NA,NA,40353.2294922,960.661568603,1
{EE45CED3-1425-4A40-B57A-1D15FD1F527C},478,PUD 53-93,PD,Planned Development,NA,No,No,NA,NA,NA,NA,NA,1502939.69629,5008.78237828,1
{033E6A14-0BAD-49B1-9BFF-574CB88BD712},479,PUD 105,PD,Planned Development,NA,No,No,NA,NA,NA,NA,NA,413102.974609,3178.3815478,NA
{ED46CFB0-BA66-4350-B08E-B25C53CEE299},480,PD,PD,Planned Development,NA,No,No,NA,NA,NA,NA,NA,1737901.51758,5387.29378203,NA
{9F540AE3-BCCA-4878-AFF0-EF07D873C1F3},481,PUD 66-94,PD,Planned Development,NA,No,No,NA,NA,NA,NA,NA,2139380.27539,5918.28751595,1
{E9BFF9F2-1F9A-4D9E-83FF-3F12EEBF5ACB},482,PUD 137,PD,Planned Development,NA,No,No,NA,NA,NA,NA,NA,817697.181641,4322.17281105,1
{6B1E298E-11BE-4855-BC59-84D8B0EB17DD},483,PUD 107,PD,Planned Development,NA,No,No,NA,NA,NA,NA,NA,216018.882813,2403.74581556,2
{930A7E31-401F-4DB0-A0D7-037294BFA5BE},485,PUD 57-93,PD,Planned Development,NA,No,No,NA,NA,NA,NA,NA,215329.429688,2395.69252389,1
{5A0390FD-5FF5-4F71-81BA-8DF7053FB3A6},486,PUD 54-93,PD,Planned Development,NA,No,No,NA,NA,NA,NA,NA,430728.470703,2839.94003649,1
{6A9CD2B5-3914-4DDB-9DCA-F3619BA3A6E6},487,PUD 103,PD,Planned Development,NA,No,No,NA,NA,NA,NA,NA,648246.336914,3292.40344324,1
{8F34CFD3-3902-4178-B379-B0E2DB7DC179},488,PUD 104,PD,Planned Development,NA,No,No,NA,NA,NA,NA,NA,653649.630859,3300.71186396,1
{52A23E2C-DC7E-4700-9EE3-AE5577D8BB64},489,PUD 113,PD,Planned Development,NA,No,No,NA,NA,NA,NA,NA,435768.104492,2860.72350041,1
{AAC1550A-ED00-45E2-9ACD-3033966F08A9},490,PUD 116-94,PD,Planned Development,NA,No,No,NA,NA,NA,NA,NA,612109.447266,3494.43295812,1
{2FE1EC8B-2445-4A05-8604-3ECCB5987F46},492,PUD 52-93,PD,Planned Development,NA,No,No,NA,NA,NA,NA,NA,1795698.73535,6376.82298603,1
{AC7C16C7-E102-4AAF-B9B6-0376597B7D48},495,PD,PD,Planned Development,NA,No,No,NA,NA,NA,NA,NA,3341641.11328,11306.3565747,NA
{37AF5818-4FE3-4DF3-910A-A694D7980C0C},496,PUD 98-88,PD,Planned Development,NA,No,No,NA,NA,NA,NA,NA,81571.1083984,1195.52514608,1
{52A982A7-281B-4BF6-B105-FB97AD317842},497,PUD 4-81,PD,Planned Development,NA,No,No,NA,NA,NA,NA,NA,615505.021484,4377.4455445,2
{A65C0EBF-C86E-440E-BCEC-DD90ED8CB430},499,PUD 201-82,PD,Planned Development,NA,No,No,NA,NA,NA,NA,NA,329622.283203,3195.29422144,2
{EA2174CE-AA97-4752-9AE1-A965795FCFFA},501,PUD 196-83,PD,Planned Development,NA,No,No,NA,NA,NA,NA,NA,38348.1269531,786.090060898,2
{09A1D742-D483-41E5-B167-6FAFF3EA8C8A},502,PUD 225-83,PD,Planned Development,NA,No,No,NA,NA,NA,NA,NA,303893.098633,2631.59147881,1
{D63FB4A3-D833-4C43-9A4A-EC6D48E0AA23},503,PUD 196-83,PD,Planned Development,NA,No,No,NA,NA,NA,NA,NA,554467.822266,3188.01203972,2
{6B55D389-97A9-4B8A-B9F6-7F7FD24D5617},504,PUD 184-84,PD,Planned Development,NA,No,No,NA,NA,NA,NA,NA,377059.19043,2615.86665591,0
{913983CD-4317-4142-9F23-5C57664C028A},505,PD,PD,Planned Development,NA,No,No,NA,NA,NA,NA,NA,273743.461914,2391.62430249,NA
{8A8719E6-FF7F-49FD-BC14-D70BF170FDB3},506,PUD 127-78,PD,Planned Development,NA,No,No,NA,NA,NA,NA,NA,10202.4707031,413.725775815,1
{6F2817EE-D3DF-4C3B-BA12-39907A78D6B1},507,PD,PD,Planned Development,NA,No,No,NA,NA,2011-09-13,NA,NA,108824.976563,1359.37703094,NA
{F50427B5-AB42-4B0A-8461-132C9EFB886D},508,PUD 195-94,PD,Planned Development,NA,No,No,NA,NA,2011-09-13,NA,NA,65329.2802734,1007.18276531,NA
{369FF067-E725-45A5-959E-10AF61962DCF},510,PD,PD,Planned Development,NA,No,No,NA,NA,2011-09-13,NA,NA,1475507.96582,9229.58649352,NA
{88FF4BD3-AB91-472C-9C54-45D19A31E6FA},511,PUD 109,PD,Planned Development,NA,No,No,NA,NA,2011-09-13,NA,NA,145123.289063,1625.92317374,NA
{58EA99F9-DC10-47B0-8DFC-A4B320427E28},912,PUD 106,PD,Planned Development,NA,No,No,NA,NA,2014-03-05,NA,NA,548842.530273,3098.570033,1
{AA81B43A-C0AF-4E3D-8F1D-E3E3E5BBEEC3},1312,PD,PD,Planned Development,NA,No,No,Per S. Riley,NA,2014-09-18,NA,NA,109124.907227,1361.91102278,NA
{E7E45C3F-0BFB-4A4D-B915-62E53B75A55A},1313,PDR 12-002,PD,Planned Development,NA,No,No,Snap to parcels,NA,2014-10-01,NA,NA,242140.610352,2199.08153408,1
{0213EE48-0CEC-4972-B0FB-DD7ABA073BF1},1712,PD,PD,Planned Development,NA,No,Yes,NA,NA,2014-04-16,NA,NA,59279.2626953,996.945929981,NA
{BC297A1D-415C-406D-BE7D-E0E6F2D6AC38},2112,PUD 18-83,PD,Planned Development,NA,No,Yes,NA,NA,2015-04-29,NA,NA,174180.700195,2596.68941604,NA
{47003E40-3238-4EA1-A66B-1A59F4CB7D71},2512,PDR-13-002,PDR-13-002,Planned Developement,NA,No,Yes,NA,NA,2015-08-13,NA,NA,1788589.64453,5653.88885218,1
{83029FBF-4552-427E-A1F9-FD908EAB52BA},2514,PDR 15-001,PDR,Residential,NA,No,No,NA,NA,2017-05-25,NA,NA,225244.25293,2375.69242484,1
{9FA83A86-B03D-476F-BA86-87CE34B49533},2914,PDR 07-002,PDR 07-002,Residential,NA,No,No,NA,NA,2017-05-25,NA,NA,56876.8261719,998.176901136,2
{E426E5A8-8193-4706-98DA-5F8D485CFDF9},2915,MFR,MFR,Residential,NA,No,No,NA,NA,2017-05-25,NA,NA,38612.5117188,954.522535383,2
{4A925F0B-DE44-481C-95AF-E29D5439C8B4},2916,PUD 246-81,PD,Planned Development,NA,No,Yes,"Chg Approved by CC July 24, 2017",NA,2017-08-24,NA,NA,732890.923828,4506.66672291,NA
{392D1885-B14B-409E-B4EF-59EC3056156E},2917,PDR-16-004,PD,Planned Development,NA,No,Yes,"Chg Approved by CC July 24, 2017",NA,2017-08-24,NA,NA,665225.398438,3325.59119406,1
{253BF9BD-969D-4511-BEB1-4F7626224EC0},2918,CS,CS,Commercial,NA,No,No,NA,NA,2014-09-18,NA,NA,488281.737305,3526.1700074,NA
{D763687F-9C51-4221-88B8-35ACA0001CBE},2919,T4N,T4N,Commercial,NA,No,No,Ordinance #2058,NA,2017-08-24,NA,NA,334133.09668,2312.53795374,2
{6CCD4FB9-4C21-425B-A414-CA80310A5063},2920,RS,RESIDENTIAL,NA,NA,Yes,No,NA,NA,2017-08-24,NA,NA,408847.172852,3136.36593914,1
{C61F8B22-E94B-49A7-98D9-E27C0F21B33B},315,RG-12,RL,Residential,NA,No,No,NA,2018-09-05,2018-09-05,GISADMIN,Proposed change 3622 East Ave,14017.2802734,545.986075326,2
{5A745352-A298-480C-AAC9-A14317F0D8E4},445,PD,PD,Planned Development,NA,No,No,NA,2019-04-24,2019-04-24,GISADMIN,NA,489352.950195,5660.59778132,NA
