Entity,Layer,Color,Linetyp,Elevatn,LineWt,RefName,Symblgy,Red,Green,Blue,Shp_STA,Shp_STL,gnrl_p_,id,edt_g__,zoning
LWPolyline,ZM-RC,7,Continuous,0,25,NA,RC,238,255,153,367416.269531,2463.16423857,RC,1,RC,1
LWPolyline,ZM-AG,7,Continuous,0,25,NA,AG,129,129,0,79541.203125,1301.50004427,AG,2,AG,0
LWPolyline,ZM-RE-B,7,Continuous,0,25,NA,RE-B,255,255,163,95658.8183594,1655.3990581,RE-B,3,RE-B,1
LWPolyline,ZM-RM-R,7,Continuous,0,25,NA,RM,214,173,92,494482.293945,3686.38997156,RM,4,RM,2
LWPolyline,ZM-RMH-R,7,Continuous,0,25,NA,RMH,209,156,71,387838.09375,2857.57704685,RMH,5,RMH,2
LWPolyline,ZM-OS-1,7,Continuous,0,25,NA,OS-1,217,255,204,54741.1757813,1306.50181358,OS-1,6,OS-1,0
LWPolyline,ZM-P,7,Continuous,0,25,NA,P,126,189,126,153543.021484,2261.57248268,P,7,P,0
LWPolyline,ZM-OS-1,7,Continuous,0,25,NA,OS-1,217,255,204,45169.6689453,1102.97624812,OS-1,8,OS-1,0
LWPolyline,ZM-RMH-R,7,Continuous,0,25,NA,RMH,209,156,71,478969.769531,2971.1426285,RMH,9,RMH,2
LWPolyline,ZM-RH-R,7,Continuous,0,25,NA,RH,0,0,0,807833.352539,4581.27789009,RH,10,RH,2
LWPolyline,__ Layer Off No Zone,11,Continuous,0,25,NA,No Zoning Info,0,0,0,240837.996094,2090.32293331,SP_MF,11,SP_MF,2
LWPolyline,__ Layer Off No Zone,11,Continuous,0,25,NA,No Zoning Info,0,0,0,870739.910156,6041.79519596,SP_NonRes,12,SP_NonRes,0
LWPolyline,__ Layer Off No Zone,11,Continuous,0,25,NA,No Zoning Info,0,0,0,38349.7714844,838.735020727,SP_NonRes,13,SP_NonRes,0
LWPolyline,__ Layer Off No Zone,11,Continuous,0,25,NA,No Zoning Info,0,0,0,481259.621094,2946.99275005,SP_NonRes,14,SP_NonRes,0
LWPolyline,__ Layer Off No Zone,11,Continuous,0,25,NA,No Zoning Info,0,0,0,220194.770508,1903.82328947,SP_NonRes,15,SP_NonRes,0
LWPolyline,__ Layer Off No Zone,11,Continuous,0,25,NA,No Zoning Info,0,0,0,133526.527344,1604.50215759,SP_NonRes,16,SP_NonRes,0
LWPolyline,__ Layer Off No Zone,11,Continuous,0,25,NA,No Zoning Info,0,0,0,101410.849609,1483.08639205,SP_NonRes,17,SP_NonRes,0
LWPolyline,__ Layer Off No Zone,11,Continuous,0,25,NA,No Zoning Info,0,0,0,114295.642578,1530.01434577,SP_NonRes,18,SP_NonRes,0
LWPolyline,__ Layer Off No Zone,11,Continuous,0,25,NA,No Zoning Info,0,0,0,48990.7773438,1034.6822927,SP_NonRes,19,SP_NonRes,0
LWPolyline,__ Layer Off No Zone,11,Continuous,0,25,NA,No Zoning Info,0,0,0,21930.6279297,604.133470612,SP_NonRes,20,SP_NonRes,0
LWPolyline,__ Layer Off No Zone,11,Continuous,0,25,NA,No Zoning Info,0,0,0,85872.2324219,1437.7650861,SP_NonRes,21,SP_NonRes,0
LWPolyline,__ Layer Off No Zone,11,Continuous,0,25,NA,No Zoning Info,0,0,0,78201.7138672,1471.92792655,SP_NonRes,22,SP_NonRes,0
LWPolyline,__ Layer Off No Zone,11,Continuous,0,25,NA,No Zoning Info,0,0,0,333331.648438,5371.81289421,SP_NonRes,23,SP_NonRes,0
LWPolyline,__ Layer Off No Zone,11,Continuous,0,25,NA,No Zoning Info,0,0,0,213154.413086,2619.83295272,SP_NonRes,24,SP_NonRes,0
LWPolyline,__ Layer Off No Zone,11,Continuous,0,25,NA,No Zoning Info,0,0,0,449170.325195,3741.3176961999998,SP_NonRes,25,SP_NonRes,0
LWPolyline,ZM-OL,7,Continuous,0,25,NA,OL,255,167,138,135976.933594,1758.50624745,OL,26,OL,0
LWPolyline,ZM-OL,7,Continuous,0,25,NA,OL,255,167,138,376874.960938,4157.17520808,OL,27,OL,0
LWPolyline,ZM-OA,7,Continuous,0,25,NA,OA,255,217,204,75085.1191406,1113.0140154,OA,28,OA,0
LWPolyline,ZM-OA,7,Continuous,0,25,NA,OA,255,217,204,22803.484375,765.825906945,OA,29,OA,0
LWPolyline,ZM-OS-1,7,Continuous,0,25,NA,OS-1,217,255,204,50043.6835938,2691.77375691,OS-1,30,OS-1,0
LWPolyline,ZM-P,7,Continuous,0,25,NA,P,126,189,126,324121.484375,3277.68744029,P,31,P,0
LWPolyline,ZM-RMH,7,Continuous,0,25,NA,RMH,209,156,71,135351.489258,1881.31175802,RMH,32,RMH,2
LWPolyline,ZM-RMH,7,Continuous,0,25,NA,RMH,209,156,71,163000.00293,1687.74331971,RMH,33,RMH,2
LWPolyline,ZM-OA,7,Continuous,0,25,NA,OA,255,217,204,175577.208984,1766.68831714,OA,34,OA,0
LWPolyline,ZM-OA,7,Continuous,0,25,NA,OA,255,217,204,438028.180664,2759.88213912,OA,35,OA,0
LWPolyline,ZM-OL,7,Continuous,0,25,NA,OL,255,167,138,39194.6181641,889.460206114,OL,36,OL,0
LWPolyline,ZM-PS,7,Continuous,0,25,NA,PS,126,157,189,141187.689453,1792.72396546,PS,37,PS,0
LWPolyline,__ Layer Off No Zone,11,Continuous,0,25,NA,No Zoning Info,0,0,0,537068.854492,3090.64669371,SP_NonRes,38,SP_NonRes,0
LWPolyline,__ Layer Off No Zone,11,Continuous,0,25,NA,No Zoning Info,0,0,0,855853.161133,4086.94479188,SP_NonRes,39,SP_NonRes,0
LWPolyline,__ Layer Off No Zone,11,Continuous,0,25,NA,No Zoning Info,0,0,0,81215.2929688,1202.38444858,SP_NonRes,40,SP_NonRes,0
LWPolyline,__ Layer Off No Zone,11,Continuous,0,25,NA,No Zoning Info,0,0,0,28579.078125,688.344830409,SP_NonRes,41,SP_NonRes,0
LWPolyline,__ Layer Off No Zone,11,Continuous,0,25,NA,No Zoning Info,0,0,0,40393.4443359,824.205963234,SP_NonRes,42,SP_NonRes,0
LWPolyline,__ Layer Off No Zone,11,Continuous,0,25,NA,No Zoning Info,0,0,0,135707.56543,1879.73672378,SP_NonRes,43,SP_NonRes,0
LWPolyline,__ Layer Off No Zone,11,Continuous,0,25,NA,No Zoning Info,0,0,0,291316.173828,2359.18791805,SP_NonRes,44,SP_NonRes,0
LWPolyline,__ Layer Off No Zone,11,Continuous,0,25,NA,No Zoning Info,0,0,0,494662.492188,3102.52519872,SP_NonRes,45,SP_NonRes,0
LWPolyline,ZM-OL,7,Continuous,0,25,NA,OL,255,167,138,61332.1044922,1160.29571395,OL,46,OL,0
LWPolyline,ZM-RM,7,Continuous,0,25,NA,RM,214,173,92,25498.8652344,928.120802753,RM,47,RM,2
LWPolyline,ZM-RM,7,Continuous,0,25,NA,RM,214,173,92,1165428.90918,5826.69847818,RM,48,RM,2
LWPolyline,ZM-PS,7,Continuous,0,25,NA,PS,126,157,189,414038.227539,2757.3872998,PS,49,PS,0
LWPolyline,ZM-RS-D,7,Continuous,0,25,NA,RS-D,228,193,103,708969.716797,5891.90751259,RS-D,50,RS-D,1
LWPolyline,ZM-RS-D,7,Continuous,0,25,NA,RS-D,228,193,103,294962.473633,2147.05483422,RS-D,51,RS-D,1
LWPolyline,ZM-RE-B,7,Continuous,0,25,NA,RE-B,255,255,163,3308098.60742,12290.0776089,RE-B,52,RE-B,1
LWPolyline,ZM-P,7,Continuous,0,25,NA,P,126,189,126,200811.332031,2027.84163374,P,53,P,0
LWPolyline,ZM-RS-12,7,Continuous,0,25,NA,RS-12,252,246,131,242482.314453,2301.37487984,RS-12,54,RS-12,1
LWPolyline,ZM-OS-1,7,Continuous,0,25,NA,OS-1,217,255,204,360477.541016,4873.13733691,OS-1,55,OS-1,0
LWPolyline,ZM-RE-A,7,Continuous,0,25,NA,RE-A,255,255,219,1210621.79785,7507.30793521,RE-A,56,RE-A,1
LWPolyline,ZM-RMH,7,Continuous,0,25,NA,RMH,209,156,71,253147.631836,2321.21295201,RMH,57,RMH,2
LWPolyline,ZM-RS-7,7,Continuous,0,25,NA,RS-7,255,234,128,736869.240234,4251.35610519,RS-7,58,RS-7,1
LWPolyline,ZM-RM,7,Continuous,0,25,NA,RM,214,173,92,397842.010742,2842.25453303,RM,59,RM,2
LWPolyline,ZM-RS-10,7,Continuous,0,25,NA,RS-10,250,232,71,5488527.77637,18857.4927245,RS-10,60,RS-10,1
LWPolyline,ZM-P,7,Continuous,0,25,NA,P,126,189,126,895202.574219,3921.78600637,P,61,P,0
LWPolyline,ZM-PS,7,Continuous,0,25,NA,PS,126,157,189,233928.966797,1933.33581215,PS,62,PS,0
LWPolyline,ZM-RMH,7,Continuous,0,25,NA,RMH,209,156,71,115250.607422,1367.70573487,RMH,63,RMH,2
LWPolyline,ZM-RS-D,7,Continuous,0,25,NA,RS-D,228,193,103,1388981.53906,4737.41590179,RS-D,64,RS-D,1
LWPolyline,ZM-RM,7,Continuous,0,25,NA,RM,214,173,92,454151.077148,3132.36652584,RM,65,RM,2
LWPolyline,ZM-P,7,Continuous,0,25,NA,P,126,189,126,743280.405273,3845.19548006,P,66,P,0
LWPolyline,ZM-OS-1,7,Continuous,0,25,NA,OS-1,217,255,204,2268552.87695,11972.3871841,OS-1,67,OS-1,0
LWPolyline,ZM-OS-1,7,Continuous,0,25,NA,OS-1,217,255,204,49077.6376953,2147.75809081,OS-1,68,OS-1,0
LWPolyline,ZM-OS-1,7,Continuous,0,25,NA,OS-1,217,255,204,103319.785156,2949.69091507,OS-1,69,OS-1,0
LWPolyline,ZM-PS,7,Continuous,0,25,NA,PS,126,157,189,463797.003906,2657.38511117,PS,70,PS,0
LWPolyline,ZM-RS-10,7,Continuous,0,25,NA,RS-10,250,232,71,693144.842773,3729.34882416,RS-10,71,RS-10,1
LWPolyline,ZM-CT,7,Continuous,0,25,NA,CT,255,56,56,181929.725586,2688.71005715,CT,72,CT,0
LWPolyline,ZM-CT,7,Continuous,0,25,NA,CT,255,56,56,321547.739258,3419.22375573,CT,73,CT,0
LWPolyline,ZM-RS-D,7,Continuous,0,25,NA,RS-D,228,193,103,1614642.19434,5652.08511647,RS-D,74,RS-D,1
LWPolyline,ZM-RS-D,7,Continuous,0,25,NA,RS-D,228,193,103,1654409.48438,9403.48886671,RS-D,75,RS-D,1
LWPolyline,ZM-RS-10,7,Continuous,0,25,NA,RS-10,250,232,71,501025.370117,2862.34232978,RS-10,76,RS-10,1
LWPolyline,ZM-RS-6,7,Continuous,0,25,NA,RS-6,247,218,110,526419.324219,3992.75111142,RS-6,77,RS-6,1
LWPolyline,ZM-RS-10,7,Continuous,0,25,NA,RS-10,250,232,71,1580631.24121,5330.58243125,RS-10,78,RS-10,1
LWPolyline,ZM-PS,7,Continuous,0,25,NA,PS,126,157,189,349128.717773,2378.85532806,PS,79,PS,0
LWPolyline,__ Layer Off No Zone,11,Continuous,0,25,NA,No Zoning Info,0,0,0,463645.178711,3534.2406371,SP_NonRes,80,SP_NonRes,0
LWPolyline,__ Layer Off No Zone,11,Continuous,0,25,NA,No Zoning Info,0,0,0,829797.324219,3800.19396634,SP_NonRes,81,SP_NonRes,0
LWPolyline,__ Layer Off No Zone,11,Continuous,0,25,NA,No Zoning Info,0,0,0,541641.962891,3332.46973466,SP_NonRes,82,SP_NonRes,0
LWPolyline,__ Layer Off No Zone,11,Continuous,0,25,NA,No Zoning Info,0,0,0,0.001953125,0.00800001621,SP_NonRes,83,SP_NonRes,0
LWPolyline,ZM-CC-H,7,Continuous,0,25,NA,CC-H,255,102,51,519459.130859,3281.82809698,CC-H,84,CC-H,0
LWPolyline,ZM-OA-H,7,Continuous,0,25,NA,OA-H,255,217,204,5690739.28809,10295.8238387,OA-H,85,OA-H,0
LWPolyline,ZM-PS,7,Continuous,0,25,NA,PS,126,157,189,480566.628906,2906.20643695,PS,86,PS,0
LWPolyline,ZM-RM,7,Continuous,0,25,NA,RM,214,173,92,334912.918945,2316.83507801,RM,87,RM,2
LWPolyline,__ Layer Off No Zone,11,Continuous,0,25,NA,No Zoning Info,0,0,0,601169.486328,3213.36856356,SP_NonRes,88,SP_NonRes,0
LWPolyline,__ Layer Off No Zone,11,Continuous,0,25,NA,No Zoning Info,0,0,0,193516.016602,1886.60311279,SP_NonRes,89,SP_NonRes,0
LWPolyline,__ Layer Off No Zone,11,Continuous,0,25,NA,No Zoning Info,0,0,0,438385.763672,2710.19562741,SpecPlan_MF,90,SpecPlan_MF,2
LWPolyline,ZM-OS-1,7,Continuous,0,25,NA,OS-1,217,255,204,275117.380859,2734.44904035,OS-1,91,OS-1,0
LWPolyline,ZM-RM,7,Continuous,0,25,NA,RM,214,173,92,674892.763672,3452.75190798,RM,92,RM,2
LWPolyline,ZM-M-2,7,Continuous,0,25,NA,M-2,0,0,255,630300.026367,3614.62485314,M-2,93,M-2,0
LWPolyline,ZM-PS,7,Continuous,0,25,NA,PS,126,157,189,436450.902344,2809.583783,PS,94,PS,0
LWPolyline,ZM-PS,7,Continuous,0,25,NA,PS,126,157,189,45909.6826172,880.289860073,PS,95,PS,0
LWPolyline,ZM-PS,7,Continuous,0,25,NA,PS,126,157,189,178773.613281,1787.47937625,PS,96,PS,0
LWPolyline,ZM-P,7,Continuous,0,25,NA,P,126,189,126,2089493.85352,11599.0098589,P,97,P,0
LWPolyline,ZM-PS,7,Continuous,0,25,NA,PS,126,157,189,220056.204102,2268.6220824,PS,98,PS,0
LWPolyline,ZM-RS-10,7,Continuous,0,25,NA,RS-10,250,232,71,2571610.20117,7225.43771338,RS-10,99,RS-10,1
LWPolyline,ZM-RS-10,7,Continuous,0,25,NA,RS-10,250,232,71,3003107.6582,12921.3295492,RS-10,100,RS-10,1
LWPolyline,ZM-RMH,7,Continuous,0,25,NA,RMH,209,156,71,528633.652344,2906.45899286,RMH,101,RMH,2
LWPolyline,ZM-OS-1,7,Continuous,0,25,NA,OS-1,217,255,204,4990872.36816,34054.1186688,OS-1,102,OS-1,0
LWPolyline,ZM-RMH,7,Continuous,0,25,NA,RMH,209,156,71,488729.600586,3945.61480484,RMH,103,RMH,2
LWPolyline,ZM-RS-D,7,Continuous,0,25,NA,RS-D,228,193,103,701353.212891,3316.12011699,RS-D,104,RS-D,1
LWPolyline,ZM-RH,7,Continuous,0,25,NA,RH,198,137,57,165960.225586,1863.2310168,RH,105,RH,2
LWPolyline,ZM-OS-1,7,Continuous,0,25,NA,OS-1,217,255,204,3045547.81543,16797.2932019,OS-1,106,OS-1,0
LWPolyline,ZM-RS-D,7,Continuous,0,25,NA,RS-D,228,193,103,2051873.55371,15890.265547,RS-D,107,RS-D,1
LWPolyline,ZM-CC,7,Continuous,0,25,NA,CC,255,102,51,326672.487305,3492.02524463,CC,108,CC,0
LWPolyline,ZM-RS-D,7,Continuous,0,25,NA,RS-D,228,193,103,521073.697266,3057.17558751,RS-D,109,RS-D,1
LWPolyline,ZM-RS-D,7,Continuous,0,25,NA,RS-D,228,193,103,979992.180664,6693.01182942,RS-D,110,RS-D,1
LWPolyline,ZM-RH,7,Continuous,0,25,NA,RH,198,137,57,428071.952148,2613.18065656,RH,111,RH,2
LWPolyline,ZM-RMH,7,Continuous,0,25,NA,RMH,209,156,71,663211.017578,4748.86797081,RMH,112,RMH,2
LWPolyline,ZM-MU,7,Continuous,0,25,NA,MU,96,129,0,1301051.5,4711.54931851,MU,113,MU,0
LWPolyline,ZM-RMH,7,Continuous,0,25,NA,RMH,209,156,71,1073455.22559,4534.81484803,RMH,114,RMH,2
LWPolyline,ZM-RMH,7,Continuous,0,25,NA,RMH,209,156,71,1212762.99707,4539.37403499,RMH,115,RMH,2
LWPolyline,ZM-RS-D,7,Continuous,0,25,NA,RS-D,228,193,103,2740339.37207,10278.0091832,RS-D,116,RS-D,1
LWPolyline,ZM-RS-D,7,Continuous,0,25,NA,RS-D,228,193,103,225068.75,2446.18134015,RS-D,117,RS-D,1
LWPolyline,ZM-RS-7,7,Continuous,0,25,NA,RS-7,255,234,128,1558861.69043,12975.8497289,RS-7,118,RS-7,1
LWPolyline,ZM-RS-10,7,Continuous,0,25,NA,RS-10,250,232,71,2428073.77344,7324.10700157,RS-10,119,RS-10,1
LWPolyline,ZM-RM,7,Continuous,0,25,NA,RM,214,173,92,287537.068359,2277.50375309,RM,120,RM,2
LWPolyline,ZM-RS-10,7,Continuous,0,25,NA,RS-10,250,232,71,3726445.25293,14569.6026692,RS-10,121,RS-10,1
LWPolyline,ZM-RS-6,7,Continuous,0,25,NA,RS-6,247,218,110,386461.367188,2685.09950212,RS-6,122,RS-6,1
LWPolyline,ZM-CC,7,Continuous,0,25,NA,CC,255,102,51,58324.8642578,1073.31244638,CC,123,CC,0
LWPolyline,ZM-RS-7,7,Continuous,0,25,NA,RS-7,255,234,128,6993956.74609,12822.5341754,RS-7,124,RS-7,1
LWPolyline,ZM-OS-1,7,Continuous,0,25,NA,OS-1,217,255,204,375214.163086,2877.7611557,OS-1,125,OS-1,0
LWPolyline,ZM-GC,7,Continuous,0,25,NA,GC,163,255,240,830300.489258,8209.55206537,GC,126,GC,0
LWPolyline,ZM-PD,7,Continuous,0,25,NA,PD,189,189,126,3138888.28125,13325.6853201,PD_SF,127,PD_SF,1
LWPolyline,ZM-RM,7,Continuous,0,25,NA,RM,214,173,92,1443828.70703,6585.08262164,RM,128,RM,2
LWPolyline,ZM-PS,7,Continuous,0,25,NA,PS,126,157,189,520175.412109,3535.5653528,PS,129,PS,0
LWPolyline,ZM-PS,7,Continuous,0,25,NA,PS,126,157,189,419886.439453,4271.26505697,PS,130,PS,0
LWPolyline,ZM-OS-1,7,Continuous,0,25,NA,OS-1,217,255,204,7317221.65723,29558.1050715,OS-1,131,OS-1,0
LWPolyline,ZM-RS-6,7,Continuous,0,25,NA,RS-6,247,218,110,3374977.85449,15143.6407556,RS-6,132,RS-6,1
LWPolyline,ZM-RS-D,7,Continuous,0,25,NA,RS-D,228,193,103,1503706.05078,5778.35711121,RS-D,133,RS-D,1
LWPolyline,ZM-RS-6,7,Continuous,0,25,NA,RS-6,247,218,110,1910505.48047,6327.87593336,RS-6,134,RS-6,1
LWPolyline,ZM-OS-1,7,Continuous,0,25,NA,OS-1,217,255,204,62307073.79,78306.8730467,OS-1,135,OS-1,0
LWPolyline,ZM-PS,7,Continuous,0,25,NA,PS,126,157,189,1742871.43066,5518.99269171,PS,136,PS,0
LWPolyline,ZM-PS,7,Continuous,0,25,NA,PS,126,157,189,436845.368164,2634.51729594,PS,137,PS,0
LWPolyline,ZM-PS,7,Continuous,0,25,NA,PS,126,157,189,1167586.0498,4502.10431538,PS,138,PS,0
LWPolyline,ZM-PS,7,Continuous,0,25,NA,PS,126,157,189,207793.984375,1998.9055909,PS,139,PS,0
LWPolyline,ZM-P,7,Continuous,0,25,NA,P,126,189,126,307347.826172,2286.06084496,P,140,P,0
LWPolyline,ZM-PS,7,Continuous,0,25,NA,PS,126,157,189,12849.5361328,636.152378905,PS,141,PS,0
LWPolyline,ZM-RS-7,7,Continuous,0,25,NA,PS,255,234,128,436845.368164,2634.51729594,PS,142,PS,0
LWPolyline,ZM-RS-7,7,Continuous,0,25,NA,RS-7,255,234,128,2116264.27246,5893.09124977,RS-7,143,RS-7,1
LWPolyline,ZM-PS,7,Continuous,0,25,NA,PS,126,157,189,726027.333008,3725.20563135,PS,144,PS,0
LWPolyline,ZM-P,7,Continuous,0,25,NA,P,126,189,126,237884.560547,1976.36894659,P,145,P,0
LWPolyline,ZM-PS,7,Continuous,0,25,NA,PS,126,157,189,558135.318359,3127.84071614,PS,146,PS,0
LWPolyline,ZM-PS,7,Continuous,0,25,NA,PS,126,157,189,179878.18457,1800.21949559,PS,147,PS,0
LWPolyline,ZM-PS,7,Continuous,0,25,NA,PS,126,157,189,558135.318359,3127.84071614,PS,148,PS,0
LWPolyline,ZM-GC,7,Continuous,0,25,NA,GC,163,255,240,1105349.60742,9099.83675808,GC,149,GC,0
LWPolyline,ZM-GC,7,Continuous,0,25,NA,GC,163,255,240,309231.823242,3383.04313009,GC,150,GC,0
LWPolyline,ZM-P,7,Continuous,0,25,NA,P,126,189,126,854712.308594,3764.18207962,P,151,P,0
LWPolyline,ZM-RS-10,7,Continuous,0,25,NA,RS-10,250,232,71,579341.073242,3367.55448084,RS-10,152,RS-10,1
LWPolyline,ZM-OS-1-RC,7,Continuous,0,25,NA,OS-1,0,0,0,6656969.07031,21354.706866,OS-1,153,OS-1,0
LWPolyline,ZM-AG-RC,7,Continuous,0,25,NA,AG,129,129,0,375187.365234,7502.08907678,AG,154,AG,0
LWPolyline,ZM-PS,7,Continuous,0,25,NA,PS,126,157,189,340242.949219,2565.88693201,PS,155,PS,0
LWPolyline,ZM-OS-1-RC,7,Continuous,0,25,NA,RS-6,0,0,0,637253.227539,3527.78374824,RS-6,156,RS-6,1
LWPolyline,ZM-P-RC,7,Continuous,0,25,NA,P,126,189,126,588129.273438,3427.88471766,P,157,P,0
LWPolyline,ZM-RS-12-RC,7,Continuous,0,25,NA,RS-12,252,246,131,1006002.14063,5244.17782692,RS-12,158,RS-12,1
LWPolyline,ZM-RS-10-RC,7,Continuous,0,25,NA,RS-10,250,232,71,1337179.26855,9159.7948745,RS-10,159,RS-10,1
LWPolyline,ZM-RS-6-RC,7,Continuous,0,25,NA,RS-6,247,218,110,681150.996094,5178.69133803,RS-6,160,RS-6,1
LWPolyline,ZM-RS-7-RC,7,Continuous,0,25,NA,RS-7,255,234,128,1082507.8916,6757.92916516,RS-7,161,RS-7,1
LWPolyline,ZM-RS-6-RC,7,Continuous,0,25,NA,RS-6,247,218,110,1198622.77637,5729.64095635,RS-6,162,RS-6,1
LWPolyline,ZM-RS-D-RC,7,Continuous,0,25,NA,RS-D,228,193,103,1966315.40625,8753.33088857,RS-D,163,RS-D,1
LWPolyline,ZM-RVH,7,Continuous,0,25,NA,RVH,178,115,52,95016.0273438,1567.64747873,RVH,164,RVH,2
LWPolyline,ZM-RH,7,Continuous,0,25,NA,RH-SH,198,137,57,262697.109375,2079.47028594,RH-SH,165,RH-SH,2
LWPolyline,ZM-RS-D,7,Continuous,0,25,NA,RS-D-SH,228,193,103,174805.311523,2002.84025148,RS-D-SH,166,RS-D-SH,1
LWPolyline,ZM-PS,7,Continuous,0,25,NA,PS,126,157,189,51468.8994141,913.591223334,PS,167,PS,0
LWPolyline,ZM-RS-D,7,Continuous,0,25,NA,RS-D-SH,228,193,103,244874.378906,3326.66208232,RS-D-SH,168,RS-D-SH,1
LWPolyline,ZM-RS-D,7,Continuous,0,25,NA,RS-D-SH,228,193,103,111201.736328,1324.23598404,RS-D-SH,169,RS-D-SH,1
LWPolyline,ZM-RS-6,7,Continuous,0,25,NA,RS-6-SH,247,218,110,904914.887695,4303.99358438,RS-6-SH,170,RS-6-SH,1
LWPolyline,ZM-MU,7,Continuous,0,25,NA,MU-SH,96,129,0,188073.415039,2340.2182152,MU-SH,171,MU-SH,0
LWPolyline,ZM-RS-7,7,Continuous,0,25,NA,RS-7,255,234,128,406486.171875,4386.63217641,RS-7,172,RS-7,1
LWPolyline,ZM-RS-7,7,Continuous,0,25,NA,RS-7,255,234,128,887909.319336,3815.67182156,RS-7,173,RS-7,1
LWPolyline,ZM-RH,7,Continuous,0,25,NA,RH,198,137,57,557956.3125,4338.57023282,RH,174,RH,2
LWPolyline,ZM-CC,7,Continuous,0,25,NA,CC,255,102,51,42159.6503906,1434.62757671,CC,175,CC,0
LWPolyline,ZM-RMH,7,Continuous,0,25,NA,RMH,209,156,71,514546.663086,3618.85963535,RMH,176,RMH,2
LWPolyline,ZM-RM,7,Continuous,0,25,NA,RM,214,173,92,675902.852539,3764.42191954,RM,177,RM,2
LWPolyline,ZM-CC,7,Continuous,0,25,NA,CC,255,102,51,75320.3212891,1148.63447164,CC,178,CC,0
LWPolyline,ZM-RH,7,Continuous,0,25,NA,RH-SH,198,137,57,251526.341797,3245.83024305,RH-SH,179,RH-SH,2
LWPolyline,ZM-OL,7,Continuous,0,25,NA,OL,255,167,138,76935.6416016,1281.23065347,OL,180,OL,0
LWPolyline,__ Layer Off No Zone,11,Continuous,0,25,NA,No Zoning Info,0,0,0,817188.833984,3734.06864661,SP_NonRes,181,SP_NonRes,0
LWPolyline,ZM-PS,7,Continuous,0,25,NA,PS,126,157,189,54474.0419922,1073.27700158,PS,182,PS,0
LWPolyline,ZM-MU,7,Continuous,0,25,NA,CC,96,129,0,560832.868164,2875.50708008,CC,183,CC,0
LWPolyline,__ Layer Off No Zone,11,Continuous,0,25,NA,No Zoning Info,0,0,0,240150.751953,3441.51651016,SP_NonRes,184,SP_NonRes,0
LWPolyline,ZM-PD,7,Continuous,0,25,NA,PD,189,189,126,1454442.77539,6586.14749286,PD_SF,185,PD_SF,1
LWPolyline,ZM-PD,7,Continuous,0,25,NA,PD,189,189,126,1514767.00488,7511.58800995,PD_SF,186,PD_SF,1
LWPolyline,ZM-P,7,Continuous,0,25,NA,P,126,189,126,509137.72168,5213.69814833,P,187,P,0
LWPolyline,ZM-OS-1,7,Continuous,0,25,NA,OS-1,217,255,204,1339491.06738,8735.456398,OS-1,188,OS-1,0
LWPolyline,ZM-PD,7,Continuous,0,25,NA,P,189,189,126,509137.72168,5213.69814833,P,189,P,0
LWPolyline,ZM-RS-10,7,Continuous,0,25,NA,RS-10,250,232,71,9988738.81836,38650.5921934,RS-10,190,RS-10,1
LWPolyline,ZM-RM,7,Continuous,0,25,NA,RM,214,173,92,431902.209961,2563.39227887,RM,191,RM,2
LWPolyline,ZM-OS-2,7,Continuous,0,25,NA,OS-2,217,255,204,3559648.77832,10529.7132046,OS-2,192,OS-2,0
LWPolyline,__ Layer Off No Zone,11,Continuous,0,25,NA,No Zoning Info,0,0,0,128018.748047,1732.57716376,SP_NonRes,193,SP_NonRes,0
LWPolyline,ZM-P,7,Continuous,0,25,NA,P,126,189,126,6002931.14648,19114.2827453,P,194,P,0
LWPolyline,ZM-OS-1,7,Continuous,0,25,NA,OS-1,217,255,204,9402269.30859,35577.4012283,OS-1,195,OS-1,0
LWPolyline,ZM-PS,7,Continuous,0,25,NA,PS,126,157,189,157514.556641,1734.71920738,PS,196,PS,0
LWPolyline,ZM-PS,7,Continuous,0,25,NA,PS,126,157,189,192273.975586,1734.71105313,PS,197,PS,0
LWPolyline,ZM-PD,7,Continuous,0,25,NA,PD,189,189,126,51917.9960938,999.374602535,PD_SF,198,PD_SF,1
LWPolyline,ZM-P,7,Continuous,0,25,NA,P,126,189,126,51917.9960938,999.374602535,P,199,P,0
LWPolyline,ZM-OS-1,7,Continuous,0,25,NA,OS-1,217,255,204,760856.443359,9241.82427531,OS-1,200,OS-1,0
LWPolyline,ZM-PD,7,Continuous,0,25,NA,PD,189,189,126,1306482.45703,6452.69215486,PD_SF,201,PD_SF,1
LWPolyline,__ Layer Off No Zone,11,Continuous,0,25,NA,No Zoning Info,0,0,0,524727.25293,2981.77569967,SP_NonRes,202,SP_NonRes,0
LWPolyline,__ Layer Off No Zone,11,Continuous,0,25,NA,No Zoning Info,0,0,0,264759.402344,2210.05890916,SP_NonRes,203,SP_NonRes,0
LWPolyline,__ Layer Off No Zone,11,Continuous,0,25,NA,No Zoning Info,0,0,0,271018.37207,2211.55533522,SP_NonRes,204,SP_NonRes,0
LWPolyline,ZM-RH-R,7,Continuous,0,25,NA,RH,0,0,0,388666.06543,3099.07174864,RH,205,RH,2
LWPolyline,ZM-PD,7,Continuous,0,25,NA,PD,189,189,126,753778.395508,3465.720277,PD_NonRes,206,PD_NonRes,0
LWPolyline,ZM-PD,7,Continuous,0,25,NA,PD,189,189,126,269325.418945,2197.78772077,PD_SF,207,PD_SF,1
LWPolyline,ZM-OA,7,Continuous,0,25,NA,OA,255,217,204,204640.412109,1829.40749548,OA,208,OA,0
LWPolyline,__ Layer Off No Zone,11,Continuous,0,25,NA,No Zoning Info,0,0,0,18926.4892578,542.658311161,SP_NonRes,209,SP_NonRes,0
LWPolyline,__ Layer Off No Zone,11,Continuous,0,25,NA,No Zoning Info,0,0,0,298312.015625,2758.84596783,SP_NonRes,210,SP_NonRes,0
LWPolyline,__ Layer Off No Zone,11,Continuous,0,25,NA,No Zoning Info,0,0,0,103366.624023,1401.77999335,SP_NonRes,211,SP_NonRes,0
LWPolyline,MUC,66,Continuous,0,25,NA,MUC,57,76,0,520786.893555,4730.6780274,MUC,212,MUC,0
LWPolyline,ZM-CC,66,Continuous,0,25,NA,MUC,57,76,0,122690.905273,2767.97672889,MUC,213,MUC,0
LWPolyline,ZM-OA,7,Continuous,0,25,NA,OA,255,217,204,139419.926758,1666.91541906,OA,214,OA,0
LWPolyline,ZM-PS,7,Continuous,0,25,NA,PS,126,157,189,219150.212891,2443.47324688,PS,215,PS,0
LWPolyline,ZM-RM,7,Continuous,0,25,NA,RM,214,173,92,629730.305664,3980.22601557,RM,216,RM,2
LWPolyline,ZM-RM,7,Continuous,0,25,NA,RM,214,173,92,1889989.76855,5844.96591346,RM,217,RM,2
LWPolyline,ZM-GC,7,Continuous,0,25,NA,GC,163,255,240,4225072.0957,22950.0246257,GC,218,GC,0
LWPolyline,ZM-P,7,Continuous,0,25,NA,P,126,189,126,1015298.56836,4618.72424919,P,219,P,0
LWPolyline,ZM-RH,7,Continuous,0,25,NA,RH,198,137,57,1253711.91699,8445.25687467,RH,220,RH,2
LWPolyline,ZM-RS-D,7,Continuous,0,25,NA,RS-D,228,193,103,14291.8984375,481.214448539,RS-D,221,RS-D,1
LWPolyline,ZM-RH,7,Continuous,0,25,NA,RH,198,137,57,14291.8984375,481.214448539,RH,222,RH,2
LWPolyline,ZM-RS-10,7,Continuous,0,25,NA,RS-10,250,232,71,1300427.22266,9172.96335128,RS-10,223,RS-10,1
LWPolyline,ZM-RS-10,7,Continuous,0,25,NA,RS-10,250,232,71,675130.318359,7404.2427345,RS-10,224,RS-10,1
LWPolyline,ZM-RS-10,7,Continuous,0,25,NA,RS-10,250,232,71,279736.182617,3145.60847958,RS-10,225,RS-10,1
LWPolyline,ZM-P-RC,7,Continuous,0,25,NA,P,126,189,126,293108.05957,2219.10452356,P,226,P,0
LWPolyline,ZM-RE-A,7,Continuous,0,25,NA,RE-A,255,255,219,158469.987305,1662.37567606,RE-A,227,RE-A,1
LWPolyline,__ Layer Off No Zone,11,Continuous,0,25,NA,No Zoning Info,0,0,0,123404.801758,1626.96550484,SP_NonRes,228,SP_NonRes,0
LWPolyline,ZM-OA,7,Continuous,0,25,NA,OA,255,217,204,872623.910156,4483.53223849,OA,229,OA,0
LWPolyline,ZM-OA-H,7,Continuous,0,25,NA,MUCC,255,217,204,4882970.90039,8979.94497539,MUCC,230,MUCC,0
LWPolyline,__ Layer Off No Zone,11,Continuous,0,25,NA,No Zoning Info,0,0,0,1135662.87109,4939.97890721,SP_NonRes,231,SP_NonRes,0
LWPolyline,ZM-RS-10,7,Continuous,0,25,NA,RS-10,250,232,71,3451729.3916,10275.9647595,RS-10,232,RS-10,1
LWPolyline,ZM-P,7,Continuous,0,25,NA,P,126,189,126,592160.986328,6187.63288606,P,233,P,0
LWPolyline,ZM-P,7,Continuous,0,25,NA,P,126,189,126,535296.044922,10853.7984948,P,234,P,0
LWPolyline,ZM-P,7,Continuous,0,25,NA,P,126,189,126,419188.138672,8613.75462626,P,235,P,0
LWPolyline,__ Layer Off No Zone,11,Continuous,0,25,NA,No Zoning Info,0,0,0,145948.181641,4355.90838071,SP_NonRes,236,SP_NonRes,0
LWPolyline,__ Layer Off No Zone,11,Continuous,0,25,NA,No Zoning Info,0,0,0,66393.1386719,2134.9469718,SP_NonRes,237,SP_NonRes,0
LWPolyline,ZM-RS-10,7,Continuous,0,25,NA,RS-10,250,232,71,251676.948242,4404.67635265,RS-10,238,RS-10,1
LWPolyline,ZM-PS,7,Continuous,0,25,NA,PS,126,157,189,538757.539063,4424.269196,PS,239,PS,0
LWPolyline,ZM-PS,7,Continuous,0,25,NA,PS,126,157,189,243045.882813,2333.46403339,PS,240,PS,0
LWPolyline,ZM-RS-7,7,Continuous,0,25,NA,RS-7,255,234,128,43613.5917969,1214.01933369,RS-7,241,RS-7,1
LWPolyline,ZM-RS-7,7,Continuous,0,25,NA,RS-7,255,234,128,413730.661133,3041.24250369,RS-7,242,RS-7,1
LWPolyline,ZM-RS-7,7,Continuous,0,25,NA,RS-7,255,234,128,1708958.73047,9362.50936345,RS-7,243,RS-7,1
LWPolyline,ZM-RS-7,7,Continuous,0,25,NA,RS-7,255,234,128,322328.078125,2464.68697765,RS-7,244,RS-7,1
LWPolyline,ZM-RS-7,7,Continuous,0,25,NA,RS-7,255,234,128,1731618.89258,6830.63132998,RS-7,245,RS-7,1
LWPolyline,ZM-RS-10,7,Continuous,0,25,NA,RS-10,250,232,71,1350837.99023,12128.4322784,RS-10,246,RS-10,1
LWPolyline,ZM-RS-10,7,Continuous,0,25,NA,RS-10,250,232,71,1641485.36328,8536.55746971,RS-10,247,RS-10,1
LWPolyline,ZM-RS-10,7,Continuous,0,25,NA,RS-10,250,232,71,369177.091797,3586.09239249,RS-10,248,RS-10,1
LWPolyline,ZM-RS-10,7,Continuous,0,25,NA,RS-10,250,232,71,90163.0800781,1775.19417688,RS-10,249,RS-10,1
LWPolyline,ZM-RS-10,7,Continuous,0,25,NA,RS-10,250,232,71,582260.055664,3854.47810087,RS-10,250,RS-10,1
LWPolyline,ZM-RS-10,7,Continuous,0,25,NA,RS-10,250,232,71,19892.7929688,632.895078571,RS-10,251,RS-10,1
LWPolyline,ZM-RS-10,7,Continuous,0,25,NA,RS-10,250,232,71,1099853.60449,6302.7786857,RS-10,252,RS-10,1
LWPolyline,ZM-RM,7,Continuous,0,25,NA,RM,214,173,92,600445.552734,3249.63724138,RM,253,RM,2
LWPolyline,__ Layer Off No Zone,11,Continuous,0,25,NA,No Zoning Info,0,0,0,359605.499023,2594.935826,SP_SF,254,SP_SF,1
LWPolyline,__ Layer Off No Zone,11,Continuous,0,25,NA,No Zoning Info,0,0,0,194673.082031,2183.44945868,SP_SF,255,SP_SF,1
LWPolyline,ZM-PD,7,Continuous,0,25,NA,PD,189,189,126,342970.918945,4224.78006396,PD_SF,256,PD_SF,1
LWPolyline,ZM-P,7,Continuous,0,25,NA,P,126,189,126,811302.969727,4933.65887354,P,257,P,0
LWPolyline,ZM-RS-10,7,Continuous,0,25,NA,RS-10,250,232,71,4979817.53223,14919.5076016,RS-10,258,RS-10,1
LWPolyline,ZM-RMH,7,Continuous,0,25,NA,RMH,209,156,71,873969.014648,4549.78981491,RMH,259,RMH,2
LWPolyline,ZM-RS-10,7,Continuous,0,25,NA,RS-10,250,232,71,227800.588867,2188.42430749,RS-10,260,RS-10,1
LWPolyline,__ Layer Off No Zone,11,Continuous,0,25,NA,No Zoning Info,0,0,0,84946.5039063,1265.30743469,SP_NonRes,261,SP_NonRes,0
LWPolyline,ZM-PS,7,Continuous,0,25,NA,PS,126,157,189,699894.336914,3694.93874802,PS,262,PS,0
LWPolyline,ZM-PS,7,Continuous,0,25,NA,PS,126,157,189,594021.12793,3205.07356047,PS,263,PS,0
LWPolyline,ZM-PS,7,Continuous,0,25,NA,PS,126,157,189,112077.47168,1337.19165025,PS,264,PS,0
LWPolyline,ZM-OS-1,7,Continuous,0,25,NA,OS-1,217,255,204,46502.5458984,1680.62664717,OS-1,265,OS-1,0
LWPolyline,ZM-OS-1,7,Continuous,0,25,NA,OS-1,217,255,204,5973884.56152,15088.7976883,OS-1,266,OS-1,0
LWPolyline,ZM-OS-1,7,Continuous,0,25,NA,OS-1,217,255,204,1194963.17773,6048.34777853,OS-1,267,OS-1,0
LWPolyline,ZM-CC,7,Continuous,0,25,NA,CC,255,102,51,542859.329102,2942.12411542,CC,268,CC,0
LWPolyline,ZM-P,7,Continuous,0,25,NA,P,126,189,126,228365.242188,3908.83498927,P,269,P,0
LWPolyline,ZM-OS-1,7,Continuous,0,25,NA,OS-1,217,255,204,81183.6074219,2021.65375071,OS-1,270,OS-1,0
LWPolyline,ZM-PD,7,Continuous,0,25,NA,PD,189,189,126,3292771.81055,12003.9584126,PD_SF,271,PD_SF,1
LWPolyline,ZM-PD,7,Continuous,0,25,NA,PD,189,189,126,1877351.67773,9989.11977584,PD_SF,272,PD_SF,1
LWPolyline,ZM-PD,7,Continuous,0,25,NA,PD,189,189,126,1482724.125,5406.0374059,PD_SF,273,PD_SF,1
LWPolyline,ZM-OS-1,7,Continuous,0,25,NA,OS-1,217,255,204,1205454.55176,12146.9315778,OS-1,274,OS-1,0
LWPolyline,ZM-PS,7,Continuous,0,25,NA,PS,126,157,189,637041.353516,3784.72800424,PS,275,PS,0
LWPolyline,ZM-PS,7,Continuous,0,25,NA,PS,126,157,189,51425.4980469,895.525806882,PS,276,PS,0
LWPolyline,ZM-PS,7,Continuous,0,25,NA,PS,126,157,189,511525.956055,3058.64432214,PS,277,PS,0
LWPolyline,ZM-CC,7,Continuous,0,25,NA,CC,255,102,51,43529.2802734,826.327572905,CC,278,CC,0
LWPolyline,ZM-P,7,Continuous,0,25,NA,P,126,189,126,106671.05957,1303.39696967,P,279,P,0
LWPolyline,ZM-PD,7,Continuous,0,25,NA,PD,189,189,126,3286887.41895,10380.777748,PD_SF,280,PD_SF,1
LWPolyline,ZM-PD,7,Continuous,0,25,NA,PD,189,189,126,3112099.67676,11252.2643663,PD_MF,281,PD_MF,2
LWPolyline,ZM-P,7,Continuous,0,25,NA,P,126,189,126,220738.941406,1987.22203437,P,282,P,0
LWPolyline,ZM-P,7,Continuous,0,25,NA,P,126,189,126,197823.956055,1763.79083443,P,283,P,0
LWPolyline,ZM-P,7,Continuous,0,25,NA,P,126,189,126,120299.391602,1586.46340228,P,284,P,0
LWPolyline,ZM-OS-1,7,Continuous,0,25,NA,OS-1,217,255,204,207232.790039,2419.06818091,OS-1,285,OS-1,0
LWPolyline,ZM-OS-1,7,Continuous,0,25,NA,OS-1,217,255,204,89899.4316406,2126.99353428,OS-1,286,OS-1,0
LWPolyline,ZM-OS-1,7,Continuous,0,25,NA,OS-1,217,255,204,107581.435547,2271.16639302,OS-1,287,OS-1,0
LWPolyline,ZM-PD,7,Continuous,0,25,NA,PD,189,189,126,1454817.49902,4730.77018506,PD_SF,288,PD_SF,1
LWPolyline,ZM-PD,7,Continuous,0,25,NA,PD,189,189,126,1404296.53711,6164.27434869,PD_SF,289,PD_SF,1
LWPolyline,ZM-MUCC,7,Continuous,0,25,NA,MUCC,78,104,0,697721.594727,3401.66832562,MUCC,290,MUCC,0
LWPolyline,ZM-MUCC,7,Continuous,0,25,NA,MUCC,78,104,0,491538.905273,2829.6461658,MUCC,291,MUCC,0
LWPolyline,ZM-AG-RC,7,Continuous,0,25,NA,AG,129,129,0,130678.070313,1441.94713805,AG,292,AG,0
LWPolyline,ZM-PS,7,Continuous,0,25,NA,PS,126,157,189,890378.265625,4224.22160139,PS,293,PS,0
LWPolyline,ZM-PS,7,Continuous,0,25,NA,PS,126,157,189,435635.727539,2781.56689182,PS,294,PS,0
LWPolyline,ZM-P,7,Continuous,0,25,NA,P,126,189,126,653182.962891,3330.84752377,P,295,P,0
LWPolyline,ZM-PD,7,Continuous,0,25,NA,PD,189,189,126,2349696.48926,8435.75271927,PD_SF,296,PD_SF,1
LWPolyline,ZM-OS-1,7,Continuous,0,25,NA,OS-1,217,255,204,833689.46875,7173.90325342,OS-1,297,OS-1,0
LWPolyline,ZM-P,7,Continuous,0,25,NA,P,126,189,126,276279.389648,2233.09744054,P,298,P,0
LWPolyline,ZM-PD,7,Continuous,0,25,NA,PD,189,189,126,2225972.6543,6626.78831091,PD_SF,299,PD_SF,1
LWPolyline,ZM-PD,7,Continuous,0,25,NA,PD,189,189,126,2153194.55273,7749.77992859,PD_SF,300,PD_SF,1
LWPolyline,ZM-PS,7,Continuous,0,25,NA,PS,126,157,189,724643.52832,3659.6859861,PS,301,PS,0
LWPolyline,ZM-RS-10,7,Continuous,0,25,NA,RS-10,250,232,71,69296.9765625,1290.17593759,RS-10,302,RS-10,1
LWPolyline,ZM-RS-10,7,Continuous,0,25,NA,RS-10,250,232,71,114621.650391,1818.78722189,RS-10,303,RS-10,1
LWPolyline,ZM-P,7,Continuous,0,25,NA,P,126,189,126,8588.73632813,426.05514314,P,304,P,0
LWPolyline,ZM-OS-1,7,Continuous,0,25,NA,OS-1,217,255,204,612596.509766,6739.30116106,OS-1,305,OS-1,0
LWPolyline,ZM-OS-1,7,Continuous,0,25,NA,OS-1,217,255,204,209183.193359,1945.50005162,OS-1,306,OS-1,0
LWPolyline,ZM-OS-1,7,Continuous,0,25,NA,OS-1,217,255,204,163575.657227,1909.62723298,OS-1,307,OS-1,0
LWPolyline,ZM-OS-1,7,Continuous,0,25,NA,OS-1,217,255,204,53117.7714844,1075.10319562,OS-1,308,OS-1,0
LWPolyline,__ Layer Off No Zone,11,Continuous,0,25,NA,No Zoning Info,0,0,0,35362.8955078,797.676115169,SP_NonRes,309,SP_NonRes,0
LWPolyline,__ Layer Off No Zone,11,Continuous,0,25,NA,No Zoning Info,0,0,0,234439.211914,1937.75699025,SP_NonRes,310,SP_NonRes,0
LWPolyline,__ Layer Off No Zone,11,Continuous,0,25,NA,No Zoning Info,0,0,0,1331995.18848,6165.78889496,SP_NonRes,311,SP_NonRes,0
LWPolyline,__ Layer Off No Zone,11,Continuous,0,25,NA,No Zoning Info,0,0,0,331829.674805,2564.33642192,SP_NonRes,312,SP_NonRes,0
LWPolyline,ZM-MU,7,Continuous,0,25,NA,CC-H,96,129,0,859703.070313,4071.88488577,CC-H,313,CC-H,0
LWPolyline,ZM-MU,7,Continuous,0,25,NA,MU,96,129,0,1329559.43066,5685.11302955,MU,314,MU,0
LWPolyline,ZM-P,7,Continuous,0,25,NA,P,126,189,126,254438.791992,7041.64499083,P,315,P,0
LWPolyline,ZM-GC,7,Continuous,0,25,NA,GC,163,255,240,509378.697266,4191.01247402,GC,316,GC,0
LWPolyline,ZM-P,7,Continuous,0,25,NA,P,126,189,126,526348.829102,8909.02183109,P,317,P,0
LWPolyline,ZM-GC,7,Continuous,0,25,NA,GC,163,255,240,3662861.99316,26536.9872575,GC,318,GC,0
LWPolyline,ZM-RVH,7,Continuous,0,25,NA,RVH,178,115,52,60883.4511719,1101.9611667,RVH,319,RVH,2
LWPolyline,ZM-GC,7,Continuous,0,25,NA,GC,163,255,240,446471.456055,5759.78939437,GC,320,GC,0
LWPolyline,ZM-GC,7,Continuous,0,25,NA,GC,163,255,240,1155043.72363,10989.8459831,GC,321,GC,0
LWPolyline,ZM-GC,7,Continuous,0,25,NA,GC,163,255,240,359631.429688,3827.8083081,GC,322,GC,0
LWPolyline,ZM-GC,7,Continuous,0,25,NA,GC,163,255,240,725490.082031,6428.55950352,GC,323,GC,0
LWPolyline,ZM-OS-1,7,Continuous,0,25,NA,OS-1,217,255,204,242670.052734,4135.1561204,OS-1,324,OS-1,0
LWPolyline,ZM-P,7,Continuous,0,25,NA,P,126,189,126,3028168.02344,8896.60182347,P,325,P,0
LWPolyline,ZM-CR,7,Continuous,0,25,NA,CR,191,170,255,624266.793945,4342.79440909,CR,326,CR,0
LWPolyline,ZM-P,7,Continuous,0,25,NA,P,126,189,126,210172.364258,1880.92097167,P,327,P,0
LWPolyline,__ Layer Off No Zone,11,Continuous,0,25,NA,No Zoning Info,0,0,0,392909.946289,2649.4930167,SP_SF,328,SP_SF,1
LWPolyline,__ Layer Off No Zone,11,Continuous,0,25,NA,No Zoning Info,0,0,0,693972.813477,7707.47140244,SP_NonRes,329,SP_NonRes,0
LWPolyline,__ Layer Off No Zone,11,Continuous,0,25,NA,No Zoning Info,0,0,0,79579.3320313,1460.48568492,SP_NonRes,330,SP_NonRes,0
LWPolyline,__ Layer Off No Zone,11,Continuous,0,25,NA,No Zoning Info,0,0,0,501525.577148,2942.1853849,SP_SF,331,SP_SF,1
LWPolyline,__ Layer Off No Zone,11,Continuous,0,25,NA,No Zoning Info,0,0,0,603913.644531,6571.57388543,SP_SF,332,SP_SF,1
LWPolyline,ZM-PS,7,Continuous,0,25,NA,PS,126,157,189,146785.711914,1616.40298474,PS,333,PS,0
LWPolyline,__ Layer Off No Zone,11,Continuous,0,25,NA,No Zoning Info,0,0,0,68971.5224609,1012.2200087,SP_SF,334,SP_SF,1
LWPolyline,__ Layer Off No Zone,11,Continuous,0,25,NA,No Zoning Info,0,0,0,281646.870117,3798.82791303,SP_SF,335,SP_SF,1
LWPolyline,__ Layer Off No Zone,11,Continuous,0,25,NA,No Zoning Info,0,0,0,377311.088867,3553.45075039,SP_SF,336,SP_SF,1
LWPolyline,__ Layer Off No Zone,11,Continuous,0,25,NA,No Zoning Info,0,0,0,171154.177734,2134.68543333,SP_SF,337,SP_SF,1
LWPolyline,ZM-RS-10,7,Continuous,0,25,NA,RS-10,250,232,71,890688.666016,8548.14593614,RS-10,338,RS-10,1
LWPolyline,__ Layer Off No Zone,11,Continuous,0,25,NA,No Zoning Info,0,0,0,250173.338867,3540.64420127,SP_NonRes,339,SP_NonRes,0
LWPolyline,__ Layer Off No Zone,11,Continuous,0,25,NA,No Zoning Info,0,0,0,2374533.35547,11872.1575095,SP_NonRes,340,SP_NonRes,0
LWPolyline,__ Layer Off No Zone,11,Continuous,0,25,NA,No Zoning Info,0,0,0,697649.356445,3412.99784026,SP_NonRes,343,SP_NonRes,0
LWPolyline,ZM-RS-7,7,Continuous,0,25,NA,RS-7,255,234,128,1154923.96484,4911.74126154,RS-7,344,RS-7,1
LWPolyline,__ Layer Off No Zone,11,Continuous,0,25,NA,No Zoning Info,0,0,0,903781.651367,4181.67217345,SP_NonRes,345,SP_NonRes,0
LWPolyline,__ Layer Off No Zone,11,Continuous,0,25,NA,No Zoning Info,0,0,0,3872357.58594,9404.17285362,SP_NonRes,346,SP_NonRes,0
LWPolyline,__ Layer Off No Zone,11,Continuous,0,25,NA,No Zoning Info,0,0,0,115694.407227,1409.09521642,SP_SF,347,SP_SF,1
LWPolyline,__ Layer Off No Zone,11,Continuous,0,25,NA,No Zoning Info,0,0,0,380851.53125,3583.71852264,SP_SF,348,SP_SF,1
LWPolyline,__ Layer Off No Zone,11,Continuous,0,25,NA,No Zoning Info,0,0,0,730586.924805,3934.65658629,SP_SF,349,SP_SF,1
LWPolyline,__ Layer Off No Zone,11,Continuous,0,25,NA,No Zoning Info,0,0,0,749157.492188,3637.98111797,SP_SF,350,SP_SF,1
LWPolyline,__ Layer Off No Zone,11,Continuous,0,25,NA,No Zoning Info,0,0,0,47842.890625,1877.11532293,SP_NonRes,351,SP_NonRes,0
LWPolyline,__ Layer Off No Zone,11,Continuous,0,25,NA,No Zoning Info,0,0,0,53138.9003906,1404.71273562,SP_NonRes,352,SP_NonRes,0
LWPolyline,__ Layer Off No Zone,11,Continuous,0,25,NA,No Zoning Info,0,0,0,452413.353516,2798.18679131,SP_SF,353,SP_SF,1
LWPolyline,__ Layer Off No Zone,11,Continuous,0,25,NA,No Zoning Info,0,0,0,1355605.23242,5145.77421658,SP_NonRes,354,SP_NonRes,0
LWPolyline,ZM-MUCC,7,Continuous,0,25,NA,MUCC,78,104,0,516092.798828,3181.10430291,MUCC,355,MUCC,0
LWPolyline,ZM-P,7,Continuous,0,25,NA,P,126,189,126,49958.5517578,876.400406335,P,356,P,0
LWPolyline,ZM-P,7,Continuous,0,25,NA,P,126,189,126,175793.487305,1663.53623339,P,357,P,0
LWPolyline,ZM-P,7,Continuous,0,25,NA,P,126,189,126,119268.915039,2052.12227122,P,358,P,0
LWPolyline,ZM-P,7,Continuous,0,25,NA,P,126,189,126,178070.949219,1671.93850191,P,359,P,0
LWPolyline,ZM-P,7,Continuous,0,25,NA,P,126,189,126,180098.632813,1663.97934514,P,360,P,0
LWPolyline,ZM-PD,7,Continuous,0,25,NA,PD,189,189,126,1542368.86328,6648.22227314,PD_SF,361,PD_SF,1
LWPolyline,ZM-PS,7,Continuous,0,25,NA,PS,126,157,189,2357155.7627,6189.95608325,PS,362,PS,0
LWPolyline,ZM-OS-1,7,Continuous,0,25,NA,OS-1,217,255,204,8719498.35449,18056.4297592,OS-1,363,OS-1,0
LWPolyline,ZM-OS-1,7,Continuous,0,25,NA,OS-1,217,255,204,2621331.0752,20660.1715246,OS-1,364,OS-1,0
LWPolyline,ZM-OS-1,7,Continuous,0,25,NA,OS-1,217,255,204,2006986.31152,7214.38848423,OS-1,365,OS-1,0
LWPolyline,ZM-PD,7,Continuous,0,25,NA,PD,189,189,126,407689.742188,2900.85663212,PD_SF,366,PD_SF,1
LWPolyline,ZM-PS,7,Continuous,0,25,NA,PS,126,157,189,315275.862305,3122.4914325,PS,367,PS,0
LWPolyline,ZM-OS-1,7,Continuous,0,25,NA,OS-1,217,255,204,840269.234375,5130.2528408,OS-1,368,OS-1,0
LWPolyline,__ Layer Off No Zone,11,Continuous,0,25,NA,No Zoning Info,0,0,0,162353.639648,1728.15580277,SP_NonRes,369,SP_NonRes,0
LWPolyline,ZM-P,7,Continuous,0,25,NA,P,126,189,126,64829.0175781,1164.40629108,P,370,P,0
LWPolyline,ZM-P,7,Continuous,0,25,NA,P,126,189,126,44649.6464844,1232.61409424,P,371,P,0
LWPolyline,ZM-PD,7,Continuous,0,25,NA,PD,189,189,126,945675.950195,7485.76327493,PD_SF,372,PD_SF,1
Insert,ZM-PS,7,Continuous,0,25,CL Block 2,PS,126,157,189,636633.941406,3116.46622939,PS,373,PS,0
LWPolyline,ZM-PD,7,Continuous,0,25,NA,PD,189,189,126,12077293.5332,20154.1845245,PD_SF,374,PD_SF,1
LWPolyline,ZM-P,7,Continuous,0,25,NA,P,126,189,126,64901.1289063,1103.92863011,P,375,P,0
LWPolyline,ZM-MU,7,Continuous,0,25,NA,MU,96,129,0,310038.780273,3841.90089849,MU_MF,376,MU_MF,2
LWPolyline,ZM-OL,7,Continuous,0,25,NA,OL,255,167,138,218719.307617,1897.49748319,OL,377,OL,0
LWPolyline,ZM-PS,7,Continuous,0,25,NA,PS,126,157,189,115794.407227,1340.0869543,PS,378,PS,0
LWPolyline,ZM-P,7,Continuous,0,25,NA,P,126,189,126,899792.991211,3803.05098928,P,379,P,0
LWPolyline,ZM-OS-1,7,Continuous,0,25,NA,OS-1,217,255,204,288594.869141,3263.14992446,OS-1,380,OS-1,0
NA,ZM-PD,0,NA,0,0,NA,PD,0,0,0,2885741.59277,8957.37147729,PD_SF,381,PD_SF,1
NA,ZM-RS-7,0,NA,0,0,NA,RS-10,0,0,0,1057353.09277,8185.64979888,RS-10,382,RS-10,1
NA,NA,0,NA,0,0,NA,RS-7,0,0,0,1212081.77734,4425.12244711,RS-7,383,RS-7,1
NA,NA,0,NA,0,0,NA,RS-7,0,0,0,1556841.21777,8857.68857322,RS-7,384,RS-7,1
NA,NA,0,NA,0,0,NA,OS-1,0,0,0,682734.076172,7164.02378333,OS-1,385,OS-1,0
NA,NA,0,NA,0,0,NA,OA-H,0,0,0,1343819.41016,5240.68433888,OA-H,386,OA-H,0
NA,NA,0,NA,0,0,NA,MU,0,0,0,460961.908203,2740.90134142,MU,387,MU,0
NA,ZM-RE-B,0,NA,0,0,NA,RE-B,255,255,163,0,0,RE-B,388,RE-B,1
NA,ZM-M-2,0,NA,0,0,NA,M-2,0,0,255,0,0,M-2,389,M-2,0
NA,NA,0,NA,0,0,NA,P,0,0,0,692260.850586,4249.87695821,P,390,P,0
NA,NA,0,NA,0,0,NA,OS-1,0,0,0,4700941.35059,12429.09058,OS-1,391,OS-1,0
NA,NA,0,NA,0,0,NA,M-2,0,0,0,1290739.56641,5587.52196845,M-2,392,M-2,0
NA,NA,0,NA,0,0,NA,RS-10,0,0,0,377917.098633,2804.79226672,RS-10,393,RS-10,1
NA,NA,0,NA,0,0,NA,PD,0,0,0,1614466.93652,10812.2464351,PD_SF,394,PD_SF,1
NA,NA,0,NA,0,0,NA,PD,0,0,0,725943.139648,6054.89325305,PD_SF,395,PD_SF,1
NA,NA,0,NA,0,0,NA,PD,0,0,0,1304151.20313,4939.33017729,PD_SF,396,PD_SF,1
NA,NA,0,NA,0,0,NA,PD,0,0,0,2251032.32813,7658.10483379,PD_SF,397,PD_SF,1
NA,NA,0,NA,0,0,NA,OA-H,0,0,0,1236705.91699,4685.63174525,OA-H,398,OA-H,0
LWPolyline,ZM-RS-7,7,Continuous,0,25,NA,PS,255,234,128,520086.119141,3101.85225785,PS,399,PS,0
LWPolyline,ZM-PS,7,Continuous,0,25,NA,PS,126,157,189,520086.119141,3101.85225785,PS,400,PS,0
NA,NA,0,NA,0,0,NA,RS-7,0,0,0,7730975.1377,16398.0577197,RS-7,401,RS-7,1
NA,NA,0,NA,0,0,NA,RS-7,0,0,0,5682220.24414,17429.446076,RS-7,402,RS-7,1
NA,NA,0,NA,0,0,NA,OS-1,0,0,0,529308.101563,6528.27017539,OS-1,403,OS-1,0
NA,NA,0,NA,0,0,NA,OS-1,0,0,0,1436331.05273,9035.04060884,OS-1,404,OS-1,0
NA,NA,0,NA,0,0,NA,OS-1,0,0,0,489042.90918,4756.59876063,OS-1,405,OS-1,0
NA,NA,0,NA,0,0,NA,P,0,0,0,436431.881836,2794.61859748,P,406,P,0
NA,NA,0,NA,0,0,NA,P,0,0,0,177115.178711,1556.72995044,P,407,P,0
NA,NA,0,NA,0,0,NA,PD,0,0,0,2893517.18359,10472.7828465,PD_SF,408,PD_SF,1
NA,NA,0,NA,0,0,NA,PD,0,0,0,3655998.60059,10994.8422553,PD_SF,409,PD_SF,1
NA,NA,0,NA,0,0,NA,PD,0,0,0,2774880.3916,9129.37675898,PD_SF,410,PD_SF,1
NA,NA,0,NA,0,0,NA,PD,0,0,0,1923537.77246,8855.04390156,PD_SF,411,PD_SF,1
NA,NA,0,NA,0,0,NA,PD,0,0,0,3119295.20313,11555.3772809,PD_SF,412,PD_SF,1
NA,NA,0,NA,0,0,NA,PD,0,0,0,163001.368164,1772.43856824,PD_SF,413,PD_SF,1
NA,NA,0,NA,0,0,NA,PD,0,0,0,916367.905273,7613.62869454,PD_SF,414,PD_SF,1
NA,NA,0,NA,0,0,NA,PD,0,0,0,3876322.32715,11058.1732849,PD_SF,415,PD_SF,1
NA,NA,0,NA,0,0,NA,PD,0,0,0,1763569.07324,6780.41565931,PD_SF,416,PD_SF,1
NA,NA,0,NA,0,0,NA,PS,0,0,0,132738.850586,1472.15355845,PS,417,PS,0
NA,NA,0,NA,0,0,NA,CC,0,0,0,785809.300781,3987.86483381,CC,418,CC,0
NA,NA,0,NA,0,0,NA,MU,0,0,0,280744.310547,2463.05804931,MU,419,MU,0
NA,NA,NA,NA,NA,NA,NA,NA,NA,NA,NA,NA,NA,SP_SF,420,SP_SF,1
NA,NA,NA,NA,NA,NA,NA,NA,NA,NA,NA,NA,NA,SP_NonRes,421,SP_NonRes,0
LWPolyline,ZM-PD,7,Continuous,0,25,NA,PD,189,189,126,3138888.28125,13325.6853201,PD_MF,422,PD_MF,2
LWPolyline,__ Layer Off No Zone,11,Continuous,0,25,NA,No Zoning Info,0,0,0,730586.924805,3934.65658629,SP_SF,999,SP_SF,1
LWPolyline,__ Layer Off No Zone,11,Continuous,0,25,NA,No Zoning Info,0,0,0,749157.492188,3637.98111797,SP_SF,998,SP_SF,0
NA,NA,NA,NA,NA,NA,NA,NA,NA,NA,NA,NA,NA,NA,997,Edited_NonRes,0
NA,NA,NA,NA,NA,NA,NA,NA,NA,NA,NA,NA,NA,NA,996,Edited_NonRes,0
