gnrl_p_,id,edtd_nm_x,edt_g__,edtd_nm_y,zoning
HDR,0,HDR,HDR,HDR,2
HDR,1,HDR,HDR,HDR,2
HR,2,HR,HR,HR,1
HDR,3,HDR,HDR,HDR,2
2/3MU,4,2/3MU,2/3MU,2/3MU,0
2/3MU,5,2/3MU,2/3MU,2/3MU,0
2/3MU,6,2/3MU,2/3MU,2/3MU,0
2/3MU,7,2/3MU,2/3MU,2/3MU,0
2/3MU,8,2/3MU,2/3MU,2/3MU,0
2/3MU,9,2/3MU,2/3MU,2/3MU,0
2/3MU,10,2/3MU,2/3MU,2/3MU,0
2/3MU,11,2/3MU,2/3MU,2/3MU,0
2/3MU,12,2/3MU,2/3MU,2/3MU,0
2/3MU,13,2/3MU,2/3MU,2/3MU,0
2/3MU,14,2/3MU,2/3MU,2/3MU,0
2/3MU,15,2/3MU,2/3MU,2/3MU,0
2/3MU,16,2/3MU,2/3MU,2/3MU,0
2/3MU,17,2/3MU,2/3MU,2/3MU,0
2/3MU,18,2/3MU,2/3MU,2/3MU,0
2/3MU,19,2/3MU,2/3MU,2/3MU,0
2/3MU,20,2/3MU,2/3MU,2/3MU,0
2/3MU,21,2/3MU,2/3MU,2/3MU,0
2/3MU,22,2/3MU,2/3MU,2/3MU,0
2/3MU,23,2/3MU,2/3MU,2/3MU,0
2/3MU,24,2/3MU,2/3MU,2/3MU,0
2/3MU,25,2/3MU,2/3MU,2/3MU,0
2/3MU,26,2/3MU,2/3MU,2/3MU,0
2/3MU,27,2/3MU,2/3MU,2/3MU,0
2/3MU,28,2/3MU,2/3MU,2/3MU,0
2/3MU,29,2/3MU,2/3MU,2/3MU,0
2/3MU,30,2/3MU,2/3MU,2/3MU,0
2/3MU,31,2/3MU,2/3MU,2/3MU,0
2/3MU,32,2/3MU,2/3MU,2/3MU,0
2/3MU,33,2/3MU,2/3MU,2/3MU,0
2/3MU,34,2/3MU,2/3MU,2/3MU,0
2/3MU,35,2/3MU,2/3MU,2/3MU,0
4SRC,36,4SRC,4SRC,4SRC,0
4SRC,37,4SRC,4SRC,4SRC,0
4SRC,38,4SRC,4SRC,4SRC,0
4SRC,39,4SRC,4SRC,4SRC,0
4SRC,40,4SRC,4SRC,4SRC,0
4SRC,41,4SRC,4SRC,4SRC,0
4SRC,42,4SRC,4SRC,4SRC,0
4SRC,43,4SRC,4SRC,4SRC,0
4SRC,44,4SRC,4SRC,4SRC,0
4SRC,45,4SRC_MF,4SRC_MF,4SRC_MF,2
4SRC,46,4SRC,4SRC,4SRC,0
4SRC,47,4SRC,4SRC,4SRC,0
4SRC,48,4SRC,4SRC,4SRC,0
4SRC,49,4SRC,4SRC,4SRC,0
4SRC,50,4SRC,4SRC,4SRC,0
5MR/O,51,5MR/O,5MR/O,5MR/O,0
5MR/O,52,5MR/O,5MR/O,5MR/O,0
5MR/O,53,5MR/O_MF,5MR/O_MF,5MR/O_MF,2
5MR/O,54,5MR/O,5MR/O,5MR/O,0
5MR/O,55,5MR/O,5MR/O,5MR/O,0
5MR/O,56,5MR/O,5MR/O,5MR/O,0
5MR/O,57,5MR/O_SF,5MR/O_SF,5MR/O_SF,1
5MR/O,58,5MR/O,5MR/O,5MR/O,0
5MR/O,59,5MR/O,5MR/O,5MR/O,0
5MR/O,60,5MR/O,5MR/O,5MR/O,0
5MR/O,61,5MR/O,5MR/O,5MR/O,0
5MR/O,62,5MR/O,5MR/O,5MR/O,0
5MR/O,63,5MR/O,5MR/O,5MR/O,0
5MR/O,64,5MR/O,5MR/O,5MR/O,0
5MR/O,65,5MR/O,5MR/O,5MR/O,0
5MR/O,66,5MR/O,5MR/O,5MR/O,0
5MR/O,67,5MR/O,5MR/O,5MR/O,0
5MR/O,68,5MR/O,5MR/O,5MR/O,0
5MR/O,69,5MR/O,5MR/O,5MR/O,0
5MR/O,70,5MR/O,5MR/O,5MR/O,0
5MR/O,71,5MR/O,5MR/O,5MR/O,0
AR,72,AR,AR,AR,0
C,73,C,C,C,0
C,74,C,C,C,0
C,75,C,C,C,0
C,76,C,C,C,0
C,77,C,C,C,0
C,78,C,C,C,0
LDR,79,LDR,LDR,LDR,1
LDR,80,LDR,LDR,LDR,1
LDR,81,LDR,LDR,LDR,1
LDR,82,LDR,LDR,LDR,1
LDR,83,LDR,LDR,LDR,1
LDR,84,LDR,LDR,LDR,1
LDR,85,LDR,LDR,LDR,1
LDR,86,LDR,LDR,LDR,1
LDR,87,LDR,LDR,LDR,1
LDR,88,LDR,LDR,LDR,1
LDR,89,LDR,LDR,LDR,1
LDR,90,LDR,LDR,LDR,1
LDR,91,LDR,LDR,LDR,1
LDR,92,LDR,LDR,LDR,1
GC,93,GC,GC,GC,0
GC,94,GC,GC,GC,0
GC,95,GC,GC,GC,0
GC,96,GC,GC,GC,0
GC,97,GC,GC,GC,0
GC,98,GC,GC,GC,0
GC,99,GC,GC,GC,0
GC,100,GC,GC,GC,0
GC,101,GC,GC,GC,0
GC,102,GC,GC,GC,0
GC,103,GC,GC,GC,0
GC,104,GC,GC,GC,0
GC,105,GC,GC,GC,0
GC,106,GC,GC,GC,0
GC,107,GC,GC,GC,0
GC,108,GC,GC,GC,0
GC,109,GC,GC,GC,0
GC,110,GC,GC,GC,0
GC,111,GC,GC,GC,0
GC,112,GC,GC,GC,0
GC,113,GC,GC,GC,0
GC,114,GC,GC,GC,0
GC,115,GC,GC,GC,0
GC,116,GC,GC,GC,0
GC,117,GC,GC,GC,0
GC,118,GC,GC,GC,0
GC,119,GC,GC,GC,0
GC,120,GC,GC,GC,0
GC,121,GC,GC,GC,0
GC,122,GC,GC,GC,0
GC,123,GC,GC,GC,0
GC,124,GC,GC,GC,0
GC,125,GC,GC,GC,0
GC,126,GC,GC,GC,0
GC,127,GC,GC,GC,0
GC,128,GC,GC,GC,0
GC,129,GC,GC,GC,0
GC,130,GC,GC,GC,0
GC,131,GC,GC,GC,0
GC,132,GC,GC,GC,0
GC,133,GC,GC,GC,0
GC,134,GC,GC,GC,0
HDR,135,HDR,HDR,HDR,2
HDR,136,HDR,HDR,HDR,2
HDR,137,HDR,HDR,HDR,2
HDR,138,HDR,HDR,HDR,2
HDR,139,HDR,HDR,HDR,2
HDR,140,HDR,HDR,HDR,2
HDR,141,HDR,HDR,HDR,2
HDR,142,HDR,HDR,HDR,2
HDR,143,HDR,HDR,HDR,2
HDR,144,HDR,HDR,HDR,2
HDR,145,HDR,HDR,HDR,2
HDR,146,HDR,HDR,HDR,2
HDR,147,HDR,HDR,HDR,2
HDR,148,HDR,HDR,HDR,2
HDR,149,HDR,HDR,HDR,2
HDR,150,HDR,HDR,HDR,2
HDR,151,HDR,HDR,HDR,2
HDR,152,HDR,HDR,HDR,2
HDR,153,HDR,HDR,HDR,2
HDR,154,HDR,HDR,HDR,2
HDR,155,HDR,HDR,HDR,2
HDR,156,HDR,HDR,HDR,2
HDR,157,HDR,HDR,HDR,2
HDR,158,HDR,HDR,HDR,2
HDR,159,HDR,HDR,HDR,2
HDR,160,HDR,HDR,HDR,2
HDR,161,HDR,HDR,HDR,2
HDR,162,HDR,HDR,HDR,2
HDR,163,HDR,HDR,HDR,2
HDR,164,HDR,HDR,HDR,2
HDR,165,HDR,HDR,HDR,2
HDR,166,HDR,HDR,HDR,2
HDR,167,HDR,HDR,HDR,2
HDR,168,HDR,HDR,HDR,2
HDR,169,HDR,HDR,HDR,2
HDR,170,HDR,HDR,HDR,2
HDR,171,HDR,HDR,HDR,2
HDR,172,HDR,HDR,HDR,2
HDR,173,HDR,HDR,HDR,2
HDR,174,HDR,HDR,HDR,2
HDR,175,HDR,HDR,HDR,2
HDR,176,HDR,HDR,HDR,2
HDR,177,HDR,HDR,HDR,2
HDR,178,HDR,HDR,HDR,2
HDR,179,HDR,HDR,HDR,2
HDR,180,HDR,HDR,HDR,2
HDR,181,HDR,HDR,HDR,2
HDR,182,HDR,HDR,HDR,2
HDR,183,HDR,HDR,HDR,2
HDR,184,HDR,HDR,HDR,2
HDR,185,HDR,HDR,HDR,2
HDR,186,HDR,HDR,HDR,2
HDR,187,HDR,HDR,HDR,2
HDR,188,HDR,HDR,HDR,2
HDR,189,HDR,HDR,HDR,2
HDR,190,HDR,HDR,HDR,2
HDR,191,HDR,HDR,HDR,2
HDR,192,HDR,HDR,HDR,2
HDR,193,HDR,HDR,HDR,2
HDR,194,HDR,HDR,HDR,2
HDR,195,HDR,HDR,HDR,2
HDR,196,HDR,HDR,HDR,2
HDR,197,HDR,HDR,HDR,2
HDR,198,HDR,HDR,HDR,2
HDR,199,HDR,HDR,HDR,2
HDR,200,HDR,HDR,HDR,2
HDR,201,HDR,HDR,HDR,2
HDR,202,HDR,HDR,HDR,2
HDR,203,HDR,HDR,HDR,2
HDR,204,HDR,HDR,HDR,2
HDR,205,HDR,HDR,HDR,2
HDR,206,HDR,HDR,HDR,2
HDR,207,HDR,HDR,HDR,2
HDR,208,HDR,HDR,HDR,2
HDR,209,HDR,HDR,HDR,2
HDR,210,HDR,HDR,HDR,2
HDR,211,HDR,HDR,HDR,2
HDR,212,HDR,HDR,HDR,2
HDR,213,HDR,HDR,HDR,2
HDR,214,HDR,HDR,HDR,2
HDR,215,HDR,HDR,HDR,2
HDR,216,HDR,HDR,HDR,2
HDR,217,HDR,HDR,HDR,2
HDR,218,HDR,HDR,HDR,2
HDR,219,HDR,HDR,HDR,2
HDR,220,HDR,HDR,HDR,2
HDR,221,HDR,HDR,HDR,2
HDR,222,HDR,HDR,HDR,2
HDR,223,HDR,HDR,HDR,2
HDR,224,HDR,HDR,HDR,2
HDR,225,HDR,HDR,HDR,2
HDR,226,HDR,HDR,HDR,2
HDR,227,HDR,HDR,HDR,2
HDR,228,HDR,HDR,HDR,2
HDR,229,HDR,HDR,HDR,2
HDR,230,HDR,HDR,HDR,2
HO,231,HO,HO,HO,0
HO,232,HO,HO,HO,0
HO,233,HO,HO,HO,0
HO,234,HO,HO,HO,0
HO,235,HO,HO,HO,0
HO,236,HO,HO,HO,0
HO,237,HO,HO,HO,0
HO,238,HO,HO,HO,0
HR,239,HR,HR,HR,1
HR,240,HR,HR,HR,1
HR,241,HR,HR,HR,1
HR,242,HR,HR,HR,1
HR,243,HR,HR,HR,1
HR,244,HR,HR,HR,1
HR,245,HR,HR,HR,1
HR,246,HR,HR,HR,1
HR,247,HR,HR,HR,1
HR,248,HR,HR,HR,1
HR,249,HR,HR,HR,1
HR,250,HR,HR,HR,1
HR,251,HR,HR,HR,1
HR,252,HR,HR,HR,1
HR,253,HR,HR,HR,1
HR,254,HR,HR,HR,1
HR,255,HR,HR,HR,1
HR,256,HR,HR,HR,1
HR,257,HR,HR,HR,1
HR,258,HR,HR,HR,1
HR,259,HR,HR,HR,1
HR,260,HR,HR,HR,1
HR,261,HR,HR,HR,1
HR,262,HR,HR,HR,1
HR,263,HR,HR,HR,1
HR,264,HR,HR,HR,1
HR,265,HR,HR,HR,1
HR,266,HR,HR,HR,1
HR,267,HR,HR,HR,1
HR,268,HR,HR,HR,1
HR,269,HR,HR,HR,1
HR,270,HR,HR,HR,1
HR,271,HR,HR,HR,1
HR,272,HR,HR,HR,1
HR,273,HR,HR,HR,1
HR,274,HR,HR,HR,1
HR,275,HR,HR,HR,1
HR,276,HR,HR,HR,1
HR,277,HR,HR,HR,1
HR,278,HR,HR,HR,1
HR,279,HR,HR,HR,1
HR,280,HR,HR,HR,1
HR,281,HR,HR,HR,1
HR,282,HR,HR,HR,1
HR,283,HR,HR,HR,1
HR,284,HR,HR,HR,1
HR,285,HR,HR,HR,1
HR,286,HR,HR,HR,1
HR,287,HR,HR,HR,1
HR,288,HR,HR,HR,1
HR,289,HR,HR,HR,1
HR,290,HR,HR,HR,1
HR,291,HR,HR,HR,1
HR,292,HR,HR,HR,1
HR,293,HR,HR,HR,1
HR,294,HR,HR,HR,1
HR,295,HR,HR,HR,1
HR,296,HR,HR,HR,1
HR,297,HR,HR,HR,1
HR,298,HR,HR,HR,1
HR,299,HR,HR,HR,1
HR,300,HR,HR,HR,1
HR,301,HR,HR,HR,1
HR,302,HR,HR,HR,1
HR,303,HR,HR,HR,1
HR,304,HR,HR,HR,1
HR,305,HR,HR,HR,1
HR,306,HR,HR,HR,1
HR,307,HR,HR,HR,1
HR,308,HR,HR,HR,1
HR,309,HR,HR,HR,1
HR,310,HR,HR,HR,1
HR,311,HR,HR,HR,1
HR,312,HR,HR,HR,1
HR,313,HR,HR,HR,1
HR,314,HR,HR,HR,1
HR,315,HR,HR,HR,1
HR,316,HR,HR,HR,1
HR,317,HR,HR,HR,1
HR,318,HR,HR,HR,1
HR,319,HR,HR,HR,1
HR,320,HR,HR,HR,1
HR,321,HR,HR,HR,1
HR,322,HR,HR,HR,1
HR,323,HR,HR,HR,1
HRR,324,HRR,HRR,HRR,1
HRR,325,HRR,HRR,HRR,1
HRR,326,HRR,HRR,HRR,1
HRR,327,HRR,HRR,HRR,1
HRR,328,HRR,HRR,HRR,1
HRR,329,HRR,HRR,HRR,1
HRR,330,HRR,HRR,HRR,1
HRR,331,HRR,HRR,HRR,1
HRR,332,HRR,HRR,HRR,1
HRR,333,HRR,HRR,HRR,1
HRR,334,HRR,HRR,HRR,1
I,335,I,I,I,0
I,336,I,I,I,0
I,337,I,I,I,0
I,338,I,I,I,0
I,339,I,I,I,0
I,340,I,I,I,0
I,341,I,I,I,0
I,342,I,I,I,0
I,343,I,I,I,0
I,344,I,I,I,0
I,345,I,I,I,0
LDR,346,LDR,LDR,LDR,1
LDR,347,LDR,LDR,LDR,1
LDR,348,LDR,LDR,LDR,1
LDR,349,LDR,LDR,LDR,1
LDR,350,LDR,LDR,LDR,1
LDR,351,LDR,LDR,LDR,1
LDR,352,LDR,LDR,LDR,1
LDR,353,LDR,LDR,LDR,1
LDR,354,LDR,LDR,LDR,1
LDR,355,LDR,LDR,LDR,1
LDR,356,LDR,LDR,LDR,1
LDR,357,LDR,LDR,LDR,1
LDR,358,LDR,LDR,LDR,1
LDR,359,LDR,LDR,LDR,1
LDR,360,LDR,LDR,LDR,1
LDR,361,LDR,LDR,LDR,1
LDR,362,LDR,LDR,LDR,1
LDR,363,LDR,LDR,LDR,1
LDR,364,LDR,LDR,LDR,1
LDR,365,LDR,LDR,LDR,1
LDR,366,LDR,LDR,LDR,1
LDR,367,LDR,LDR,LDR,1
LDR,368,LDR,LDR,LDR,1
LDR,369,LDR,LDR,LDR,1
LDR,370,LDR,LDR,LDR,1
LDR,371,LDR,LDR,LDR,1
LDR,372,LDR,LDR,LDR,1
LDR,373,LDR,LDR,LDR,1
LDR,374,LDR,LDR,LDR,1
LDR,375,LDR,LDR,LDR,1
LDR,376,LDR,LDR,LDR,1
LDR,377,LDR,LDR,LDR,1
LDR,378,LDR,LDR,LDR,1
LDR,379,LDR,LDR,LDR,1
LDR,380,LDR,LDR,LDR,1
LDR,381,LDR,LDR,LDR,1
LDR,382,LDR,LDR,LDR,1
LDR,383,LDR,LDR,LDR,1
LDR,384,LDR,LDR,LDR,1
LDR,385,LDR,LDR,LDR,1
LDR,386,LDR,LDR,LDR,1
LDR,387,LDR,LDR,LDR,1
LDR,388,LDR,LDR,LDR,1
LDR,389,LDR,LDR,LDR,1
LDR,390,LDR,LDR,LDR,1
LDR,391,LDR,LDR,LDR,1
LDR,392,LDR,LDR,LDR,1
LDR,393,LDR,LDR,LDR,1
LDR,394,LDR,LDR,LDR,1
LDR,395,LDR,LDR,LDR,1
LDR,396,LDR,LDR,LDR,1
LDR,397,LDR,LDR,LDR,1
LDR,398,LDR,LDR,LDR,1
LDR,399,LDR,LDR,LDR,1
LDR,400,LDR,LDR,LDR,1
LDR,401,LDR,LDR,LDR,1
LDR,402,LDR,LDR,LDR,1
LDR,403,LDR_remove,LDR_remove,LDR_remove,3
LDR,404,LDR,LDR,LDR,1
LDR,405,LDR_remove,LDR_remove,LDR_remove,3
LDR,406,LDR,LDR,LDR,1
LDR,407,LDR,LDR,LDR,1
LDR,408,LDR,LDR,LDR,1
LDR,409,LDR,LDR,LDR,1
LDR,410,LDR,LDR,LDR,1
LDR,411,LDR,LDR,LDR,1
LDR,412,LDR_remove,LDR_remove,LDR_remove,3
LDR,413,LDR,LDR,LDR,1
LDR,414,LDR,LDR,LDR,1
LDR,415,LDR,LDR,LDR,1
LDR,416,LDR,LDR,LDR,1
LDR,417,LDR,LDR,LDR,1
LDR,418,LDR,LDR,LDR,1
LDR,419,LDR,LDR,LDR,1
LDR,420,LDR,LDR,LDR,1
LDR,421,LDR,LDR,LDR,1
LDR,422,LDR,LDR,LDR,1
LDR,423,LDR,LDR,LDR,1
LDR,424,LDR,LDR,LDR,1
LDR,425,LDR,LDR,LDR,1
LDR,426,LDR,LDR,LDR,1
LDR,427,LDR,LDR,LDR,1
LDR,428,LDR,LDR,LDR,1
LDR,429,LDR,LDR,LDR,1
LDR,430,LDR,LDR,LDR,1
LDR,431,LDR,LDR,LDR,1
LDR,432,LDR,LDR,LDR,1
LDR,433,LDR,LDR,LDR,1
LDR,434,LDR,LDR,LDR,1
LDR,435,LDR,LDR,LDR,1
LDR,436,LDR,LDR,LDR,1
LDR,437,LDR,LDR,LDR,1
LDR,438,LDR,LDR,LDR,1
LDR,439,LDR,LDR,LDR,1
LDR,440,LDR,LDR,LDR,1
LDR,441,LDR,LDR,LDR,1
LDR,442,LDR,LDR,LDR,1
LDR,443,LDR,LDR,LDR,1
LDR,444,LDR,LDR,LDR,1
LDR,445,LDR,LDR,LDR,1
LDR,446,LDR,LDR,LDR,1
LDR,447,LDR,LDR,LDR,1
LDR,448,LDR,LDR,LDR,1
LDR,449,LDR,LDR,LDR,1
LDR,450,LDR,LDR,LDR,1
LDR,451,LDR,LDR,LDR,1
LDR,452,LDR,LDR,LDR,1
LDR,453,LDR,LDR,LDR,1
LDR,454,LDR,LDR,LDR,1
LDR,455,LDR,LDR,LDR,1
LDR,456,LDR,LDR,LDR,1
LDR,457,LDR,LDR,LDR,1
LDR,458,LDR,LDR,LDR,1
LDR,459,LDR,LDR,LDR,1
LDR,460,LDR,LDR,LDR,1
LDR,461,LDR,LDR,LDR,1
LDR,462,LDR,LDR,LDR,1
LDR,463,LDR,LDR,LDR,1
LDR,464,LDR,LDR,LDR,1
LDR,465,LDR,LDR,LDR,1
LDR,466,LDR,LDR,LDR,1
LDR,467,LDR,LDR,LDR,1
LDR,468,LDR,LDR,LDR,1
LDR,469,LDR,LDR,LDR,1
LDR,470,LDR,LDR,LDR,1
LDR,471,LDR_remove,LDR_remove,LDR_remove,3
LDR,472,LDR,LDR,LDR,1
LDR,473,LDR,LDR,LDR,1
LDR,474,LDR,LDR,LDR,1
LDR,475,LDR,LDR,LDR,1
LDR,476,LDR,LDR,LDR,1
LDR,477,LDR,LDR,LDR,1
LDR,478,LDR_remove,LDR_remove,LDR_remove,3
LDR,479,LDR,LDR,LDR,1
LDR,480,LDR,LDR,LDR,1
LDR,481,LDR,LDR,LDR,1
LDR,482,LDR,LDR,LDR,1
LDR,483,LDR,LDR,LDR,1
LDR,484,LDR,LDR,LDR,1
LDR,485,LDR,LDR,LDR,1
LDR,486,LDR,LDR,LDR,1
LDR,487,LDR,LDR,LDR,1
LDR,488,LDR,LDR,LDR,1
LDR,489,LDR,LDR,LDR,1
LDR,490,LDR,LDR,LDR,1
LDR,491,LDR,LDR,LDR,1
LDR,492,LDR,LDR,LDR,1
LDR,493,LDR,LDR,LDR,1
LDR,494,LDR,LDR,LDR,1
LDR,495,LDR,LDR,LDR,1
LDR,496,LDR,LDR,LDR,1
LDR,497,LDR,LDR,LDR,1
LDR,498,LDR,LDR,LDR,1
LDR,499,LDR,LDR,LDR,1
LDR,500,LDR,LDR,LDR,1
LDR,501,LDR,LDR,LDR,1
LDR,502,LDR,LDR,LDR,1
LDR,503,LDR,LDR,LDR,1
LDR,504,LDR,LDR,LDR,1
LDR,505,LDR,LDR,LDR,1
LDR,506,LDR,LDR,LDR,1
LDR,507,LDR,LDR,LDR,1
LDR,508,LDR,LDR,LDR,1
LDR,509,LDR,LDR,LDR,1
LDR,510,LDR,LDR,LDR,1
LDR,511,LDR,LDR,LDR,1
LDR,512,LDR,LDR,LDR,1
LDR,513,LDR,LDR,LDR,1
LDR,514,LDR,LDR,LDR,1
LDR,515,LDR,LDR,LDR,1
LDR,516,LDR,LDR,LDR,1
LDR,517,LDR,LDR,LDR,1
LDR,518,LDR,LDR,LDR,1
LDR,519,LDR,LDR,LDR,1
LDR,520,LDR,LDR,LDR,1
LDR,521,LDR,LDR,LDR,1
LDR,522,LDR,LDR,LDR,1
LDR,523,LDR,LDR,LDR,1
LDR,524,LDR,LDR,LDR,1
LDR,525,LDR,LDR,LDR,1
LDR,526,LDR,LDR,LDR,1
LDR,527,LDR,LDR,LDR,1
LDR,528,LDR,LDR,LDR,1
LDR,529,LDR,LDR,LDR,1
LDR,530,LDR,LDR,LDR,1
LDR,531,LDR,LDR,LDR,1
LDR,532,LDR,LDR,LDR,1
LDR,533,LDR,LDR,LDR,1
LDR,534,LDR,LDR,LDR,1
LDR,535,LDR,LDR,LDR,1
LDR,536,LDR,LDR,LDR,1
LDR,537,LDR,LDR,LDR,1
LDR,538,LDR,LDR,LDR,1
LDR,539,LDR,LDR,LDR,1
LDR,540,LDR,LDR,LDR,1
LDR,541,LDR,LDR,LDR,1
LDR,542,LDR,LDR,LDR,1
LDR,543,LDR,LDR,LDR,1
LDR,544,LDR,LDR,LDR,1
LDR,545,LDR,LDR,LDR,1
LDR,546,LDR,LDR,LDR,1
LDR,547,LDR,LDR,LDR,1
LDR,548,LDR,LDR,LDR,1
LDR,549,LDR,LDR,LDR,1
LDR,550,LDR,LDR,LDR,1
LDR,551,LDR,LDR,LDR,1
LDR,552,LDR,LDR,LDR,1
LDR,553,LDR,LDR,LDR,1
LDR,554,LDR,LDR,LDR,1
LDR,555,LDR,LDR,LDR,1
LDR,556,LDR,LDR,LDR,1
LDR,557,LDR,LDR,LDR,1
LDR,558,LDR,LDR,LDR,1
LDR,559,LDR,LDR,LDR,1
LDR,560,LDR,LDR,LDR,1
LDR,561,LDR,LDR,LDR,1
LDR,562,LDR,LDR,LDR,1
LDR,563,LDR,LDR,LDR,1
LDR,564,LDR,LDR,LDR,1
LDR,565,LDR,LDR,LDR,1
LDR,566,LDR,LDR,LDR,1
LDR,567,LDR,LDR,LDR,1
LDR,568,LDR,LDR,LDR,1
LDR,569,LDR,LDR,LDR,1
LDR,570,LDR,LDR,LDR,1
LDR,571,LDR,LDR,LDR,1
LDR,572,LDR,LDR,LDR,1
LDR,573,LDR,LDR,LDR,1
LDR,574,LDR,LDR,LDR,1
LDR,575,LDR,LDR,LDR,1
LDR,576,LDR,LDR,LDR,1
LDR,577,LDR,LDR,LDR,1
LDR,578,LDR,LDR,LDR,1
LDR,579,LDR,LDR,LDR,1
LDR,580,LDR,LDR,LDR,1
LDR,581,LDR,LDR,LDR,1
LDR,582,LDR,LDR,LDR,1
LDR,583,LDR,LDR,LDR,1
LDR,584,LDR,LDR,LDR,1
LDR,585,LDR,LDR,LDR,1
LDR,586,LDR,LDR,LDR,1
LDR,587,LDR,LDR,LDR,1
LDR,588,LDR,LDR,LDR,1
LDR,589,LDR,LDR,LDR,1
LDR,590,LDR,LDR,LDR,1
LDR,591,LDR,LDR,LDR,1
LDR,592,LDR,LDR,LDR,1
LDR,593,LDR,LDR,LDR,1
LDR,594,LDR,LDR,LDR,1
LDR,595,LDR,LDR,LDR,1
LDR,596,LDR,LDR,LDR,1
LDR,597,LDR,LDR,LDR,1
LDR,598,LDR,LDR,LDR,1
LDR,599,LDR,LDR,LDR,1
LDR,600,LDR,LDR,LDR,1
LDR,601,LDR,LDR,LDR,1
LDR,602,LDR,LDR,LDR,1
LDR,603,LDR,LDR,LDR,1
LDR,604,LDR,LDR,LDR,1
LDR,605,LDR,LDR,LDR,1
LDR,606,LDR,LDR,LDR,1
LDR,607,LDR,LDR,LDR,1
LDR,608,LDR,LDR,LDR,1
LDR,609,LDR,LDR,LDR,1
LDR,610,LDR,LDR,LDR,1
LDR,611,LDR,LDR,LDR,1
LDR,612,LDR,LDR,LDR,1
LDR,613,LDR,LDR,LDR,1
LDR,614,LDR,LDR,LDR,1
LDR,615,LDR,LDR,LDR,1
LDR,616,LDR,LDR,LDR,1
LDR,617,LDR,LDR,LDR,1
LDR,618,LDR,LDR,LDR,1
LDR,619,LDR,LDR,LDR,1
LDR,620,LDR,LDR,LDR,1
LDR,621,LDR,LDR,LDR,1
LDR,622,LDR,LDR,LDR,1
LDR,623,LDR,LDR,LDR,1
LDR,624,LDR,LDR,LDR,1
LDR,625,LDR,LDR,LDR,1
LDR,626,LDR,LDR,LDR,1
LDR,627,LDR,LDR,LDR,1
LDR,628,LDR,LDR,LDR,1
LDR,629,LDR,LDR,LDR,1
LDR,630,LDR,LDR,LDR,1
LDR,631,LDR,LDR,LDR,1
LDR,632,LDR,LDR,LDR,1
LDR,633,LDR,LDR,LDR,1
LDR,634,LDR,LDR,LDR,1
LDR,635,LDR,LDR,LDR,1
LDR,636,LDR,LDR,LDR,1
LDR,637,LDR,LDR,LDR,1
LDR,638,LDR,LDR,LDR,1
LDR,639,LDR,LDR,LDR,1
LDR,640,LDR,LDR,LDR,1
LDR,641,LDR,LDR,LDR,1
LDR,642,LDR,LDR,LDR,1
LDR,643,LDR,LDR,LDR,1
LDR,644,LDR,LDR,LDR,1
LDR,645,LDR,LDR,LDR,1
LDR,646,LDR,LDR,LDR,1
LDR,647,LDR,LDR,LDR,1
LDR,648,LDR,LDR,LDR,1
LDR,649,LDR,LDR,LDR,1
LDR,650,LDR,LDR,LDR,1
LDR,651,LDR,LDR,LDR,1
LDR,652,LDR,LDR,LDR,1
LDR,653,LDR,LDR,LDR,1
LDR,654,LDR,LDR,LDR,1
LDR,655,LDR,LDR,LDR,1
LDR,656,LDR,LDR,LDR,1
LDR,657,LDR,LDR,LDR,1
LDR,658,LDR,LDR,LDR,1
LDR,659,LDR,LDR,LDR,1
LDR,660,LDR,LDR,LDR,1
LDR,661,LDR,LDR,LDR,1
LDR,662,LDR,LDR,LDR,1
LDR,663,LDR,LDR,LDR,1
LDR,664,LDR,LDR,LDR,1
LDR,665,LDR,LDR,LDR,1
LDR,666,LDR,LDR,LDR,1
LDR,667,LDR,LDR,LDR,1
LDR,668,LDR,LDR,LDR,1
LDR,669,LDR,LDR,LDR,1
LDR,670,LDR,LDR,LDR,1
LDR,671,LDR,LDR,LDR,1
LDR,672,LDR,LDR,LDR,1
LDR,673,LDR,LDR,LDR,1
LDR,674,LDR,LDR,LDR,1
LDR,675,LDR,LDR,LDR,1
LDR,676,LDR,LDR,LDR,1
LDR,677,LDR,LDR,LDR,1
LDR,678,LDR,LDR,LDR,1
LDR,679,LDR,LDR,LDR,1
LDR,680,LDR,LDR,LDR,1
LDR,681,LDR,LDR,LDR,1
LDR,682,LDR,LDR,LDR,1
LDR,683,LDR,LDR,LDR,1
LDR,684,LDR,LDR,LDR,1
LDR,685,LDR,LDR,LDR,1
LDR,686,LDR,LDR,LDR,1
LDR,687,LDR,LDR,LDR,1
LDR,688,LDR,LDR,LDR,1
LDR,689,LDR,LDR,LDR,1
LDR,690,LDR,LDR,LDR,1
LDR,691,LDR,LDR,LDR,1
LDR,692,LDR,LDR,LDR,1
LDR,693,LDR,LDR,LDR,1
LDR,694,LDR,LDR,LDR,1
LDR,695,LDR,LDR,LDR,1
LDR,696,LDR,LDR,LDR,1
LDR,697,LDR,LDR,LDR,1
LDR,698,LDR,LDR,LDR,1
LDR,699,LDR,LDR,LDR,1
LDR,700,LDR,LDR,LDR,1
LDR,701,LDR,LDR,LDR,1
LDR,702,LDR,LDR,LDR,1
LDR,703,LDR,LDR,LDR,1
LDR,704,LDR,LDR,LDR,1
LDR,705,LDR,LDR,LDR,1
LDR,706,LDR,LDR,LDR,1
LDR,707,LDR,LDR,LDR,1
LDR,708,LDR,LDR,LDR,1
LDR,709,LDR,LDR,LDR,1
LDR,710,LDR,LDR,LDR,1
LDR,711,LDR,LDR,LDR,1
LDR,712,LDR,LDR,LDR,1
LDR,713,LDR,LDR,LDR,1
LDR,714,LDR,LDR,LDR,1
LDR,715,LDR,LDR,LDR,1
LDR,716,LDR,LDR,LDR,1
LDR,717,LDR,LDR,LDR,1
LDR,718,LDR,LDR,LDR,1
LDR,719,LDR,LDR,LDR,1
LDR,720,LDR,LDR,LDR,1
LDR,721,LDR,LDR,LDR,1
LDR,722,LDR,LDR,LDR,1
LDR,723,LDR,LDR,LDR,1
LDR,724,LDR,LDR,LDR,1
LDR,725,LDR,LDR,LDR,1
LDR,726,LDR,LDR,LDR,1
LDR,727,LDR,LDR,LDR,1
LDR,728,LDR,LDR,LDR,1
LDR,729,LDR,LDR,LDR,1
LDR,730,LDR,LDR,LDR,1
LDR,731,LDR,LDR,LDR,1
LDR,732,LDR,LDR,LDR,1
LDR,733,LDR,LDR,LDR,1
LDR,734,LDR,LDR,LDR,1
LDR,735,LDR,LDR,LDR,1
LDR,736,LDR,LDR,LDR,1
LDR,737,LDR,LDR,LDR,1
LDR,738,LDR,LDR,LDR,1
LDR,739,LDR,LDR,LDR,1
LDR,740,LDR,LDR,LDR,1
LDR,741,LDR,LDR,LDR,1
LDR,742,LDR,LDR,LDR,1
LDR,743,LDR,LDR,LDR,1
LDR,744,LDR,LDR,LDR,1
LDR,745,LDR,LDR,LDR,1
LDR,746,LDR,LDR,LDR,1
LDR,747,LDR,LDR,LDR,1
LDR,748,LDR,LDR,LDR,1
LDR,749,LDR,LDR,LDR,1
LDR,750,LDR,LDR,LDR,1
LDR,751,LDR,LDR,LDR,1
LDR,752,LDR,LDR,LDR,1
LDR,753,LDR,LDR,LDR,1
LDR,754,LDR,LDR,LDR,1
LDR,755,LDR,LDR,LDR,1
LDR,756,LDR,LDR,LDR,1
LDR,757,LDR,LDR,LDR,1
LDR,758,LDR,LDR,LDR,1
LDR,759,LDR,LDR,LDR,1
LDR,760,LDR,LDR,LDR,1
LDR,761,LDR,LDR,LDR,1
LDR,762,LDR,LDR,LDR,1
LDR,763,LDR,LDR,LDR,1
LDR,764,LDR,LDR,LDR,1
LDR,765,LDR,LDR,LDR,1
LDR,766,LDR,LDR,LDR,1
LDR,767,LDR,LDR,LDR,1
LDR,768,LDR,LDR,LDR,1
LDR,769,LDR,LDR,LDR,1
LDR,770,LDR,LDR,LDR,1
LDR,771,LDR,LDR,LDR,1
LDR,772,LDR,LDR,LDR,1
LDR,773,LDR,LDR,LDR,1
LDR,774,LDR,LDR,LDR,1
LDR,775,LDR,LDR,LDR,1
LDR,776,LDR,LDR,LDR,1
LDR,777,LDR,LDR,LDR,1
LDR,778,LDR,LDR,LDR,1
LDR,779,LDR,LDR,LDR,1
LDR,780,LDR,LDR,LDR,1
LDR,781,LDR,LDR,LDR,1
LDR,782,LDR,LDR,LDR,1
LDR,783,LDR,LDR,LDR,1
LDR,784,LDR,LDR,LDR,1
LDR,785,LDR,LDR,LDR,1
LDR,786,LDR,LDR,LDR,1
LDR,787,LDR,LDR,LDR,1
LDR,788,LDR,LDR,LDR,1
LDR,789,LDR,LDR,LDR,1
LDR,790,LDR,LDR,LDR,1
LDR,791,LDR,LDR,LDR,1
LDR,792,LDR,LDR,LDR,1
LDR,793,LDR,LDR,LDR,1
LDR,794,LDR,LDR,LDR,1
LDR,795,LDR,LDR,LDR,1
LDR,796,LDR,LDR,LDR,1
LDR,797,LDR,LDR,LDR,1
LDR,798,LDR,LDR,LDR,1
LDR,799,LDR,LDR,LDR,1
LDR,800,LDR,LDR,LDR,1
LDR,801,LDR,LDR,LDR,1
LDR,802,LDR,LDR,LDR,1
LDR,803,LDR,LDR,LDR,1
LDR,804,LDR,LDR,LDR,1
LDR,805,LDR,LDR,LDR,1
LDR,806,LDR,LDR,LDR,1
LDR,807,LDR,LDR,LDR,1
LDR,808,LDR,LDR,LDR,1
LDR,809,LDR,LDR,LDR,1
LDR,810,LDR,LDR,LDR,1
LDR,811,LDR,LDR,LDR,1
LDR,812,LDR,LDR,LDR,1
LDR,813,LDR,LDR,LDR,1
LDR,814,LDR,LDR,LDR,1
LDR,815,LDR,LDR,LDR,1
LDR,816,LDR,LDR,LDR,1
LDR,817,LDR,LDR,LDR,1
LDR,818,LDR,LDR,LDR,1
LDR,819,LDR,LDR,LDR,1
LDR,820,LDR,LDR,LDR,1
LDR,821,LDR,LDR,LDR,1
LDR,822,LDR,LDR,LDR,1
LDR,823,LDR,LDR,LDR,1
LDR,824,LDR,LDR,LDR,1
LDR,825,LDR,LDR,LDR,1
LDR,826,LDR,LDR,LDR,1
LDR,827,LDR,LDR,LDR,1
LDR,828,LDR,LDR,LDR,1
LDR,829,LDR,LDR,LDR,1
LDR,830,LDR,LDR,LDR,1
LDR,831,LDR,LDR,LDR,1
LDR,832,LDR,LDR,LDR,1
LDR,833,LDR,LDR,LDR,1
LDR,834,LDR,LDR,LDR,1
LDR,835,LDR,LDR,LDR,1
LDR,836,LDR,LDR,LDR,1
LDR,837,LDR,LDR,LDR,1
LDR,838,LDR,LDR,LDR,1
LDR,839,LDR,LDR,LDR,1
LDR,840,LDR,LDR,LDR,1
LDR,841,LDR,LDR,LDR,1
LI/O,842,LI/O,LI/O,LI/O,0
LI/O,843,LI/O,LI/O,LI/O,0
LI/O,844,LI/O,LI/O,LI/O,0
LI/O,845,LI/O,LI/O,LI/O,0
LI/O,846,LI/O,LI/O,LI/O,0
LI/O,847,LI/O,LI/O,LI/O,0
LI/O,848,LI/O,LI/O,LI/O,0
LI/O,849,LI/O,LI/O,LI/O,0
LI/O,850,LI/O,LI/O,LI/O,0
LI/O,851,LI/O,LI/O,LI/O,0
LI/O,852,LI/O,LI/O,LI/O,0
LI/O,853,LI/O,LI/O,LI/O,0
LI/O,854,LI/O,LI/O,LI/O,0
LI/O,855,LI/O,LI/O,LI/O,0
LI/O,856,LI/O,LI/O,LI/O,0
LI/O,857,LI/O,LI/O,LI/O,0
LI/O,858,LI/O,LI/O,LI/O,0
LI/O,859,LI/O,LI/O,LI/O,0
LI/O,860,LI/O,LI/O,LI/O,0
LI/O,861,LI/O,LI/O,LI/O,0
LI/O,862,LI/O,LI/O,LI/O,0
LI/O,863,LI/O,LI/O,LI/O,0
LI/O,864,LI/O,LI/O,LI/O,0
LI/O,865,LI/O,LI/O,LI/O,0
LI/O,866,LI/O,LI/O,LI/O,0
LI/O,867,LI/O,LI/O,LI/O,0
LI/O,868,LI/O,LI/O,LI/O,0
LI/O,869,LI/O,LI/O,LI/O,0
LI/O,870,LI/O,LI/O,LI/O,0
LI/O,871,LI/O,LI/O,LI/O,0
LI/O,872,LI/O,LI/O,LI/O,0
LI/O,873,LI/O,LI/O,LI/O,0
LI/O,874,LI/O,LI/O,LI/O,0
LI/O,875,LI/O,LI/O,LI/O,0
LI/O,876,LI/O,LI/O,LI/O,0
LI/O,877,LI/O,LI/O,LI/O,0
LI/O,878,LI/O,LI/O,LI/O,0
LI/O,879,LI/O,LI/O,LI/O,0
LI/O,880,LI/O,LI/O,LI/O,0
LI/O,881,LI/O,LI/O,LI/O,0
LI/O,882,LI/O,LI/O,LI/O,0
LI/O,883,LI/O,LI/O,LI/O,0
LI/O,884,LI/O,LI/O,LI/O,0
LI/O,885,LI/O,LI/O,LI/O,0
LMU,886,LMU,LMU,LMU,0
LMU,887,LMU,LMU,LMU,0
LMU,888,LMU,LMU,LMU,0
LMU,889,LMU,LMU,LMU,0
LO,890,LO,LO,LO,0
LO,891,LO,LO,LO,0
LO,892,LO,LO,LO,0
MAR,893,MAR,MAR,MAR,0
MAR,894,MAR,MAR,MAR,0
MAR,895,MAR,MAR,MAR,0
MAR,896,MAR,MAR,MAR,0
MAR,897,MAR,MAR,MAR,0
MAR,898,MAR,MAR,MAR,0
MAR,899,MAR,MAR,MAR,0
MAR,900,MAR,MAR,MAR,0
MAR,901,MAR,MAR,MAR,0
MAR,902,MAR,MAR,MAR,0
MAR,903,MAR,MAR,MAR,0
MDR,904,MDR,MDR,MDR,2
MDR,905,MDR,MDR,MDR,2
MDR,906,MDR,MDR,MDR,2
MDR,907,MDR,MDR,MDR,2
MDR,908,MDR,MDR,MDR,2
MDR,909,MDR,MDR,MDR,2
MDR,910,MDR,MDR,MDR,2
MDR,911,MDR,MDR,MDR,2
MDR,912,MDR,MDR,MDR,2
MDR,913,MDR,MDR,MDR,2
MDR,914,MDR,MDR,MDR,2
MDR,915,MDR,MDR,MDR,2
MDR,916,MDR,MDR,MDR,2
MDR,917,MDR,MDR,MDR,2
MDR,918,MDR,MDR,MDR,2
MDR,919,MDR,MDR,MDR,2
MDR,920,MDR,MDR,MDR,2
MDR,921,MDR,MDR,MDR,2
MDR,922,MDR,MDR,MDR,2
MDR,923,MDR,MDR,MDR,2
MDR,924,MDR,MDR,MDR,2
MDR,925,MDR,MDR,MDR,2
MDR,926,MDR,MDR,MDR,2
MDR,927,MDR,MDR,MDR,2
MDR,928,MDR,MDR,MDR,2
MDR,929,MDR,MDR,MDR,2
MDR,930,MDR,MDR,MDR,2
MDR,931,MDR,MDR,MDR,2
MDR,932,MDR,MDR,MDR,2
MDR,933,MDR,MDR,MDR,2
MDR,934,MDR,MDR,MDR,2
MDR,935,MDR,MDR,MDR,2
MDR,936,MDR,MDR,MDR,2
MDR,937,MDR,MDR,MDR,2
MDR,938,MDR,MDR,MDR,2
MDR,939,MDR,MDR,MDR,2
MDR,940,MDR,MDR,MDR,2
MDR,941,MDR,MDR,MDR,2
MDR,942,MDR,MDR,MDR,2
MDR,943,MDR,MDR,MDR,2
MDR,944,MDR,MDR,MDR,2
MDR,945,MDR,MDR,MDR,2
MDR,946,MDR,MDR,MDR,2
MDR,947,MDR,MDR,MDR,2
MDR,948,MDR,MDR,MDR,2
MDR,949,MDR,MDR,MDR,2
MDR,950,MDR,MDR,MDR,2
MDR,951,MDR,MDR,MDR,2
MDR,952,MDR,MDR,MDR,2
MDR,953,MDR,MDR,MDR,2
MDR,954,MDR,MDR,MDR,2
MDR,955,MDR,MDR,MDR,2
MDR,956,MDR,MDR,MDR,2
MDR,957,MDR,MDR,MDR,2
MDR,958,MDR,MDR,MDR,2
MDR,959,MDR,MDR,MDR,2
MDR,960,MDR,MDR,MDR,2
MDR,961,MDR,MDR,MDR,2
MDR,962,MDR,MDR,MDR,2
MDR,963,MDR,MDR,MDR,2
MDR,964,MDR,MDR,MDR,2
MDR,965,MDR,MDR,MDR,2
MDR,966,MDR,MDR,MDR,2
MDR,967,MDR,MDR,MDR,2
MDR,968,MDR,MDR,MDR,2
MDR,969,MDR,MDR,MDR,2
MDR,970,MDR,MDR,MDR,2
MDR,971,MDR,MDR,MDR,2
MDR,972,MDR,MDR,MDR,2
MDR,973,MDR,MDR,MDR,2
MDR,974,MDR,MDR,MDR,2
MDR,975,MDR,MDR,MDR,2
MDR,976,MDR,MDR,MDR,2
MDR,977,MDR,MDR,MDR,2
MDR,978,MDR,MDR,MDR,2
MDR,979,MDR,MDR,MDR,2
MDR,980,MDR,MDR,MDR,2
MDR,981,MDR,MDR,MDR,2
MDR,982,MDR,MDR,MDR,2
MDR,983,MDR,MDR,MDR,2
MDR,984,MDR,MDR,MDR,2
MDR,985,MDR,MDR,MDR,2
MDR,986,MDR,MDR,MDR,2
MDR,987,MDR,MDR,MDR,2
MDR,988,MDR,MDR,MDR,2
MDR,989,MDR,MDR,MDR,2
MDR,990,MDR,MDR,MDR,2
MDR,991,MDR,MDR,MDR,2
MDR,992,MDR,MDR,MDR,2
MDR,993,MDR,MDR,MDR,2
MDR,994,MDR,MDR,MDR,2
MDR,995,MDR,MDR,MDR,2
MDR,996,MDR,MDR,MDR,2
MDR,997,MDR,MDR,MDR,2
MDR,998,MDR,MDR,MDR,2
MDR,999,MDR,MDR,MDR,2
MDR,1000,MDR,MDR,MDR,2
MDR,1001,MDR,MDR,MDR,2
MDR,1002,MDR,MDR,MDR,2
MDR,1003,MDR,MDR,MDR,2
MDR,1004,MDR,MDR,MDR,2
MDR,1005,MDR,MDR,MDR,2
MDR,1006,MDR,MDR,MDR,2
MDR,1007,MDR,MDR,MDR,2
MDR,1008,MDR,MDR,MDR,2
MDR,1009,MDR,MDR,MDR,2
MDR,1010,MDR,MDR,MDR,2
MDR,1011,MDR,MDR,MDR,2
MDR,1012,MDR,MDR,MDR,2
MDR,1013,MDR,MDR,MDR,2
MDR,1014,MDR,MDR,MDR,2
MDR,1015,MDR,MDR,MDR,2
MDR,1016,MDR,MDR,MDR,2
MDR,1017,MDR,MDR,MDR,2
MDR,1018,MDR,MDR,MDR,2
MDR,1019,MDR,MDR,MDR,2
MDR,1020,MDR,MDR,MDR,2
MDR,1021,MDR,MDR,MDR,2
MDR,1022,MDR,MDR,MDR,2
MDR,1023,MDR,MDR,MDR,2
MDR,1024,MDR,MDR,MDR,2
MDR,1025,MDR,MDR,MDR,2
MDR,1026,MDR,MDR,MDR,2
MDR,1027,MDR,MDR,MDR,2
MDR,1028,MDR,MDR,MDR,2
MDR,1029,MDR,MDR,MDR,2
MDR,1030,MDR,MDR,MDR,2
MDR,1031,MDR,MDR,MDR,2
MDR,1032,MDR,MDR,MDR,2
MDR,1033,MDR,MDR,MDR,2
MDR,1034,MDR,MDR,MDR,2
MDR,1035,MDR,MDR,MDR,2
MDR,1036,MDR,MDR,MDR,2
MDR,1037,MDR,MDR,MDR,2
MDR,1038,MDR,MDR,MDR,2
MDR,1039,MDR,MDR,MDR,2
MDR,1040,MDR,MDR,MDR,2
MDR,1041,MDR,MDR,MDR,2
MDR,1042,MDR,MDR,MDR,2
MDR,1043,MDR,MDR,MDR,2
MDR,1044,MDR,MDR,MDR,2
MDR,1045,MDR,MDR,MDR,2
MDR,1046,MDR,MDR,MDR,2
MDR,1047,MDR,MDR,MDR,2
MDR,1048,MDR,MDR,MDR,2
MDR,1049,MDR,MDR,MDR,2
MDR,1050,MDR,MDR,MDR,2
MDR,1051,MDR,MDR,MDR,2
MDR,1052,MDR,MDR,MDR,2
MDR,1053,MDR,MDR,MDR,2
MDR,1054,MDR,MDR,MDR,2
MDR,1055,MDR,MDR,MDR,2
MDR,1056,MDR,MDR,MDR,2
MDR,1057,MDR,MDR,MDR,2
MDR,1058,MDR,MDR,MDR,2
MDR,1059,MDR,MDR,MDR,2
MDR,1060,MDR,MDR,MDR,2
MDR,1061,MDR,MDR,MDR,2
MDR,1062,MDR,MDR,MDR,2
MDR,1063,MDR,MDR,MDR,2
MDR,1064,MDR,MDR,MDR,2
MDR,1065,MDR,MDR,MDR,2
MDR,1066,MDR,MDR,MDR,2
MDR,1067,MDR,MDR,MDR,2
MDR,1068,MDR,MDR,MDR,2
MDR,1069,MDR,MDR,MDR,2
MDR,1070,MDR,MDR,MDR,2
MDR,1071,MDR,MDR,MDR,2
MDR,1072,MDR,MDR,MDR,2
MDR,1073,MDR,MDR,MDR,2
MDR,1074,MDR,MDR,MDR,2
MDR,1075,MDR,MDR,MDR,2
MDR,1076,MDR,MDR,MDR,2
MDR,1077,MDR,MDR,MDR,2
MDR,1078,MDR,MDR,MDR,2
MDR,1079,MDR,MDR,MDR,2
MDR,1080,MDR,MDR,MDR,2
MDR,1081,MDR,MDR,MDR,2
MDR,1082,MDR,MDR,MDR,2
MDR,1083,MDR,MDR,MDR,2
MDR,1084,MDR,MDR,MDR,2
MDR,1085,MDR,MDR,MDR,2
MDR,1086,MDR,MDR,MDR,2
MDR,1087,MDR,MDR,MDR,2
MDR,1088,MDR,MDR,MDR,2
MDR,1089,MDR,MDR,MDR,2
MDR,1090,MDR,MDR,MDR,2
MDR,1091,MDR,MDR,MDR,2
MDR,1092,MDR,MDR,MDR,2
MDR,1093,MDR,MDR,MDR,2
MDR,1094,MDR,MDR,MDR,2
MDR,1095,MDR,MDR,MDR,2
MDR,1096,MDR,MDR,MDR,2
MDR,1097,MDR,MDR,MDR,2
MDR,1098,MDR,MDR,MDR,2
MDR,1099,MDR,MDR,MDR,2
MDR,1100,MDR,MDR,MDR,2
MDR,1101,MDR,MDR,MDR,2
MDR,1102,MDR,MDR,MDR,2
MDR,1103,MDR,MDR,MDR,2
MDR,1104,MDR,MDR,MDR,2
MDR,1105,MDR,MDR,MDR,2
MDR,1106,MDR,MDR,MDR,2
MDR,1107,MDR,MDR,MDR,2
MDR,1108,MDR,MDR,MDR,2
MDR,1109,MDR,MDR,MDR,2
MDR,1110,MDR,MDR,MDR,2
MDR,1111,MDR,MDR,MDR,2
MDR,1112,MDR,MDR,MDR,2
MDR,1113,MDR,MDR,MDR,2
MDR,1114,MDR,MDR,MDR,2
MDR,1115,MDR,MDR,MDR,2
MDR,1116,MDR,MDR,MDR,2
MDR,1117,MDR,MDR,MDR,2
MDR,1118,MDR,MDR,MDR,2
MDR,1119,MDR,MDR,MDR,2
MDR,1120,MDR,MDR,MDR,2
MDR,1121,MDR,MDR,MDR,2
NC,1122,NC,NC,NC,0
NC,1123,NC,NC,NC,0
NC,1124,NC,NC,NC,0
NC,1125,NC,NC,NC,0
NC,1126,NC,NC,NC,0
NC,1127,NC,NC,NC,0
NC,1128,NC,NC,NC,0
NC,1129,NC,NC,NC,0
NC,1130,NC,NC,NC,0
NC,1131,NC,NC,NC,0
NC,1132,NC,NC,NC,0
NC,1133,NC,NC,NC,0
NC,1134,NC,NC,NC,0
NC,1135,NC,NC,NC,0
NC,1136,NC,NC,NC,0
NC,1137,NC,NC,NC,0
NC,1138,NC,NC,NC,0
NC,1139,NC,NC,NC,0
NC,1140,NC,NC,NC,0
NC,1141,NC,NC,NC,0
O,1142,O,O,O,0
O,1143,O,O,O,0
O,1144,O,O,O,0
O,1145,O,O,O,0
O,1146,O,O,O,0
O,1147,O,O,O,0
O,1148,O,O,O,0
O,1149,O,O,O,0
O,1150,O,O,O,0
O,1151,O,O,O,0
O,1152,O,O,O,0
O,1153,O,O,O,0
O,1154,O,O,O,0
O,1155,O,O,O,0
O,1156,O,O,O,0
O,1157,O,O,O,0
O,1158,O,O,O,0
O,1159,O,O,O,0
O,1160,O,O,O,0
O,1161,O,O,O,0
O,1162,O,O,O,0
O,1163,O,O,O,0
O,1164,O,O,O,0
O,1165,O,O,O,0
O,1166,O,O,O,0
OS,1167,OS,OS,OS,0
OS,1168,OS,OS,OS,0
OS,1169,OS,OS,OS,0
OS,1170,OS,OS,OS,0
OS,1171,OS,OS,OS,0
OS,1172,OS,OS,OS,0
OS,1173,OS,OS,OS,0
OS,1174,OS,OS,OS,0
OS,1175,OS,OS,OS,0
OS,1176,OS,OS,OS,0
OS,1177,OS,OS,OS,0
OS,1178,OS,OS,OS,0
OS,1179,OS,OS,OS,0
OS,1180,OS,OS,OS,0
OS,1181,OS,OS,OS,0
OS,1182,OS,OS,OS,0
OS,1183,OS,OS,OS,0
OS,1184,OS,OS,OS,0
OS,1185,OS,OS,OS,0
OS,1186,OS,OS,OS,0
OS,1187,OS,OS,OS,0
OS,1188,OS,OS,OS,0
OS,1189,OS,OS,OS,0
OS,1190,OS,OS,OS,0
OS,1191,OS,OS,OS,0
OS,1192,OS,OS,OS,0
OS,1193,OS,OS,OS,0
OS,1194,OS,OS,OS,0
OS,1195,OS,OS,OS,0
OS,1196,OS,OS,OS,0
OS,1197,OS,OS,OS,0
OS,1198,OS,OS,OS,0
OS,1199,OS,OS,OS,0
OS,1200,OS,OS,OS,0
OS,1201,OS,OS,OS,0
OS,1202,OS,OS,OS,0
OS,1203,OS,OS,OS,0
OS,1204,OS,OS,OS,0
OS,1205,OS,OS,OS,0
OS,1206,OS,OS,OS,0
OS,1207,OS,OS,OS,0
OS,1208,OS,OS,OS,0
OS,1209,OS,OS,OS,0
OS,1210,OS,OS,OS,0
OS,1211,OS,OS,OS,0
OS,1212,OS,OS,OS,0
OS,1213,OS,OS,OS,0
OS,1214,OS,OS,OS,0
OS,1215,OS,OS,OS,0
OS,1216,OS,OS,OS,0
OS,1217,OS,OS,OS,0
OS,1218,OS,OS,OS,0
OS,1219,OS,OS,OS,0
OS,1220,OS,OS,OS,0
OS,1221,OS,OS,OS,0
OS,1222,OS,OS,OS,0
OS,1223,OS,OS,OS,0
OS,1224,OS,OS,OS,0
OS,1225,OS,OS,OS,0
OS,1226,OS,OS,OS,0
OS,1227,OS,OS,OS,0
OS,1228,OS,OS,OS,0
OS,1229,OS,OS,OS,0
OS,1230,OS,OS,OS,0
OS,1231,OS,OS,OS,0
OS,1232,OS,OS,OS,0
OS,1233,OS,OS,OS,0
OS,1234,OS,OS,OS,0
P,1235,P,P,P,0
P,1236,P,P,P,0
P,1237,P,P,P,0
P,1238,P,P,P,0
P,1239,P,P,P,0
P,1240,P,P,P,0
P,1241,P,P,P,0
P,1242,P,P,P,0
P,1243,P,P,P,0
P,1244,P,P,P,0
P,1245,P,P,P,0
P,1246,P,P,P,0
P,1247,P,P,P,0
P,1248,P,P,P,0
P,1249,P,P,P,0
P,1250,P,P,P,0
P,1251,P,P,P,0
P,1252,P,P,P,0
P,1253,P,P,P,0
P,1254,P,P,P,0
P,1255,P,P,P,0
P,1256,P,P,P,0
P,1257,P,P,P,0
P,1258,P,P,P,0
P,1259,P,P,P,0
P,1260,P,P,P,0
P,1261,P,P,P,0
P,1262,P,P,P,0
P,1263,P,P,P,0
P/QP,1264,P/QP,P/QP,P/QP,0
P/QP,1265,P/QP,P/QP,P/QP,0
P/QP,1266,P/QP,P/QP,P/QP,0
P/QP,1267,P/QP,P/QP,P/QP,0
P/QP,1268,P/QP,P/QP,P/QP,0
P/QP,1269,P/QP,P/QP,P/QP,0
P/QP,1270,P/QP,P/QP,P/QP,0
P/QP,1271,P/QP,P/QP,P/QP,0
P/QP,1272,P/QP,P/QP,P/QP,0
P/QP,1273,P/QP,P/QP,P/QP,0
P/QP,1274,P/QP,P/QP,P/QP,0
P/QP,1275,P/QP,P/QP,P/QP,0
P/QP,1276,P/QP,P/QP,P/QP,0
P/QP,1277,P/QP,P/QP,P/QP,0
P/QP,1278,P/QP,P/QP,P/QP,0
P/QP,1279,P/QP,P/QP,P/QP,0
P/QP,1280,P/QP,P/QP,P/QP,0
P/QP,1281,P/QP,P/QP,P/QP,0
P/QP,1282,P/QP,P/QP,P/QP,0
P/QP,1283,P/QP,P/QP,P/QP,0
P/QP,1284,P/QP,P/QP,P/QP,0
P/QP,1285,P/QP,P/QP,P/QP,0
P/QP,1286,P/QP,P/QP,P/QP,0
P/QP,1287,P/QP,P/QP,P/QP,0
P/QP,1288,P/QP,P/QP,P/QP,0
P/QP,1289,P/QP,P/QP,P/QP,0
P/QP,1290,P/QP,P/QP,P/QP,0
P/QP,1291,P/QP,P/QP,P/QP,0
P/QP,1292,P/QP,P/QP,P/QP,0
P/QP,1293,P/QP,P/QP,P/QP,0
P/QP,1294,P/QP,P/QP,P/QP,0
P/QP,1295,P/QP,P/QP,P/QP,0
P/QP,1296,P/QP,P/QP,P/QP,0
P/QP,1297,P/QP,P/QP,P/QP,0
P/QP,1298,P/QP,P/QP,P/QP,0
P/QP,1299,P/QP,P/QP,P/QP,0
P/QP,1300,P/QP,P/QP,P/QP,0
P/QP,1301,P/QP,P/QP,P/QP,0
P/QP,1302,P/QP,P/QP,P/QP,0
P/QP,1303,P/QP,P/QP,P/QP,0
P/QP,1304,P/QP,P/QP,P/QP,0
P/QP,1305,P/QP,P/QP,P/QP,0
P/QP,1306,P/QP,P/QP,P/QP,0
P/QP,1307,P/QP,P/QP,P/QP,0
P/QP,1308,P/QP,P/QP,P/QP,0
P/QP,1309,P/QP,P/QP,P/QP,0
P/QP,1310,P/QP,P/QP,P/QP,0
P/QP,1311,P/QP,P/QP,P/QP,0
P/QP,1312,P/QP,P/QP,P/QP,0
P/QP,1313,P/QP,P/QP,P/QP,0
P/QP,1314,P/QP,P/QP,P/QP,0
P/QP,1315,P/QP,P/QP,P/QP,0
P/QP,1316,P/QP,P/QP,P/QP,0
P/QP,1317,P/QP,P/QP,P/QP,0
P/QP,1318,P/QP,P/QP,P/QP,0
P/QP,1319,P/QP,P/QP,P/QP,0
P/QP,1320,P/QP,P/QP,P/QP,0
P/QP,1321,P/QP,P/QP,P/QP,0
P/QP,1322,P/QP,P/QP,P/QP,0
P/QP,1323,P/QP,P/QP,P/QP,0
P/QP,1324,P/QP,P/QP,P/QP,0
P/QP,1325,P/QP,P/QP,P/QP,0
P/QP,1326,P/QP,P/QP,P/QP,0
P/QP,1327,P/QP,P/QP,P/QP,0
RET/O,1328,RET/O,RET/O,RET/O,0
RET/O,1329,RET/O,RET/O,RET/O,0
RET/O,1330,RET/O,RET/O,RET/O,0
RET/O,1331,RET/O,RET/O,RET/O,0
RET/O,1332,RET/O,RET/O,RET/O,0
RET/O,1333,RET/O,RET/O,RET/O,0
RET/O,1334,RET/O,RET/O,RET/O,0
RET/O,1335,RET/O,RET/O,RET/O,0
RET/O,1336,RET/O,RET/O,RET/O,0
RET/O,1337,RET/O,RET/O,RET/O,0
RET/O,1338,RET/O,RET/O,RET/O,0
RET/O,1339,RET/O,RET/O,RET/O,0
RET/O,1340,RET/O,RET/O,RET/O,0
RET/O,1341,RET/O,RET/O,RET/O,0
RET/O,1342,RET/O,RET/O,RET/O,0
RET/O,1343,RET/O,RET/O,RET/O,0
RET/O,1344,RET/O,RET/O,RET/O,0
RET/O,1345,RET/O,RET/O,RET/O,0
RET/O,1346,RET/O,RET/O,RET/O,0
RET/O,1347,RET/O,RET/O,RET/O,0
RET/O,1348,RET/O,RET/O,RET/O,0
RO,1349,RO,RO,RO,0
RO,1350,RO,RO,RO,0
RO,1351,RO,RO,RO,0
RO,1352,RO,RO,RO,0
RO,1353,RO,RO,RO,0
RO,1354,RO,RO,RO,0
RO,1355,RO,RO,RO,0
RO,1356,RO,RO,RO,0
RO,1357,RO,RO,RO,0
RO,1358,RO_MF,RO_MF,RO_MF,2
RO,1359,RO,RO,RO,0
RO,1360,RO,RO,RO,0
RO,1361,RO_MF,RO_MF,RO_MF,2
RO,1362,RO_MF,RO_MF,RO_MF,2
RO,1363,RO_MF,RO_MF,RO_MF,2
RO,1364,RO_MF,RO_MF,RO_MF,2
ROW,1365,ROW_remove,ROW_remove,ROW_remove,3
ROW,1366,ROW_remove,ROW_remove,ROW_remove,3
ROW,1367,ROW_remove,ROW_remove,ROW_remove,3
ROW,1368,ROW_remove,ROW_remove,ROW_remove,3
ROW,1369,ROW_remove,ROW_remove,ROW_remove,3
ROW,1370,ROW_remove,ROW_remove,ROW_remove,3
ROW,1371,ROW_remove,ROW_remove,ROW_remove,3
ROW,1372,ROW_remove,ROW_remove,ROW_remove,3
ROW,1373,ROW_remove,ROW_remove,ROW_remove,3
ROW,1374,ROW_remove,ROW_remove,ROW_remove,3
ROW,1375,ROW_remove,ROW_remove,ROW_remove,3
ROW,1376,ROW_remove,ROW_remove,ROW_remove,3
ROW,1377,ROW_remove,ROW_remove,ROW_remove,3
W,1378,W_remove,W_remove,W_remove,3
W,1379,W_remove,W_remove,W_remove,3
WEV,1380,WEV,WEV,WEV,0
WEV,1381,WEV,WEV,WEV,0
WEV,1382,WEV,WEV,WEV,0
WEV,1383,WEV,WEV,WEV,0
WEV,1384,WEV,WEV,WEV,0
WEV,1385,WEV,WEV,WEV,0
WEV,1386,WEV,WEV,WEV,0
WEV,1387,WEV,WEV,WEV,0
WEV,1388,WEV,WEV,WEV,0
WEV,1389,WEV,WEV,WEV,0
LDR,1390,LDR,LDR,LDR,1
median,1391,median,median,median,3
GC,1392,GC,GC,GC,0
C,1393,C,C,C,0
LI/O,1394,LI/O,LI/O,LI/O,0
MDR,1395,MDR,MDR,MDR,2
MDR,1396,MDR,MDR,MDR,2
MDR,1397,MDR,MDR,MDR,2
MIN,1398,MIN_remove,MIN_remove,MIN_remove,3
MIN,1399,MIN_remove,MIN_remove,MIN_remove,3
LI/O,1400,LI/O,LI/O,LI/O,0
MDR,1401,MDR,MDR,MDR,2
W,1402,W_remove,W_remove,W_remove,3
W,1403,W_remove,W_remove,W_remove,3
P/QP,1404,P/QP,P/QP,P/QP,0
W,1405,W_remove,W_remove,W_remove,3
MIN,1406,MIN_remove,MIN_remove,MIN_remove,3
W,1407,W_remove,W_remove,W_remove,3
LDR,1408,LDR,LDR,LDR,1
W,1409,W_remove,W_remove,W_remove,3
LDR,1410,LDR,LDR,LDR,1
HDR,1411,HDR,HDR,HDR,2
HDR,1412,HDR,HDR,HDR,2
HDR,1413,HDR,HDR,HDR,2
W,1414,W_remove,W_remove,W_remove,3
MDR,1415,MDR,MDR,MDR,2
MDR,1416,MDR,MDR,MDR,2
MDR,1417,MDR,MDR,MDR,2
MDR,1418,MDR,MDR,MDR,2
P,1419,P,P,P,0
W,1420,W_remove,W_remove,W_remove,3
P/QP,1421,P/QP,P/QP,P/QP,0
W,1422,W_remove,W_remove,W_remove,3
LDR,1423,LDR,LDR,LDR,1
W,1424,W_remove,W_remove,W_remove,3
W,1425,W_remove,W_remove,W_remove,3
LI/O,1426,LI/O,LI/O,LI/O,0
LI/O,1427,LI/O,LI/O,LI/O,0
P/QP,1428,P/QP,P/QP,P/QP,0
P/QP,1429,P/QP,P/QP,P/QP,0
P,1430,P_remove,P_remove,P_remove,3
P/QP,1431,P/QP,P/QP,P/QP,0
W,1432,W_remove,W_remove,W_remove,3
HR,1433,HR_remove,HR_remove,HR_remove,3
HR,1434,HR_remove,HR_remove,HR_remove,3
HR,1435,HR_remove,HR_remove,HR_remove,3
HR,1436,HR_remove,HR_remove,HR_remove,3
HR,1437,HR_remove,HR_remove,HR_remove,3
HR,1438,HR_remove,HR_remove,HR_remove,3
HR,1439,HR_remove,HR_remove,HR_remove,3
HR,1440,HR_remove,HR_remove,HR_remove,3
HR,1441,HR_remove,HR_remove,HR_remove,3
HR,1442,HR_remove,HR_remove,HR_remove,3
HR,1443,HR_remove,HR_remove,HR_remove,3
HR,1444,HR_remove,HR_remove,HR_remove,3
HR,1445,HR_remove,HR_remove,HR_remove,3
HR,1446,HR_remove,HR_remove,HR_remove,3
HR,1447,HR_remove,HR_remove,HR_remove,3
HR,1448,HR_remove,HR_remove,HR_remove,3
HR,1449,HR_remove,HR_remove,HR_remove,3
HR,1450,HR_remove,HR_remove,HR_remove,3
HR,1451,HR_remove,HR_remove,HR_remove,3
HR,1452,HR_remove,HR_remove,HR_remove,3
HR,1453,HR_remove,HR_remove,HR_remove,3
HR,1454,HR_remove,HR_remove,HR_remove,3
HR,1455,HR_remove,HR_remove,HR_remove,3
HRR,1456,HRR_remove,HRR_remove,HRR_remove,3
HRR,1457,HRR_remove,HRR_remove,HRR_remove,3
HRR,1458,HRR_remove,HRR_remove,HRR_remove,3
HRR,1459,HRR_remove,HRR_remove,HRR_remove,3
HRR,1460,HRR_remove,HRR_remove,HRR_remove,3
HRR,1461,HRR_remove,HRR_remove,HRR_remove,3
HRR,1462,HRR_remove,HRR_remove,HRR_remove,3
LDR,1463,LDR_remove,LDR_remove,LDR_remove,3
LDR,1464,LDR_remove,LDR_remove,LDR_remove,3
LDR,1465,LDR_remove,LDR_remove,LDR_remove,3
LDR,1466,LDR_remove,LDR_remove,LDR_remove,3
LDR,1467,LDR_remove,LDR_remove,LDR_remove,3
LDR,1468,LDR_remove,LDR_remove,LDR_remove,3
LDR,1469,LDR_remove,LDR_remove,LDR_remove,3
LDR,1470,LDR_remove,LDR_remove,LDR_remove,3
LDR,1471,LDR_remove,LDR_remove,LDR_remove,3
LDR,1472,LDR_remove,LDR_remove,LDR_remove,3
LDR,1473,LDR_remove,LDR_remove,LDR_remove,3
LDR,1474,LDR_remove,LDR_remove,LDR_remove,3
LDR,1475,LDR_remove,LDR_remove,LDR_remove,3
LDR,1476,LDR_remove,LDR_remove,LDR_remove,3
LDR,1477,LDR_remove,LDR_remove,LDR_remove,3
LDR,1478,LDR_remove,LDR_remove,LDR_remove,3
LDR,1479,LDR_remove,LDR_remove,LDR_remove,3
LDR,1480,LDR_remove,LDR_remove,LDR_remove,3
LDR,1481,LDR_remove,LDR_remove,LDR_remove,3
LDR,1482,LDR_remove,LDR_remove,LDR_remove,3
LDR,1483,LDR,LDR,LDR,1
LDR,1484,LDR_remove,LDR_remove,LDR_remove,3
LDR,1485,LDR_remove,LDR_remove,LDR_remove,3
LDR,1486,LDR_remove,LDR_remove,LDR_remove,3
LDR,1487,LDR_remove,LDR_remove,LDR_remove,3
LDR,1488,LDR_remove,LDR_remove,LDR_remove,3
LDR,1489,LDR_remove,LDR_remove,LDR_remove,3
LDR,1490,LDR_remove,LDR_remove,LDR_remove,3
LDR,1491,LDR_remove,LDR_remove,LDR_remove,3
LDR,1492,LDR_remove,LDR_remove,LDR_remove,3
LDR,1493,LDR_remove,LDR_remove,LDR_remove,3
LDR,1494,LDR_remove,LDR_remove,LDR_remove,3
LDR,1495,LDR_remove,LDR_remove,LDR_remove,3
LDR,1496,LDR_remove,LDR_remove,LDR_remove,3
LDR,1497,LDR_remove,LDR_remove,LDR_remove,3
LDR,1498,LDR_remove,LDR_remove,LDR_remove,3
LDR,1499,LDR_remove,LDR_remove,LDR_remove,3
LDR,1500,LDR_remove,LDR_remove,LDR_remove,3
LDR,1501,LDR_remove,LDR_remove,LDR_remove,3
LDR,1502,LDR_remove,LDR_remove,LDR_remove,3
LDR,1503,LDR,LDR,LDR,1
MDR,1504,MDR_remove,MDR_remove,MDR_remove,3
MDR,1505,MDR_remove,MDR_remove,MDR_remove,3
MDR,1506,MDR_remove,MDR_remove,MDR_remove,3
MDR,1507,MDR_remove,MDR_remove,MDR_remove,3
MDR,1508,MDR_remove,MDR_remove,MDR_remove,3
MIN,1509,MIN_remove,MIN_remove,MIN_remove,3
MIN,1510,MIN_remove,MIN_remove,MIN_remove,3
OS,1511,OS_remove,OS_remove,OS_remove,3
OS,1512,OS_remove,OS_remove,OS_remove,3
OS,1513,OS_remove,OS_remove,OS_remove,3
OS,1514,OS_remove,OS_remove,OS_remove,3
OS,1515,OS,OS,OS,0
OS,1516,OS_remove,OS_remove,OS_remove,3
OS,1517,OS,OS,OS,3
OS,1518,OS_remove,OS_remove,OS_remove,3
C,1519,C,C,C,0
MAR,1520,MAR_remove,MAR_remove,MAR_remove,3
NC,1521,NC_remove,NC_remove,NC_remove,3
RET/O,1522,RET/O,RET/O,RET/O,0
W,1523,W_remove,W_remove,W_remove,3
GC,1525,GC,GC,GC,0
GC,1526,GC,GC,GC,0
GC,1527,GC_remove,GC_remove,GC_remove,3
HDR,1528,HDR_remove,HDR_remove,HDR_remove,3
HDR,1529,HDR_remove,HDR_remove,HDR_remove,3
HDR,1530,HDR_remove,HDR_remove,HDR_remove,3
HDR,1531,HDR_remove,HDR_remove,HDR_remove,3
HDR,1532,HDR,HDR,HDR,2
HDR,1533,HDR,HDR,HDR,2
HDR,1534,HDR,HDR,HDR,2
HDR,1535,HDR_remove,HDR_remove,HDR_remove,3
HDR,1536,HDR_remove,HDR_remove,HDR_remove,3
HDR,1537,HDR,HDR,HDR,2
HDR,1538,HDR_remove,HDR_remove,HDR_remove,3
HDR,1539,HDR_remove,HDR_remove,HDR_remove,3
HDR,1540,HDR,HDR,HDR,2
HDR,1541,HDR,HDR,HDR,2
HDR,1542,HDR,HDR,HDR,2
HDR,1543,HDR_remove,HDR_remove,HDR_remove,3
HDR,1544,HDR,HDR,HDR,2
HDR,1545,HDR,HDR,HDR,2
HDR,1546,HDR,HDR,HDR,2
HDR,1547,HDR,HDR,HDR,2
HDR,1548,HDR,HDR,HDR,2
HDR,1549,HDR,HDR,HDR,2
HDR,1550,HDR,HDR,HDR,2
HDR,1551,HDR_remove,HDR_remove,HDR_remove,3
HDR,1552,HDR_remove,HDR_remove,HDR_remove,3
HR,1553,HR_remove,HR_remove,HR_remove,3
HR,1554,HR_remove,HR_remove,HR_remove,3
HR,1555,HR_remove,HR_remove,HR_remove,3
HR,1556,HR_remove,HR_remove,HR_remove,3
HRR,1557,HRR,HRR,HRR,1
HRR,1558,HRR_remove,HRR_remove,HRR_remove,3
HRR,1559,HRR_remove,HRR_remove,HRR_remove,3
HRR,1560,HRR_remove,HRR_remove,HRR_remove,3
HRR,1561,HRR_remove,HRR_remove,HRR_remove,3
LDR,1562,LDR,LDR,LDR,1
LDR,1563,LDR_remove,LDR_remove,LDR_remove,3
LDR,1564,LDR_remove,LDR_remove,LDR_remove,3
LDR,1565,LDR_remove,LDR_remove,LDR_remove,3
LDR,1566,LDR_remove,LDR_remove,LDR_remove,3
LDR,1567,LDR_remove,LDR_remove,LDR_remove,3
LDR,1568,LDR_remove,LDR_remove,LDR_remove,3
LDR,1569,LDR_remove,LDR_remove,LDR_remove,3
LDR,1570,LDR_remove,LDR_remove,LDR_remove,3
LDR,1571,LDR_remove,LDR_remove,LDR_remove,3
LDR,1572,LDR_remove,LDR_remove,LDR_remove,3
LDR,1573,LDR_remove,LDR_remove,LDR_remove,3
LDR,1574,LDR_remove,LDR_remove,LDR_remove,3
LDR,1575,LDR_remove,LDR_remove,LDR_remove,3
LDR,1576,LDR_remove,LDR_remove,LDR_remove,3
LDR,1577,LDR_remove,LDR_remove,LDR_remove,3
LDR,1578,LDR_remove,LDR_remove,LDR_remove,3
LDR,1579,LDR_remove,LDR_remove,LDR_remove,3
LDR,1580,LDR_remove,LDR_remove,LDR_remove,3
LDR,1581,LDR_remove,LDR_remove,LDR_remove,3
LDR,1582,LDR_remove,LDR_remove,LDR_remove,3
LDR,1583,LDR_remove,LDR_remove,LDR_remove,3
LDR,1584,LDR_remove,LDR_remove,LDR_remove,3
LDR,1585,LDR_remove,LDR_remove,LDR_remove,3
LDR,1586,LDR_remove,LDR_remove,LDR_remove,3
LDR,1587,LDR_remove,LDR_remove,LDR_remove,3
LDR,1588,LDR_remove,LDR_remove,LDR_remove,3
LDR,1589,LDR_remove,LDR_remove,LDR_remove,3
LDR,1590,LDR_remove,LDR_remove,LDR_remove,3
LDR,1591,LDR,LDR,LDR,1
LDR,1592,LDR_remove,LDR_remove,LDR_remove,3
LDR,1593,LDR_remove,LDR_remove,LDR_remove,3
LDR,1594,LDR_remove,LDR_remove,LDR_remove,3
LDR,1595,LDR_remove,LDR_remove,LDR_remove,3
LDR,1596,LDR_remove,LDR_remove,LDR_remove,3
LDR,1597,LDR_remove,LDR_remove,LDR_remove,3
LDR,1598,LDR_remove,LDR_remove,LDR_remove,3
LDR,1599,LDR_remove,LDR_remove,LDR_remove,3
LDR,1600,LDR_remove,LDR_remove,LDR_remove,3
LDR,1601,LDR_remove,LDR_remove,LDR_remove,3
LDR,1602,LDR_remove,LDR_remove,LDR_remove,3
LDR,1603,LDR_remove,LDR_remove,LDR_remove,3
LDR,1604,LDR_remove,LDR_remove,LDR_remove,3
LDR,1605,LDR_remove,LDR_remove,LDR_remove,3
LDR,1606,LDR_remove,LDR_remove,LDR_remove,3
LDR,1607,LDR_remove,LDR_remove,LDR_remove,3
LDR,1608,LDR_remove,LDR_remove,LDR_remove,3
LDR,1609,LDR_remove,LDR_remove,LDR_remove,3
LDR,1610,LDR_remove,LDR_remove,LDR_remove,3
LDR,1611,LDR_remove,LDR_remove,LDR_remove,3
LDR,1612,LDR_remove,LDR_remove,LDR_remove,3
LDR,1613,LDR,LDR,LDR,1
LDR,1614,LDR_remove,LDR_remove,LDR_remove,3
LDR,1615,LDR_remove,LDR_remove,LDR_remove,3
LDR,1616,LDR_remove,LDR_remove,LDR_remove,3
LDR,1617,LDR,LDR,LDR,1
LDR,1618,LDR_remove,LDR_remove,LDR_remove,3
LDR,1619,LDR_remove,LDR_remove,LDR_remove,3
LDR,1620,LDR_remove,LDR_remove,LDR_remove,3
LDR,1621,LDR_remove,LDR_remove,LDR_remove,3
LDR,1622,LDR_remove,LDR_remove,LDR_remove,3
LDR,1623,LDR_remove,LDR_remove,LDR_remove,3
LDR,1624,LDR_remove,LDR_remove,LDR_remove,3
LDR,1625,LDR_remove,LDR_remove,LDR_remove,3
LDR,1626,LDR_remove,LDR_remove,LDR_remove,3
LDR,1627,LDR_remove,LDR_remove,LDR_remove,3
LDR,1628,LDR_remove,LDR_remove,LDR_remove,3
LDR,1629,LDR_remove,LDR_remove,LDR_remove,3
LDR,1630,LDR_remove,LDR_remove,LDR_remove,3
LDR,1631,LDR_remove,LDR_remove,LDR_remove,3
LDR,1632,LDR_remove,LDR_remove,LDR_remove,3
MDR,1633,MDR_remove,MDR_remove,MDR_remove,3
MDR,1634,MDR_remove,MDR_remove,MDR_remove,3
MDR,1635,MDR_remove,MDR_remove,MDR_remove,3
MDR,1636,MDR_remove,MDR_remove,MDR_remove,3
O,1637,O_remove,O_remove,O_remove,3
O,1638,O_remove,O_remove,O_remove,3
OS,1639,OS,OS,OS,0
OS,1640,OS_remove,OS_remove,OS_remove,3
OS,1641,OS_remove,OS_remove,OS_remove,3
OS,1642,OS_remove,OS_remove,OS_remove,3
OS,1643,OS_remove,OS_remove,OS_remove,3
OS,1644,OS,OS,OS,0
OS,1645,OS,OS,OS,0
OS,1646,OS_remove,OS_remove,OS_remove,3
OS,1647,OS_remove,OS_remove,OS_remove,3
P,1648,P_remove,P_remove,P_remove,3
P,1649,P_remove,P_remove,P_remove,3
P,1650,P_remove,P_remove,P_remove,3
P,1651,P,P,P,0
P/QP,1652,P/QP,P/QP,P/QP,0
P/QP,1653,P/QP,P/QP,P/QP,0
ROW,1654,ROW_remove,ROW_remove,ROW_remove,3
ROW,1655,ROW_remove,ROW_remove,ROW_remove,3
WEV,9993,WEV_MF,WEV_MF,WEV_MF,2
WEV,9993,WEV_MF,HO_MF,HO_MF,2
HO,9993,HO_MF,WEV_MF,WEV_MF,2
HO,9993,HO_MF,HO_MF,HO_MF,2
5MR/O,9994,5MR/O_MF,5MR/O_MF,5MR/O_MF,2
2/3MU,9995,2/3MU_MF,2/3MU_MF,2/3MU_MF,2
2/3MU,9996,2/3MU_SF,2/3MU_SF,2/3MU_SF,1
2/3MU,9997,2/3MU_MF,2/3MU_MF,2/3MU_MF,2
2/3MU,9998,2/3MU_MF,2/3MU_MF,2/3MU_MF,2
OS,9999,OS_remove,OS_remove,OS_remove,3
